Company,DIV'D,CMRK,TechRank,^vCM,HISTVO,INDUST,CMPRICE,VOLF,TKR,C/P,STRIKE,OPTKR,Record Number,EXPDAY,OI,VOL,BID,ASK,EST,DLTA,Bid oprk,Ask oprk,Bid UN/OV,Ask UN/OV,RVOPT,10%,-10%,CCMPRK,CCMPBE,CCMPRV,CCPWPA,CCPWPT,CCPWMX,I/OTM,THETA,Bid Implied,Ask Implied,VOLFADJ,PrtbStrk VOLF,Bid PrtbStrk Implied,Ask PrtbStrk Implied,PctDble,Margin,Yld Margin,Max Margin,ROBUY,ROWRT,ROCCMP,01/24/2022
Snap Inc,0,1,1,,0.63785,Internet,31.71,0.63787,SNAP,P,28,SNAP  220204P00028000,170530,2/4/2022 12:00:00 AM,95,898,1.49,1.57,0.35178,26.88537,5,3,0.92952,0.98795,763.7296,-0.43876,0.70544,3,26.52629,35.89097,1.72728,0.16457,0.05679,-0.117,-11.11224,1.39095,1.43307,0.72088,0.16944,0.31007,0.31522,0.14176,0.1,0.47047,0.46988,320073,314935,206864
GameStop Corp Holding Company,0,3,3,e,0.93136,Retail (Hardlines),99.5,0.56646,GME,P,90,GME   220204P00090000,91024,2/4/2022 12:00:00 AM,329,855,5.6,6.4,0.45178,30.45868,5,3,2.03031,2.30235,444.3405,-0.40802,0.62276,5,84.45237,26.25989,2.03587,0.15234,0.06693,-0.09548,-38.6157,1.41079,1.53744,0.46556,0.11592,0.34658,0.35865,0.16058,0.10452,0.53904,0.53846,337068,315508,336313
GameStop Corp Holding Company,0,3,3,e,0.93136,Retail (Hardlines),99.5,0.59691,GME,P,90,GME   220211P00090000,193638,2/11/2022 12:00:00 AM,69,150,6.7,8.25,0.87745,31.49443,5,3,1.74741,2.16631,361.6761,-0.35159,0.49949,5,83.38292,26.76794,1.56284,0.16374,0.08135,-0.09548,-28.60973,1.26095,1.45321,0.45896,0.16675,0.36242,0.38002,0.2002,0.10452,0.64515,0.64423,335650,315410,334819
Twilio Inc,0,1,3,,0.56613,E-Commerce,197.8,0.5847,TWLO,P,175,TWLO  220211P00175000,373079,2/11/2022 12:00:00 AM,7,24,7.2,8.2,2.62312,25.4864,5,3,0.57455,0.68835,761.7507,-0.49637,0.85949,3,167.9612,28.63775,0.84199,0.15259,0.04383,-0.11527,-37.45834,0.95539,1.02444,0.60677,0.18638,0.28567,0.29878,0.11635,0.1,0.36493,0.364,300682,310602,130946
ION Geophysical Corporation New,0,3,3,ev,0.95411,Oilfield Svcs/Equip.,0.95,0.95621,IO,P,1,IO    220218P00001000,106758,2/18/2022 12:00:00 AM,248,1,0.25,0.3,0.11862,40.09089,5,3,1.46703,2.03966,229.6563,-0.13181,0.14654,5,0.75126,66.15517,3.76129,0.21053,0.33459,0.05263,-0.45927,2.1983,2.70855,0.89107,0.58331,0.53398,0.52759,0.68239,0.2,1.05389,1.31579,333929,315024,333147
Fisker Inc,0,3,3,,0.63879,Automotive,11.94,0.41469,FSR,P,10,FSR   220218P00010000,42567,2/18/2022 12:00:00 AM,1018,480,0.63,0.67,0.04276,23.87514,5,3,1.62469,1.71313,379.8797,-0.36042,0.53501,5,9.38261,20.25761,0.96159,0.2165,0.0685,-0.16248,-2.30607,1.20258,1.2431,0.45818,0.07211,0.28898,0.29521,0.18691,0.1,0.5289,0.52764,327630,315310,327042
LendingClub Corporation,0,1,2,,0.63654,Internet,21.08,0.71515,LC,P,19,LC    220218P00019000,91573,2/18/2022 12:00:00 AM,326,123,1.6,1.65,0.64751,31.24724,5,3,0.71963,0.75607,524.6842,-0.33954,0.48313,3,17.42396,39.85817,1.30859,0.17583,0.09321,-0.09867,-4.54515,1.1845,1.2096,0.68881,0.28368,0.36972,0.37233,0.20699,0.10133,0.75032,0.74906,306281,313325,149060
Snap Inc,0,1,1,,0.63785,Internet,31.71,0.63832,SNAP,P,28,SNAP  220218P00028000,124336,2/18/2022 12:00:00 AM,185,2659,1.84,1.92,0.52472,28.14094,5,3,0.87161,0.92064,513.5182,-0.38621,0.58244,3,26.1953,29.83722,1.00511,0.17628,0.0716,-0.117,-5.90989,1.07159,1.09966,0.57255,0.20539,0.33016,0.33423,0.17169,0.1,0.58152,0.58026,316848,314656,190851
Snap Inc,0,1,1,,0.63785,Internet,31.71,0.63832,SNAP,P,29,SNAP  220218P00029000,162321,2/18/2022 12:00:00 AM,105,5423,2.19,2.27,0.61199,32.25169,5,3,1.08307,1.13531,436.4647,-0.37695,0.55565,3,26.84656,30.18818,1.16444,0.15579,0.08295,-0.08546,-6.16481,1.05289,1.07929,0.50545,0.25093,0.37358,0.37657,0.17997,0.11454,0.60423,0.60297,325364,315268,237845
Cloudflare Inc,0,1,1,,0.63311,Computer Software/Svcs,93.67,0.65221,NET,P,85,NET   220218P00085000,88732,2/18/2022 12:00:00 AM,344,467,6.1,6.5,2.97262,31.27156,5,3,0.53834,0.60497,594.0601,-0.38098,0.56539,3,79.00717,39.25971,1.10306,0.15894,0.07857,-0.09256,-17.96781,1.0429,1.08807,0.67794,0.2933,0.36187,0.36738,0.17687,0.10744,0.60738,0.60612,292362,309658,108516
GameStop Corp Holding Company,0,3,3,e,0.93136,Retail (Hardlines),99.5,0.62342,GME,P,90,GME   220218P00090000,78297,2/18/2022 12:00:00 AM,423,1364,8.5,9.35,1.35557,32.09595,5,3,1.73761,1.93033,311.1446,-0.30583,0.41851,5,81.61347,27.57398,1.48183,0.18217,0.10556,-0.09548,-23.84283,1.27003,1.35944,0.46392,0.20593,0.38218,0.38972,0.23894,0.10452,0.81857,0.81731,332210,315404,331431
GameStop Corp Holding Company,0,3,3,e,0.93136,Retail (Hardlines),99.5,0.62342,GME,P,95,GME   220218P00095000,89992,2/18/2022 12:00:00 AM,335,479,10.35,11.55,2.51419,37.83337,5,3,1.82692,2.10312,276.3615,-0.29702,0.39694,5,84.76978,30.13358,1.73416,0.15051,0.12353,-0.04523,-24.52819,1.21586,1.33465,0.4301,0.33938,0.44176,0.44691,0.25193,0.15477,0.67334,0.67208,334821,315461,334050
Analog Devices Inc,0.01693,2,2,,0.32494,Semiconductor,160.9,0.28632,ADI,P,135,ADI1  220218P00135000,666857,2/18/2022 12:00:00 AM,0,0,31.9,35.5,0.52959,26.82697,5,3,5.4193,5.9936,105.5554,-0.11934,0.13773,5,103.2702,22.03041,4.36132,0.36049,0.31067,-0.16097,-80.57286,2.84664,3.10131,0.44345,0.06899,0.40863,0.41601,0.72604,0.1,1.98386,1.9826,346056,315596,345698
Analog Devices Inc,0.01693,2,2,,0.32494,Semiconductor,160.9,0.28632,ADI,P,140,ADI1  220218P00140000,595435,2/18/2022 12:00:00 AM,0,0,37.1,40.5,0.77976,27.95936,5,3,6.36847,6.94561,87.94258,-0.10842,0.12417,5,103.0765,21.14245,5.07919,0.36173,0.36181,-0.12989,-86.45275,3.00884,3.24451,0.40834,0.10076,0.43119,0.43615,0.80532,0.1,2.30704,2.30578,346517,315600,346262
Analog Devices Inc,0.01693,2,2,,0.32494,Semiconductor,160.9,0.28632,ADI,P,145,ADI1  220218P00145000,717088,2/18/2022 12:00:00 AM,0,0,42,45.5,0.90029,28.96524,5,3,8.11377,8.80647,68.10127,-0.1,0.11363,5,103.1828,18.46749,5.74212,0.36111,0.40903,-0.09882,-91.58199,3.13778,3.37627,0.34429,0.12862,0.45053,0.45401,0.88006,0.10118,2.58111,2.57985,347058,315602,346934
Analog Devices Inc,0.01693,2,2,,0.32494,Semiconductor,160.9,0.28632,ADI,P,150,ADI1  220218P00150000,595436,2/18/2022 12:00:00 AM,0,0,46.8,50.5,1.12131,29.86669,5,3,10.45754,11.33411,52.01224,-0.09303,0.10501,5,103.3891,15.68831,6.38398,0.35987,0.45475,-0.06774,-96.22281,3.24993,3.49857,0.28365,0.17688,0.46775,0.47003,0.95233,0.13226,2.20051,2.19925,347428,315603,347371
Analog Devices Inc,0.01693,2,2,,0.32494,Semiconductor,160.9,0.28632,ADI,P,155,ADI1  220218P00155000,766822,2/18/2022 12:00:00 AM,0,0,52.5,55.5,1.77685,30.54884,5,3,13.10235,13.9267,40.8813,-0.08586,0.09657,5,102.6954,13.69154,7.20813,0.36422,0.51346,-0.03667,-101.1879,3.41305,3.61256,0.24202,0.28123,0.48362,0.48452,1.03548,0.16333,1.99898,1.99772,347598,315604,347576
Avis Budget Group Inc,0,2,1,v,0.73149,Retail (Hardlines),176.97,0.62942,CAR,P,160,CAR   220218P00160000,217806,2/18/2022 12:00:00 AM,50,12,12,14.1,3.54506,31.34164,5,3,0.97588,1.20421,439.3526,-0.35465,0.50859,4,148.2017,31.90288,1.15595,0.16496,0.08234,-0.09589,-36.65696,1.08608,1.21159,0.54967,0.2433,0.36238,0.37614,0.19662,0.10411,0.65259,0.65132,318540,313399,285930
Twilio Inc,0,1,3,,0.56613,E-Commerce,197.8,0.58988,TWLO,P,175,TWLO  220218P00175000,156890,2/18/2022 12:00:00 AM,113,66,8.35,8.75,3.14667,26.22576,5,3,0.58715,0.62885,646.384,-0.46841,0.78261,3,166.8706,27.10092,0.7211,0.15874,0.05137,-0.11527,-29.3869,0.88566,0.90893,0.55802,0.20305,0.30033,0.30501,0.12778,0.1,0.4234,0.42214,294856,310911,115020
ServiceNow Inc,0,1,2,,0.37555,IT Service,525.05,0.39088,NOW,P,460,NOW   220218P00460000,102933,2/18/2022 12:00:00 AM,265,9,14.1,15.7,4.7054,22.19835,5,3,0.53999,0.62063,725.4253,-0.56181,1.08422,3,446.48,19.5662,0.46162,0.15201,0.03288,-0.12389,-59.69063,0.73299,0.77137,0.47597,0.1466,0.24745,0.2583,0.09223,0.1,0.26981,0.26855,294031,309715,112846
Virgin Galactic Holdings Inc,0,3,3,,0.73605,Recreation,8.57,0.54874,SPCE,P,8,SPCE  220225P00008000,241549,2/25/2022 12:00:00 AM,37,55,0.75,0.88,0.21302,35.25097,5,3,1.28775,1.5906,311.4506,-0.31696,0.43276,4,7.2628,29.28834,1.1619,0.15563,0.10505,-0.06651,-1.56812,1.02642,1.1623,0.44866,0.30082,0.40975,0.42015,0.23108,0.13349,0.65719,0.65559,323988,314079,323876
GameStop Corp Holding Company,0,3,3,e,0.93136,Retail (Hardlines),99.5,0.64669,GME,P,95,GME   220225P00095000,263844,2/25/2022 12:00:00 AM,28,12,11.1,13.5,3.17611,37.6218,5,3,1.5814,2.05721,252.3978,-0.26827,0.34543,5,84.05203,30.94532,1.48102,0.15838,0.1339,-0.04523,-21.30576,1.14658,1.35792,0.44417,0.35998,0.44477,0.45332,0.28949,0.15477,0.72238,0.72078,334198,315267,333398
Block Inc,0,1,2,,0.54158,Computer Software/Svcs,116.94,0.57037,SQ,P,105,SQ    220225P00105000,181256,2/25/2022 12:00:00 AM,81,440,6,7,2.57519,29.1884,5,3,0.56817,0.72457,526.7914,-0.42046,0.65343,3,99.16803,28.63652,0.68804,0.15501,0.06221,-0.1021,-15.7576,0.8308,0.91366,0.52979,0.24631,0.33086,0.34537,0.15304,0.1,0.51468,0.51308,303808,310445,140678
Virgin Galactic Holdings Inc,0,3,3,,0.73605,Recreation,8.57,0.56179,SPCE,P,8,SPCE  220304P00008000,250582,3/4/2022 12:00:00 AM,33,13,0.81,1.04,0.25906,35.33058,5,3,1.17133,1.64963,279.2158,-0.28639,0.37462,5,7.20552,29.8478,1.04569,0.16297,0.1146,-0.06651,-1.43019,0.99056,1.20876,0.4562,0.31968,0.41457,0.42981,0.26693,0.13349,0.70998,0.70804,325814,312601,325473
Zillow Group Inc,0,1,3,,0.56603,Internet,53.21,0.61126,Z,P,48,Z     220304P00048000,288889,3/4/2022 12:00:00 AM,21,41,2.97,3.2,1.28501,29.84615,5,3,0.58892,0.66542,478.7715,-0.41334,0.63835,3,45.12311,27.17437,0.61955,0.15567,0.0679,-0.09791,-6.01839,0.78121,0.81882,0.49166,0.25945,0.34239,0.34926,0.15665,0.10209,0.5487,0.54676,298527,310948,124813
Block Inc,0,1,2,,0.54158,Computer Software/Svcs,116.94,0.56786,SQ,P,105,SQ    220304P00105000,279867,3/4/2022 12:00:00 AM,23,93,6.8,7.75,2.94786,29.80738,5,3,0.58754,0.72529,464.8707,-0.39048,0.58636,3,98.40367,28.37001,0.64957,0.16219,0.07119,-0.1021,-14.0774,0.81593,0.88673,0.51396,0.25966,0.3424,0.35439,0.17054,0.1,0.58343,0.58149,303866,310922,140857
Wayfair Inc,0,2,3,,0.67825,Internet,152.59,0.63685,W,P,140,W     220304P00140000,376239,3/4/2022 12:00:00 AM,7,11,11,12.8,4.04923,32.92003,5,3,0.8407,1.05006,373.0836,-0.35289,0.50364,3,129.2716,28.67823,0.7958,0.15654,0.08721,-0.08251,-20.60482,0.8659,0.96439,0.47042,0.28589,0.37935,0.39135,0.19855,0.11749,0.61551,0.61357,309500,310985,266133
Senseonics Holdings Inc,0,3,3,e,0.84572,Medical Supplies  (Noninvasive),2.37,0.82745,SENS,P,2.5,SENS  220318P00002500,92834,3/18/2022 12:00:00 AM,318,23,0.61,0.7,0.31059,40.99142,5,3,1.26323,1.6507,180.8033,-0.139,0.15889,5,1.89655,49.75979,1.73434,0.20253,0.32537,0.05485,-0.52056,1.48357,1.73756,0.65551,0.57981,0.53546,0.53028,0.62938,0.2,1.01528,1.28692,325860,313838,325501
Virgin Galactic Holdings Inc,0,3,3,,0.73605,Recreation,8.57,0.584,SPCE,P,8,SPCE  220318P00008000,45673,3/18/2022 12:00:00 AM,929,169,1.05,1.08,0.34659,35.228,5,3,1.23442,1.2865,248.8951,-0.2493,0.32231,4,6.97095,30.67837,1.03888,0.19165,0.1537,-0.06651,-1.18477,1.05076,1.07525,0.47026,0.34643,0.42984,0.43143,0.31026,0.13349,0.92045,0.91783,308522,313500,311892
Fisker Inc,0,3,3,,0.63879,Automotive,11.94,0.47255,FSR,P,10,FSR   220318P00010000,7809,3/18/2022 12:00:00 AM,5806,98,0.92,0.99,0.11945,25.94785,5,3,1.45709,1.56858,256.966,-0.27913,0.37818,4,9.10619,20.28786,0.70256,0.24215,0.10394,-0.16248,-1.44221,1.03741,1.08448,0.42221,0.13394,0.32602,0.33311,0.26442,0.1,0.77314,0.77052,323225,314995,323185
Altice USA Inc,0,2,4,,0.40962,Cable TV,14.32,0.39905,ATUS,P,13,ATUS  220318P00013000,49281,3/18/2022 12:00:00 AM,836,8,0.85,1,0.221,30.97891,5,3,1.04404,1.2749,302.5515,-0.39155,0.58544,4,12.18404,19.18685,0.49057,0.15415,0.07258,-0.09218,-1.2731,0.68363,0.76084,0.33445,0.22002,0.35281,0.36715,0.17081,0.10782,0.55314,0.55052,321636,314130,292955
Build A Bear Workshop Inc,0,1,2,e,0.74238,Recreation,17.74,0.58276,BBW,P,15,BBW   220318P00015000,159974,3/18/2022 12:00:00 AM,109,31,1,1.2,0.36329,25.1814,5,3,0.61086,0.7861,401.2391,-0.33962,0.48707,3,14.03928,24.44368,0.5005,0.21344,0.07405,-0.15445,-1.76735,0.84438,0.93624,0.52418,0.19902,0.29992,0.31805,0.20531,0.1,0.56632,0.5637,308495,311438,157010
Build A Bear Workshop Inc,0,1,2,e,0.74238,Recreation,17.74,0.58276,BBW,P,16.25,BBW   220318P00016250,249046,3/18/2022 12:00:00 AM,34,5,1.5,1.7,0.61962,33.14411,5,3,0.76719,0.93682,328.0296,-0.31344,0.43043,3,14.79255,29.23188,0.70508,0.17116,0.10431,-0.08399,-1.98539,0.84164,0.92243,0.47626,0.31094,0.39009,0.3995,0.23233,0.11601,0.73148,0.72886,317671,313879,194754
Kite Realty Group Trust New,0.03636,3,3,,0.45591,R.E.I.T.,20.84,0.41213,KRG,P,25,KRG1  220318P00025000,826736,3/18/2022 12:00:00 AM,0,0,10.8,14.3,4.508,32.50948,5,3,4.55425,7.22663,46.11587,-0.05769,0.05123,5,14.26547,27.52891,3.17837,0.31862,0.76318,0.19962,-8.32392,2.53979,3.76179,0.45727,0.85325,0.57501,0.5508,1.95208,0.2,1.59571,2.59117,346526,315591,346502
Snap Inc,0,1,1,,0.63785,Internet,31.71,0.63853,SNAP,P,29,SNAP  220318P00029000,203142,3/18/2022 12:00:00 AM,61,191,2.72,2.86,1.05857,32.92536,5,3,0.82685,0.89465,328.4781,-0.3177,0.4401,3,26.35594,28.54385,0.71729,0.17386,0.10612,-0.08546,-3.49525,0.85522,0.88696,0.46814,0.30479,0.38991,0.39376,0.22722,0.11454,0.75152,0.7489,315483,314423,184688
Snap Inc,0,1,1,,0.63785,Internet,31.71,0.63853,SNAP,P,30,SNAP  220318P00030000,60551,3/18/2022 12:00:00 AM,624,416,3.1,3.25,1.32995,36.65456,5,3,0.87312,0.94638,305.3317,-0.31277,0.42709,3,26.97856,30.25359,0.79665,0.15431,0.11786,-0.05393,-3.5465,0.83485,0.8675,0.4457,0.36744,0.42827,0.43094,0.23414,0.14607,0.67188,0.66926,318151,314668,197092
Twitter Inc,0,1,3,,0.50715,Internet,35,0.53941,TWTR,P,32,TWTR  220318P00032000,74030,3/18/2022 12:00:00 AM,463,1397,2.16,2.28,0.92668,31.59927,5,3,0.6467,0.70714,389.2437,-0.40318,0.61236,3,29.9238,24.22318,0.50698,0.15005,0.075,-0.08571,-3.01351,0.68165,0.70667,0.41395,0.28121,0.3625,0.36718,0.1633,0.11429,0.54262,0.54,302318,312140,135899
Uber Technologies Inc,0,1,4,,0.57447,Computer Software/Svcs,36.34,0.52549,UBER,P,32.5,UBER  220318P00032500,13649,3/18/2022 12:00:00 AM,3538,2423,1.86,1.94,0.75122,28.35064,5,3,0.6023,0.64334,424.5885,-0.43002,0.68095,3,30.72511,21.66986,0.42802,0.15947,0.06332,-0.10567,-2.87658,0.66135,0.67829,0.41275,0.23578,0.3266,0.33066,0.14685,0.1,0.51445,0.51183,296348,311249,118857
MillerKnoll Inc,0.02031,3,3,,0.43998,Furn/Home Furnishings,38.28,0.44743,MLKN,P,35,MLKN1 220318P00035000,675345,3/18/2022 12:00:00 AM,0,0,10.8,13.7,0.7616,27.94121,5,3,5.44438,7.10781,57.2701,-0.08548,0.08959,5,24.29165,18.28079,3.03423,0.37043,0.4489,-0.08568,-11.67413,2.2768,2.86449,0.3533,0.2558,0.45944,0.46774,1.11616,0.11432,2.47063,2.46801,346480,315595,346454
Penn National Gaming Inc,0,2,3,v,0.66155,Hotel/Gaming,42.3,0.65844,PENN,P,40,PENN1 220318P00040000,347145,3/18/2022 12:00:00 AM,10,0,11.45,15,1.84407,30.17462,5,3,3.4755,4.84055,82.49652,-0.09539,0.09882,5,28.65475,25.63502,2.72851,0.32768,0.40367,-0.05437,-12.30091,2.05318,2.67941,0.45876,0.37007,0.47046,0.47736,1.01193,0.14563,1.86138,1.85877,345287,315580,344645
Clearfield Inc,0,1,1,e,0.4835,Telecom. Equipment,49.08,0.49941,CLFD,P,45,CLFD  220318P00045000,259187,3/18/2022 12:00:00 AM,30,0,3.4,4.5,1.43413,32.89361,5,3,0.69729,1.07254,329.4756,-0.34565,0.48305,3,41.71784,26.1559,0.57014,0.15502,0.08435,-0.08313,-5.01937,0.7288,0.88993,0.42939,0.29414,0.37488,0.39697,0.20702,0.11687,0.59537,0.59275,323355,313000,225328
Penn National Gaming Inc,0,2,3,v,0.66155,Hotel/Gaming,42.3,0.65844,PENN,P,45,PENN1 220318P00045000,712760,3/18/2022 12:00:00 AM,0,0,16.45,20,4.52877,32.65226,5,3,4.09266,5.41109,64.79666,-0.0747,0.07773,5,28.66784,27.76167,3.27304,0.32506,0.5788,0.06383,-14.19052,2.33814,2.94346,0.45912,0.6314,0.52627,0.52087,1.28655,0.2,1.62791,1.94444,345695,315586,345241
Kodiak Sciences Inc,0,3,3,e,0.77407,Biotechnology,62.21,0.78179,KOD,P,65,KOD   220318P00065000,209296,3/18/2022 12:00:00 AM,56,0,16.6,21.5,8.43322,38.22251,5,3,1.19161,1.93213,168.687,-0.12172,0.12946,5,48.57021,51.33991,1.94632,0.22199,0.34559,0.04485,-15.49536,1.58962,2.12673,0.72532,0.55878,0.5269,0.52011,0.77245,0.2,1.11257,1.33419,332249,312927,331464
Perficient Inc,0,1,1,e,0.39576,E-Commerce,101.19,0.36705,PRFT,P,90,PRFT  220318P00090000,747795,3/18/2022 12:00:00 AM,0,0,4,5.1,1.21299,26.83928,5,3,0.7168,0.96905,386.7619,-0.46487,0.76389,3,86.23568,16.89582,0.33208,0.15273,0.04913,-0.11058,-7.28907,0.58361,0.66936,0.33994,0.17976,0.29677,0.32084,0.13091,0.1,0.39791,0.3953,319208,313280,202460
Block Inc,0,1,2,,0.54158,Computer Software/Svcs,116.94,0.56418,SQ,P,105,SQ    220318P00105000,94345,3/18/2022 12:00:00 AM,309,3785,8,8.4,3.6509,30.36259,5,3,0.581,0.6326,402.6852,-0.3587,0.5217,3,97.27496,27.77503,0.57516,0.17313,0.08509,-0.1021,-11.34387,0.78098,0.80647,0.49398,0.28075,0.35672,0.36105,0.19168,0.1,0.68673,0.68411,295231,310755,116021
Twilio Inc,0,1,3,,0.56613,E-Commerce,197.8,0.59795,TWLO,P,180,TWLO  220318P00180000,41603,3/18/2022 12:00:00 AM,1047,19,13.1,13.95,5.92175,31.49367,5,3,0.60782,0.67726,392.7529,-0.37805,0.5591,3,167.3714,26.39753,0.54824,0.15884,0.08111,-0.08999,-18.23534,0.72773,0.75916,0.45262,0.28887,0.36458,0.36998,0.17886,0.11001,0.60464,0.60202,299651,311365,127995
Dillards Inc,0.00331,2,1,,0.68464,Retail Store,264.93,0.6818,DDS,P,250,DDS   220318P00250000,368011,3/18/2022 12:00:00 AM,8,3,26.2,32,11.97861,36.4328,5,3,0.78945,1.10889,294.2594,-0.28861,0.38071,3,224.4547,32.03455,0.809,0.15787,0.11969,-0.05635,-32.19331,0.84965,1.00132,0.47481,0.37098,0.42701,0.43796,0.26267,0.14365,0.69108,0.68846,313387,309701,274467
Akebia Therapeutics Inc,0,3,3,e,0.70495,Biotechnology,2.07,0.69994,AKBA,P,2,AKBA  220414P00002000,88501,4/14/2022 12:00:00 AM,345,14,0.5,0.6,0.17343,33.61156,5,3,1.603,2.11241,129.8986,-0.11974,0.13444,5,1.50786,34.3535,1.51976,0.27929,0.33726,-0.03382,-0.34028,1.43665,1.7178,0.55192,0.4414,0.47742,0.48111,0.74381,0.16618,1.45742,1.45349,334938,315289,334174
Senseonics Holdings Inc,0,3,3,e,0.84572,Medical Supplies  (Noninvasive),2.37,0.83883,SENS,P,2.5,SENS  220414P00002500,13402,4/14/2022 12:00:00 AM,3602,45,0.7,0.78,0.36497,38.66004,5,3,1.15063,1.43343,152.3602,-0.11647,0.13209,4,1.80982,47.39578,1.44465,0.24051,0.39282,0.05485,-0.39219,1.42376,1.61098,0.66202,0.56302,0.5294,0.52599,0.75708,0.2,1.20646,1.47679,317491,312211,318593
Beyond Air Inc,0,1,1,,0.78689,Drug,6.64,0.94092,XAIR,P,7.5,XAIR  220414P00007500,122794,4/14/2022 12:00:00 AM,190,0,2.05,2.4,1.48226,44.47475,5,3,0.59286,0.96111,189.8654,-0.12615,0.14041,3,5.47946,63.35675,1.00162,0.17922,0.38007,0.12952,-1.01774,1.22532,1.5086,0.76926,0.6275,0.5809,0.56586,0.7122,0.2,0.90001,1.54367,318852,311033,200575
Nektar Therapeutics,0,3,3,,0.61372,Drug,11.17,0.58835,NKTR,P,11,NKTR  220414P00011000,534422,4/14/2022 12:00:00 AM,0,0,2.4,3.1,0.85625,35.98598,5,3,1.64291,2.41265,125.7981,-0.13925,0.15471,5,8.64321,30.8,1.27524,0.23401,0.283,-0.01522,-1.66744,1.2215,1.57726,0.46218,0.46475,0.48665,0.48966,0.64635,0.18478,1.16672,1.16279,338052,315331,337339
Nektar Therapeutics,0,3,3,,0.61372,Drug,11.17,0.58835,NKTR,P,12,NKTR  220414P00012000,257769,4/14/2022 12:00:00 AM,30,0,2.9,3.7,1.46196,41.56243,5,3,1.45788,2.28408,123.6765,-0.1353,0.14766,5,9.14714,36.33249,1.04273,0.18532,0.32261,0.07431,-1.6782,1.16024,1.55025,0.47205,0.61969,0.54932,0.53696,0.67724,0.2,0.93052,1.29812,336891,314999,336127
Uber Technologies Inc,0,1,4,,0.57447,Computer Software/Svcs,36.34,0.52634,UBER,P,32.5,UBER  220414P00032500,31885,4/14/2022 12:00:00 AM,1452,239,2.27,2.38,1.03745,29.42811,5,3,0.55173,0.59907,342.7603,-0.37686,0.56024,3,30.35766,21.52775,0.35607,0.17206,0.07902,-0.10567,-2.20339,0.61298,0.63168,0.39503,0.26722,0.34445,0.34882,0.1785,0.1,0.62858,0.62466,291699,310027,106932
Kodiak Sciences Inc,0,3,3,e,0.77407,Biotechnology,62.21,0.79179,KOD,P,55,KOD   220414P00055000,313986,4/14/2022 12:00:00 AM,15,0,14.5,18.5,5.02441,27.86739,5,3,1.23469,1.77565,146.9872,-0.10156,0.10967,5,40.71604,38.78521,1.63102,0.35291,0.36195,-0.1159,-11.27473,1.6795,2.08607,0.75156,0.35979,0.43618,0.44854,0.91186,0.1,2.33474,2.33081,329135,313502,328429
Kodiak Sciences Inc,0,3,3,e,0.77407,Biotechnology,62.21,0.79179,KOD,P,60,KOD   220414P00060000,353673,4/14/2022 12:00:00 AM,10,0,17.2,21.5,7.19755,31.48236,5,3,1.2437,1.8072,138.1751,-0.09803,0.10544,5,43.03568,42.75829,1.82859,0.31594,0.4058,-0.03552,-11.71094,1.64555,2.05883,0.73341,0.4538,0.47937,0.48351,0.94838,0.16448,1.68493,1.681,329841,313624,329097
Kodiak Sciences Inc,0,3,3,e,0.77407,Biotechnology,62.21,0.79179,KOD,P,65,KOD   220414P00065000,870569,4/14/2022 12:00:00 AM,0,0,20.1,24.5,10.03087,35.14767,5,3,1.20163,1.75371,133.8312,-0.09501,0.10208,5,45.15532,47.73509,1.75494,0.27825,0.45159,0.04485,-11.97988,1.61465,2.01954,0.73339,0.54602,0.52094,0.51674,0.97967,0.2,1.39518,1.6155,328621,313073,327942
Kodiak Sciences Inc,0,3,3,e,0.77407,Biotechnology,62.21,0.79179,KOD,P,70,KOD   220414P00070000,250947,4/14/2022 12:00:00 AM,33,0,23,27.5,13.45314,38.96887,5,3,1.09958,1.63519,133.5811,-0.09321,0.09974,5,47.27496,53.95529,1.47597,0.24449,0.49329,0.12522,-12.04247,1.56979,1.97025,0.74767,0.62696,0.56129,0.5489,1.00256,0.2,1.2264,1.84858,325359,311182,325071
LivaNova PLC,0,2,2,,0.42109,Medical Supplies,79.82,0.39615,LIVN,P,70,LIVN  220414P00070000,870366,4/14/2022 12:00:00 AM,0,0,6.4,8.3,1.35164,29.47534,5,3,1.23719,1.66488,205.43,-0.27922,0.36822,4,63.87496,18.70483,0.47115,0.20714,0.10456,-0.12303,-6.57425,0.76664,0.9132,0.34268,0.20114,0.35406,0.37665,0.27158,0.1,0.80573,0.8018,331945,315085,317849
Block Inc,0,1,2,,0.54158,Computer Software/Svcs,116.94,0.56005,SQ,P,110,SQ    220414P00110000,39245,4/14/2022 12:00:00 AM,1122,422,11.7,11.95,6.34501,35.88342,5,3,0.58011,0.60715,299.6298,-0.30415,0.41299,3,98.73207,29.98525,0.55404,0.16333,0.12295,-0.05935,-8.87736,0.71301,0.72521,0.45124,0.37969,0.42315,0.42443,0.24214,0.14065,0.71526,0.71133,292584,310737,109115
Twilio Inc,0,1,3,,0.56613,E-Commerce,197.8,0.6005,TWLO,P,180,TWLO  220414P00180000,224423,4/14/2022 12:00:00 AM,46,15,15.65,16.25,7.9887,32.05495,5,3,0.53514,0.57614,327.7313,-0.33428,0.47187,3,165.057,26.06305,0.44679,0.17304,0.09915,-0.08999,-13.67447,0.67402,0.69202,0.43906,0.31742,0.37852,0.38159,0.21192,0.11001,0.72314,0.71921,289108,309565,100883
Twilio Inc,0,1,3,,0.56613,E-Commerce,197.8,0.6005,TWLO,P,185,TWLO  220414P00185000,235082,4/14/2022 12:00:00 AM,40,5,17.55,18.25,9.33653,35.12672,5,3,0.56838,0.61637,307.575,-0.32842,0.45725,3,168.1767,27.50292,0.48998,0.15737,0.10874,-0.06471,-13.93864,0.66311,0.6834,0.4228,0.36107,0.41031,0.41293,0.2187,0.13529,0.65976,0.65583,293573,310452,111690
Fisker Inc,0,3,3,,0.63879,Automotive,11.94,0.54013,FSR,P,10,FSR   220520P00010000,24776,5/20/2022 12:00:00 AM,1947,40,1.46,1.56,0.33025,27.17888,5,3,1.26259,1.36827,169.1152,-0.19297,0.24017,4,8.59674,21.22369,0.55104,0.29043,0.17663,-0.16248,-0.91266,0.95409,0.99865,0.42168,0.22171,0.3674,0.37311,0.41638,0.1,1.22845,1.22278,314003,313831,315935
Nektar Therapeutics,0,3,3,,0.61372,Drug,11.17,0.5886,NKTR,P,10,NKTR  220520P00010000,7459,5/20/2022 12:00:00 AM,6018,42,2.25,2.75,0.6371,29.82031,5,3,1.49832,1.97015,119.8503,-0.12544,0.14236,5,7.80674,26.69139,0.92341,0.31185,0.296,-0.10474,-1.21018,1.20754,1.43559,0.48334,0.33539,0.43245,0.4431,0.70245,0.1,2.02,2.01432,332869,315112,332084
Nektar Therapeutics,0,3,3,,0.61372,Drug,11.17,0.5886,NKTR,P,11,NKTR  220520P00011000,148939,5/20/2022 12:00:00 AM,126,0,2.85,3.7,1.03835,33.6701,5,3,1.61937,2.41624,98.84604,-0.11121,0.11974,5,8.21241,28.82098,1.10862,0.27604,0.35537,-0.01522,-1.34201,1.21075,1.57909,0.46223,0.46801,0.48777,0.49063,0.83514,0.18478,1.38649,1.38081,338091,315300,337372
Nektar Therapeutics,0,3,3,,0.61372,Drug,11.17,0.5886,NKTR,P,12,NKTR  220520P00012000,98098,5/20/2022 12:00:00 AM,289,1,3.4,4,1.63731,39.08603,5,3,1.50295,2.03048,102.8247,-0.11226,0.12473,5,8.66808,33.91654,0.94997,0.23008,0.40102,0.07431,-1.30603,1.17283,1.42002,0.46858,0.59824,0.53959,0.53271,0.80174,0.2,1.15608,1.52193,333811,315122,333018
Fisker Inc,0,3,3,,0.63879,Automotive,11.94,0.54013,FSR,P,12.5,FSR   220520P00012500,39976,5/20/2022 12:00:00 AM,1098,8,2.74,2.85,1.27199,42.51303,5,3,1.4897,1.60295,123.9711,-0.1666,0.19806,4,9.83092,28.90571,0.71451,0.18258,0.28641,0.0469,-1.02029,0.91412,0.9557,0.36716,0.5766,0.53093,0.52958,0.50491,0.2,0.91857,1.1474,324411,315091,324244
Ford Motor Company,0.01782,2,3,,0.36577,Automotive,20.36,0.36396,F,P,19,F     220520P00019000,40881,5/20/2022 12:00:00 AM,1070,4765,1.86,1.93,0.75144,35.37026,5,3,0.88463,0.93952,211.4768,-0.32105,0.44338,3,17.2478,19.57023,0.35624,0.16383,0.11419,-0.0668,-1.00245,0.56309,0.57949,0.29878,0.34147,0.41421,0.4166,0.22554,0.1332,0.69151,0.68584,300795,311920,247941
Twitter Inc,0,1,3,,0.50715,Internet,35,0.5408,TWTR,P,32,TWTR  220520P00032000,107508,5/20/2022 12:00:00 AM,245,136,3.2,3.35,1.61229,32.77729,5,3,0.57932,0.63316,255.7075,-0.29996,0.40873,3,28.98156,23.65306,0.36433,0.18282,0.11678,-0.08571,-1.84283,0.61543,0.63641,0.38968,0.33291,0.39225,0.39572,0.24466,0.11429,0.80567,0.8,295293,310717,116160
Uber Technologies Inc,0,1,4,,0.57447,Computer Software/Svcs,36.34,0.52686,UBER,P,32.5,UBER  220520P00032500,109368,5/20/2022 12:00:00 AM,237,2595,2.86,3.1,1.38017,30.44172,5,3,0.55213,0.63895,267.5638,-0.31491,0.43758,3,29.8244,21.64857,0.31872,0.19004,0.10216,-0.10567,-1.81738,0.59605,0.62939,0.38402,0.29468,0.36402,0.37095,0.22853,0.1,0.79269,0.78701,295906,310046,117683
Twitter Inc,0,1,3,,0.50715,Internet,35,0.5408,TWTR,P,33,TWTR  220520P00033000,235681,5/20/2022 12:00:00 AM,40,59,3.6,3.8,1.91305,35.96786,5,3,0.60872,0.68029,239.4094,-0.29329,0.39391,3,29.58723,25.06094,0.3997,0.16567,0.12812,-0.05714,-1.88069,0.60528,0.63221,0.37625,0.381,0.42534,0.42848,0.25386,0.14286,0.72567,0.72,299932,311382,128816
Zillow Group Inc,0,1,3,,0.56603,Internet,53.21,0.63145,Z,P,50,Z     220520P00050000,35895,5/20/2022 12:00:00 AM,1258,67,6.15,6.45,3.5182,35.60568,5,3,0.53679,0.59796,245.9487,-0.26296,0.34371,3,44.13368,28.86961,0.45523,0.18158,0.14592,-0.06033,-3.17028,0.67287,0.69965,0.43784,0.39208,0.42927,0.43195,0.29094,0.13967,0.83318,0.8275,291566,309617,106634
Establishment Labs Holdings Inc,0,3,3,e,0.59757,Medical Supplies,54.21,0.57581,ESTA,P,55,ESTA  220520P00055000,274630,5/20/2022 12:00:00 AM,25,0,10.4,12.3,5.01276,40.45379,5,3,1.14539,1.55651,139.7384,-0.17778,0.21058,4,44.91205,29.11174,0.6899,0.17727,0.23886,0.01457,-4.48151,0.8337,0.99346,0.3886,0.51594,0.50743,0.50624,0.47487,0.2,0.89204,0.95923,322776,312122,322814
CVR Partners LP,0,2,2,v,0.626,Chemical (Basic),95.7,0.53884,UAN,P,85,UAN   220520P00085000,269061,5/20/2022 12:00:00 AM,26,0,11.2,13.4,4.50085,30.90268,5,3,0.80656,1.06598,199.418,-0.21555,0.2691,3,74.28226,25.43062,0.49114,0.23451,0.15744,-0.11181,-6.81614,0.8028,0.91808,0.44438,0.31072,0.39229,0.40554,0.37161,0.1,1.176,1.17032,310615,310174,268454
Arch Resources Inc,0,1,2,,0.50447,Metals & Mining (Div.),93.25,0.47105,ARCH,P,90,ARCH  220520P00090000,267466,5/20/2022 12:00:00 AM,27,0,11.3,12.5,6.71759,38.2899,5,3,0.55181,0.69672,230.2277,-0.26328,0.34149,3,79.21063,29.15279,0.46563,0.16171,0.14926,-0.03485,-5.51915,0.63801,0.69759,0.41114,0.42984,0.45465,0.45851,0.29283,0.16515,0.73944,0.73377,301397,310030,133103
CVR Partners LP,0,2,2,v,0.626,Chemical (Basic),95.7,0.53884,UAN,P,90,UAN   220520P00090000,242608,5/20/2022 12:00:00 AM,37,1,13.8,15.9,6.18147,35.15637,5,3,0.88093,1.12445,181.132,-0.20436,0.25172,4,76.71063,27.92458,0.58268,0.20944,0.18678,-0.05956,-7.14396,0.80677,0.91122,0.42892,0.39118,0.44162,0.44827,0.39726,0.14044,1.03246,1.02679,314379,311848,276507
Wayfair Inc,0,2,3,,0.67825,Internet,152.59,0.63729,W,P,145,W     220520P00145000,340542,5/20/2022 12:00:00 AM,11,11,22.1,25.5,10.7425,36.06719,5,3,0.80164,1.04292,187.7966,-0.20837,0.2571,3,123.7227,29.10289,0.57868,0.20025,0.18549,-0.04974,-11.19421,0.78503,0.89016,0.43573,0.40912,0.44925,0.45522,0.38895,0.15026,0.96956,0.96389,308989,310025,265066
Adamis Pharmaceuticals Corporation,0,3,3,e,0.91575,Drug,0.62,0.89127,ADMP,P,0.5,ADMP  220617P00000500,172531,6/17/2022 12:00:00 AM,92,0,0.15,0.2,0.05267,22.61837,5,3,1.06089,1.63445,110.785,-0.07899,0.08218,5,0.35352,31.09523,1.09652,0.44252,0.4356,-0.19355,-0.06911,1.52996,1.95576,0.74238,0.31748,0.4089,0.42849,1.21684,0.1,2.42639,2.41935,325337,310291,325042
Pluristem Therapeutics Inc,0,3,3,e,0.68321,Biotechnology,1.55,0.66653,PSTI,P,2,PSTI  220617P00002000,196911,6/17/2022 12:00:00 AM,66,0,0.75,0.9,0.5169,44.55363,5,3,1.14631,1.86565,84.3203,-0.08296,0.08543,5,1.26406,44.62128,0.62184,0.19355,0.60703,0.29032,-0.17309,1.16077,1.5498,0.54082,0.76643,0.63261,0.60015,1.17059,0.2,0.97477,2.41935,331056,312135,330276
Permian Basin Royalty Trust,0.02172,2,2,,0.38904,Petroleum (Producing),11.94,0.41802,PBT,P,10,PBT   220617P00010000,96968,6/17/2022 12:00:00 AM,295,1,1.5,1.8,0.47175,27.66245,5,3,0.97615,1.25089,161.8701,-0.18063,0.21905,4,8.57032,22.40658,0.46192,0.29514,0.1835,-0.16248,-0.77892,0.86437,0.98454,0.4374,0.26194,0.37353,0.38853,0.45651,0.1,1.26331,1.25628,320618,313406,290617
Permian Basin Royalty Trust,0.02172,2,2,,0.38904,Petroleum (Producing),11.94,0.41802,PBT,P,12.5,PBT   220617P00012500,410408,6/17/2022 12:00:00 AM,4,3,2.85,3.3,1.56011,41.68542,5,3,1.05748,1.43286,122.8816,-0.14949,0.17281,4,9.73789,31.78667,0.61506,0.19179,0.30237,0.0469,-0.8974,0.84721,1.00178,0.41177,0.57251,0.53539,0.52994,0.57868,0.2,0.96599,1.19347,326796,314261,305558
Altice USA Inc,0,2,4,,0.40962,Cable TV,14.32,0.39953,ATUS,P,14,ATUS  220617P00014000,213540,6/17/2022 12:00:00 AM,53,0,1.85,2.1,0.76826,39.32822,5,3,1.14073,1.40577,144.5098,-0.25204,0.32232,4,12.24844,19.79011,0.40098,0.15857,0.15929,-0.02235,-0.70247,0.5817,0.65372,0.27173,0.43132,0.46779,0.47133,0.31025,0.17765,0.73423,0.7272,326003,314766,303647
Build A Bear Workshop Inc,0,1,2,e,0.74238,Recreation,17.74,0.66246,BBW,P,18.75,BBW   220617P00018750,197286,6/17/2022 12:00:00 AM,65,0,4.1,5,2.83911,41.99467,5,3,0.54442,0.93923,158.9548,-0.15342,0.17559,3,14.78184,40.57774,0.54864,0.17418,0.28689,0.05693,-1.31152,0.80585,1.01185,0.52178,0.55843,0.53791,0.53021,0.5695,0.2,0.87794,1.15558,317777,309840,195365
Ford Motor Company,0.01782,2,3,,0.36577,Automotive,20.36,0.35822,F,P,19,F     220617P00019000,8612,6/17/2022 12:00:00 AM,5340,644,2.04,2.11,0.85537,35.47448,5,3,0.86705,0.91754,188.5172,-0.29719,0.40117,3,17.0936,19.15228,0.32048,0.17403,0.12731,-0.0668,-0.86377,0.54432,0.55904,0.29154,0.35347,0.4202,0.42228,0.24927,0.1332,0.75924,0.75221,298700,311549,243995
Grid Dynamics Holdings Inc,0,1,1,e,0.49411,IT Service,26.91,0.5447,GDYN,P,25,GDYN  220617P00025000,149178,6/17/2022 12:00:00 AM,126,0,3.2,4,1.57755,34.31482,5,3,0.68333,1.01863,183.1929,-0.22963,0.28731,3,21.97579,24.32095,0.3872,0.19692,0.15382,-0.07098,-1.46124,0.64426,0.77259,0.38273,0.36906,0.42128,0.43422,0.34806,0.12902,0.92869,0.92166,321372,312797,213758
Kite Realty Group Trust New,0.03636,3,3,,0.45591,R.E.I.T.,20.84,0.43322,KRG,P,25,KRG1  220617P00025000,735322,6/17/2022 12:00:00 AM,0,0,10.5,13.2,4.89884,34.83902,5,3,3.03653,4.56473,41.67694,-0.06127,0.06053,5,14.67579,23.8415,1.11834,0.30422,0.73117,0.19962,-2.87891,1.49166,2.05639,0.36954,0.79196,0.57983,0.55809,1.65203,0.2,1.52814,2.51919,344777,315569,344620
Twitter Inc,0,1,3,,0.50715,Internet,35,0.54103,TWTR,P,33,TWTR  220617P00033000,95137,6/17/2022 12:00:00 AM,305,41,3.9,4.05,2.19106,35.82646,5,3,0.55575,0.60423,220.8155,-0.27435,0.36229,3,29.33204,24.85228,0.35506,0.1756,0.14105,-0.05714,-1.60143,0.58277,0.60093,0.37459,0.39012,0.42884,0.43097,0.27602,0.14286,0.78703,0.78,292269,310151,108344
Twitter Inc,0,1,3,,0.50715,Internet,35,0.54103,TWTR,P,34,TWTR  220617P00034000,123196,6/17/2022 12:00:00 AM,189,10,4.35,4.5,2.59187,38.90114,5,3,0.56352,0.61164,211.2337,-0.26906,0.35112,3,29.88907,26.4996,0.38701,0.15989,0.15374,-0.02857,-1.61572,0.57514,0.59284,0.36785,0.43827,0.46043,0.4616,0.2848,0.17143,0.73203,0.725,293070,310339,110403
Uber Technologies Inc,0,1,4,,0.57447,Computer Software/Svcs,36.34,0.52709,UBER,P,35,UBER  220617P00035000,225,6/17/2022 12:00:00 AM,47582,45,4.2,4.35,2.47043,38.08088,5,3,0.55182,0.59966,216.9987,-0.28124,0.37172,3,31.0461,25.31109,0.36096,0.15948,0.1434,-0.03687,-1.61406,0.55698,0.57415,0.35892,0.42185,0.44945,0.45095,0.26902,0.16313,0.71553,0.7085,291769,310032,107102
Penn National Gaming Inc,0,2,3,v,0.66155,Hotel/Gaming,42.3,0.65991,PENN,P,45,PENN1 220617P00045000,625749,6/17/2022 12:00:00 AM,0,0,16.5,20,6.18736,32.27959,5,3,2.21342,3.02665,62.65918,-0.07307,0.07732,5,28.81642,26.89667,1.23657,0.32624,0.58598,0.06383,-5.21968,1.44588,1.81179,0.44995,0.57667,0.52399,0.51915,1.29325,0.2,1.63824,1.95035,342403,315550,339947
Clearfield Inc,0,1,1,e,0.4835,Telecom. Equipment,49.08,0.49446,CLFD,P,50,CLFD  220617P00050000,301756,6/17/2022 12:00:00 AM,18,6,9.2,11,5.09343,40.94654,5,3,0.86688,1.25296,143.6652,-0.18281,0.21716,3,41.15158,29.41554,0.52855,0.1687,0.23252,0.01874,-3.16623,0.72422,0.87399,0.38793,0.51882,0.51008,0.50836,0.4605,0.2,0.85055,0.93725,328609,314629,258835
Penn National Gaming Inc,0,2,3,v,0.66155,Hotel/Gaming,42.3,0.65991,PENN,P,50,PENN1 220617P00050000,351932,6/17/2022 12:00:00 AM,10,0,21.2,25,10.00945,34.1944,5,3,2.20757,3.00702,56.61726,-0.0615,0.06438,5,29.15158,30.75976,1.19766,0.31915,0.74314,0.18203,-5.73324,1.55811,1.94645,0.48576,0.6996,0.56479,0.55195,1.5532,0.2,1.60278,2.50591,342345,315549,339828
Fidelity National Information Services Inc,0.01403,1,5,,0.27234,Financial Svcs. (Div.),111.44,0.28454,FIS,P,100,FIS   220617P00100000,190469,6/17/2022 12:00:00 AM,72,14,5.1,5.9,2.16266,28.42809,5,3,0.55246,0.69337,261.0557,-0.44961,0.72612,3,95.60315,12.62418,0.15298,0.15545,0.06077,-0.10266,-3.01682,0.37228,0.40607,0.2398,0.23383,0.31995,0.334,0.13772,0.1,0.46468,0.45765,301119,310060,132239
Teladoc Health Inc,0,3,4,,0.56017,Healthcare Information,75.34,0.59324,TDOC,P,155,TDOC1 220617P00155000,836180,6/17/2022 12:00:00 AM,0,0,96.7,101.5,80.18467,49.06768,5,3,1.34248,1.67132,53.42441,-0.03666,0.03814,5,59.38988,70.09681,0.75344,0.22617,1.66569,1.05734,-11.96979,1.80706,2.06074,0.77143,0.92912,0.73474,0.70884,2.62206,0.2,1.1379,6.41757,326454,314505,326024
Expedia Group Inc,0,1,3,,0.4389,Internet,171.03,0.44017,EXPE,P,160,EXPE  220617P00160000,109844,6/17/2022 12:00:00 AM,235,1,14.55,15.65,7.66115,34.76942,5,3,0.56561,0.65471,228.8911,-0.33245,0.46497,3,146.575,19.96022,0.26951,0.1566,0.10707,-0.06449,-6.49425,0.48534,0.51296,0.31,0.35302,0.40481,0.40985,0.21507,0.13551,0.63484,0.6278,297510,310389,121910
Teladoc Health Inc,0,3,4,,0.56017,Healthcare Information,75.34,0.59324,TDOC,P,160,TDOC1 220617P00160000,882807,6/17/2022 12:00:00 AM,0,0,101.85,106.5,85.0165,49.21901,5,3,1.36866,1.68387,51.51121,-0.03496,0.0364,5,59.27504,71.05675,0.76183,0.22817,1.75854,1.12371,-12.17784,1.84658,2.09232,0.77959,0.93555,0.73926,0.71423,2.74702,0.2,1.14786,6.75936,326827,314641,326336
Teladoc Health Inc,0,3,4,,0.56017,Healthcare Information,75.34,0.59324,TDOC,P,165,TDOC1 220617P00165000,555174,6/17/2022 12:00:00 AM,0,0,106.8,111.5,89.86351,49.483,5,3,1.37991,1.69525,49.92856,-0.03358,0.03489,5,59.3602,72.16362,0.75903,0.2275,1.84208,1.19007,-12.34304,1.8742,2.12254,0.78751,0.94123,0.74463,0.71929,2.86585,0.2,1.14454,7.08787,327143,314713,326600
Teladoc Health Inc,0,3,4,,0.56017,Healthcare Information,75.34,0.59324,TDOC,P,170,TDOC1 220617P00170000,694598,6/17/2022 12:00:00 AM,0,0,111.75,116.5,94.72349,49.7283,5,3,1.39021,1.70587,48.45633,-0.0323,0.03351,5,59.44536,73.22861,0.75623,0.22684,1.92549,1.25644,-12.50044,1.90067,2.15168,0.79519,0.94626,0.74967,0.72404,2.9839,0.2,1.14122,7.41638,327441,314763,326864
Teladoc Health Inc,0,3,4,,0.56017,Healthcare Information,75.34,0.59324,TDOC,P,175,TDOC1 220617P00175000,335619,6/17/2022 12:00:00 AM,12,0,117.95,121.5,99.59466,49.13511,5,3,1.482,1.71564,46.0389,-0.03024,0.03171,5,58.28051,73.03297,0.82472,0.24277,2.07452,1.3228,-12.8628,1.99215,2.17968,0.80264,0.95073,0.74717,0.72852,3.15337,0.2,1.22086,7.82785,327693,315073,327102
Signature Bank,0.00637,1,3,,0.40214,Bank,314,0.37687,SBNY,P,290,SBNY  220617P00290000,341332,6/17/2022 12:00:00 AM,11,0,22.6,25.1,10.29159,33.248,5,3,0.64982,0.77825,222.8533,-0.36253,0.52389,3,269.4391,16.71759,0.23045,0.15544,0.09155,-0.07643,-10.91588,0.44796,0.48283,0.27152,0.31174,0.38302,0.39125,0.19088,0.12357,0.58951,0.58247,307919,312200,154933
SeaChange International Inc,0,3,3,,0.74137,Entertainment Tech,1.19,1.02282,SEAC,P,1,SEAC  220715P00001000,35162,7/15/2022 12:00:00 AM,1289,654,0.4,0.5,0.13491,20.88295,5,3,1.35055,1.9217,76.56022,-0.05405,0.05703,5,0.60839,28.78908,1.42425,0.50419,0.67506,-0.15966,-0.13009,1.74984,2.17503,0.74444,0.361,0.43985,0.45154,1.75361,0.1,3.36973,3.36134,332058,314541,331284
Beyond Air Inc,0,1,1,,0.78689,Drug,6.64,0.94159,XAIR,P,7.5,XAIR  220715P00007500,65167,7/15/2022 12:00:00 AM,560,0,2.6,3,1.86993,37.87455,5,3,0.53971,0.84569,125.5673,-0.08622,0.09411,3,4.96292,52.74452,0.7669,0.26205,0.539,0.12952,-0.61392,1.15788,1.38798,0.75201,0.58669,0.55656,0.54723,1.06258,0.2,1.31863,1.95783,312557,309708,172271
Spirit Aerosystems Holdings Inc,0.00085,2,4,,0.56977,Aerospace/Defense,44.85,0.42947,SPR,P,42,SPR   220715P00042000,446945,7/15/2022 12:00:00 AM,2,2,4.8,5.2,2.14419,35.05532,5,3,0.79196,0.91025,173.9304,-0.27348,0.36102,3,37.55235,19.21875,0.28994,0.17896,0.13742,-0.06355,-1.71204,0.53051,0.56553,0.29605,0.35894,0.4201,0.42499,0.27699,0.13645,0.7927,0.78431,298016,309765,242666
Spirit Aerosystems Holdings Inc,0.00085,2,4,,0.56977,Aerospace/Defense,44.85,0.42947,SPR,P,43,SPR   220715P00043000,328909,7/15/2022 12:00:00 AM,13,0,5.3,5.6,2.5215,37.41112,5,3,0.81251,0.90012,168.1653,-0.26885,0.35175,3,38.06074,20.27475,0.31431,0.16781,0.14897,-0.04125,-1.7292,0.53043,0.55607,0.29265,0.40179,0.44543,0.44793,0.28429,0.15875,0.75277,0.74438,297075,310322,240717
Spirit Aerosystems Holdings Inc,0.00085,2,4,,0.56977,Aerospace/Defense,44.85,0.42947,SPR,P,44,SPR   220715P00044000,346477,7/15/2022 12:00:00 AM,10,0,5.7,6.2,2.95671,39.78133,5,3,0.78894,0.93362,162.4729,-0.26324,0.34063,3,38.66913,21.40678,0.3317,0.15443,0.15721,-0.01895,-1.74667,0.51983,0.56187,0.29058,0.44608,0.4698,0.47205,0.29358,0.18105,0.71036,0.70197,300246,309681,246852
Enanta Pharmaceuticals Inc,0,1,1,e,0.47088,Biotechnology,58.38,0.50273,ENTA,P,55,ENTA  220715P00055000,757877,7/15/2022 12:00:00 AM,0,0,10.5,14,3.68435,33.53522,5,3,1.31119,1.99724,103.702,-0.15066,0.1708,4,44.96141,21.63705,0.51552,0.24614,0.24434,-0.0579,-3.76073,0.80524,1.04427,0.34841,0.38835,0.45117,0.46231,0.58549,0.1421,1.27406,1.26567,338763,315449,320920
Enanta Pharmaceuticals Inc,0,1,1,e,0.47088,Biotechnology,58.38,0.50273,ENTA,P,60,ENTA  220715P00060000,403633,7/15/2022 12:00:00 AM,5,0,13.5,16.5,6.06646,38.90944,5,3,1.38125,1.95413,95.76155,-0.1422,0.16211,4,47.00336,24.48845,0.55673,0.20349,0.29871,0.02775,-3.8552,0.80929,1.00399,0.33986,0.53233,0.51359,0.51095,0.61686,0.2,1.02586,1.15622,338428,315477,319393
Enanta Pharmaceuticals Inc,0,1,1,e,0.47088,Biotechnology,58.38,0.50273,ENTA,P,65,ENTA  220715P00065000,351460,7/15/2022 12:00:00 AM,10,0,16.5,19.5,9.55056,44.24758,5,3,1.21701,1.74422,95.72993,-0.13543,0.15277,4,49.04531,29.39514,0.4475,0.16924,0.3486,0.11339,-3.86843,0.79533,0.98446,0.35874,0.65577,0.57176,0.55808,0.65458,0.2,0.85457,1.41316,336481,315387,309538
LivaNova PLC,0,2,2,,0.42109,Medical Supplies,79.82,0.39672,LIVN,P,75,LIVN  220715P00075000,777310,7/15/2022 12:00:00 AM,0,0,9.5,12.5,3.53919,35.15135,5,3,1.06112,1.59148,132.0566,-0.22946,0.2845,4,66.1292,18.06324,0.32371,0.18779,0.15343,-0.06039,-3.61401,0.57194,0.71911,0.27749,0.35571,0.42878,0.44324,0.35149,0.13961,0.86087,0.85248,330598,314298,314683
LivaNova PLC,0,2,2,,0.42109,Medical Supplies,79.82,0.39672,LIVN,P,80,LIVN  220715P00080000,870369,7/15/2022 12:00:00 AM,0,0,12.5,15.5,5.60161,40.52183,5,3,1.19264,1.71901,115.1992,-0.20992,0.25484,4,68.17115,20.08832,0.40278,0.15435,0.19357,0.00226,-3.82263,0.58697,0.72788,0.2677,0.48672,0.49394,0.49511,0.39241,0.2,0.78013,0.78301,332849,314962,319922
Perficient Inc,0,1,1,e,0.39576,E-Commerce,101.19,0.36534,PRFT,P,90,PRFT  220715P00090000,795287,7/15/2022 12:00:00 AM,0,0,7.1,9.3,2.80464,29.72801,5,3,0.67609,1.00377,191.8687,-0.31376,0.42979,3,83.65504,15.3424,0.1984,0.18914,0.09403,-0.11058,-3.38923,0.46711,0.55843,0.27869,0.25639,0.34808,0.37197,0.23267,0.1,0.71004,0.70165,320731,312674,210420
Perficient Inc,0,1,1,e,0.39576,E-Commerce,101.19,0.36534,PRFT,P,95,PRFT  220715P00095000,607966,7/15/2022 12:00:00 AM,0,0,9.4,11.1,3.94811,35.21279,5,3,0.83372,1.08962,167.1619,-0.2995,0.40303,3,86.39698,16.75738,0.24939,0.16246,0.1182,-0.06117,-3.5453,0.47123,0.53699,0.25698,0.34303,0.41277,0.42331,0.24812,0.13883,0.67752,0.66913,323946,314464,228887
CarMax Group,0,1,1,,0.3669,Retail Automotive,111.82,0.35695,KMX,P,100,KMX   220715P00100000,178044,7/15/2022 12:00:00 AM,85,20,7,7.5,3.15425,29.11313,5,3,0.55578,0.62505,232.2494,-0.36935,0.54508,3,93.83893,14.78839,0.1765,0.1767,0.08366,-0.10571,-3.13556,0.42675,0.44575,0.2743,0.26238,0.34134,0.34775,0.18346,0.1,0.6344,0.62601,294451,310153,113986
PTC Inc,0,1,3,,0.36191,Computer Software/Svcs,117.18,0.34791,PTC,P,105,PTC   220715P00105000,258783,7/15/2022 12:00:00 AM,30,0,7.3,8.5,3.18988,29.48496,5,3,0.58158,0.74294,220.1275,-0.36207,0.52777,3,98.58088,14.58796,0.17534,0.17463,0.08311,-0.10394,-3.36606,0.42255,0.46566,0.26717,0.26034,0.34233,0.35625,0.18948,0.1,0.63136,0.62297,305317,310775,145518
T Rowe Price Group Inc,0.02813,2,2,,0.29709,Asset Management,159.25,0.25109,TROW,P,145,TROW  220715P00145000,62866,7/15/2022 12:00:00 AM,591,4,9.7,11,2.87749,32.13953,5,3,0.98635,1.16391,173.974,-0.39702,0.59675,4,136.5164,11.253,0.16896,0.15878,0.08008,-0.08948,-4.15888,0.37556,0.40913,0.18907,0.24756,0.36563,0.37628,0.16757,0.11052,0.55953,0.55114,316466,313532,281303
Expedia Group Inc,0,1,3,,0.4389,Internet,171.03,0.43951,EXPE,P,160,EXPE  220715P00160000,99679,7/15/2022 12:00:00 AM,281,3,15.95,17.55,8.58756,34.81152,5,3,0.5556,0.67482,204.8402,-0.30459,0.41408,3,145.3923,19.8445,0.25131,0.16614,0.11911,-0.06449,-5.88502,0.47886,0.51556,0.30783,0.36161,0.40995,0.41627,0.2415,0.13551,0.6966,0.68821,299387,310147,127316
Fisker Inc,0,3,3,,0.63879,Automotive,11.94,0.58044,FSR,P,12.5,FSR   220819P00012500,131824,8/19/2022 12:00:00 AM,163,6,3.3,3.75,1.66085,38.3575,5,3,1.17707,1.5099,94.90043,-0.12192,0.13894,4,9.32608,27.90863,0.54033,0.22948,0.36878,0.0469,-0.72244,0.85537,0.98614,0.3929,0.54797,0.52208,0.51915,0.71973,0.2,1.15749,1.38191,320989,312685,321345
TPI Composites Inc,0,3,3,,0.59164,Power,12.64,0.59315,TPIC,P,12.5,TPIC  220819P00012500,425201,8/19/2022 12:00:00 AM,3,1,3,3.3,1.37448,35.69313,5,3,1.10981,1.3202,106.7213,-0.13304,0.15462,4,9.62608,26.48497,0.57185,0.2585,0.32588,-0.01108,-0.72219,0.84538,0.92968,0.40069,0.47203,0.48673,0.48794,0.64676,0.18892,1.26637,1.25628,310881,311413,313640
Citi Trends Inc,0,2,1,,0.54569,Retail (SoftLines),54.17,0.51574,CTRN,P,55,CTRN  220819P00055000,585486,8/19/2022 12:00:00 AM,0,0,12,15.9,5.81455,37.57031,5,3,1.11082,1.83356,94.52274,-0.13895,0.15445,4,43.55476,24.2078,0.47354,0.2062,0.28916,0.01532,-3.04175,0.73444,0.98591,0.34794,0.50778,0.50368,0.50274,0.64747,0.2,1.0411,1.10762,334560,314598,323665
Citi Trends Inc,0,2,1,,0.54569,Retail (SoftLines),54.17,0.51574,CTRN,P,60,CTRN  220819P00060000,753445,8/19/2022 12:00:00 AM,0,0,15.5,19.5,9.07767,42.34858,5,3,1.10234,1.79911,87.51943,-0.12564,0.13786,4,45.10519,28.13122,0.39903,0.17851,0.3584,0.10762,-3.18769,0.75413,1.00407,0.35871,0.63316,0.56428,0.54837,0.72538,0.2,0.90265,1.43068,334078,314551,322583
GoDaddy Inc,0,1,4,,0.35813,E-Commerce,73.27,0.35973,GDDY,P,67.5,GDDY  220819P00067500,381380,8/19/2022 12:00:00 AM,6,2,6.2,6.6,2.84386,32.88997,5,3,0.65978,0.73691,183.6571,-0.31941,0.44319,3,61.98084,15.842,0.19518,0.17345,0.11123,-0.07875,-1.97627,0.43171,0.45177,0.2601,0.31949,0.38873,0.39355,0.22564,0.12125,0.70797,0.69788,304828,312371,143914
GoDaddy Inc,0,1,4,,0.35813,E-Commerce,73.27,0.35973,GDDY,P,70,GDDY  220819P00070000,731324,8/19/2022 12:00:00 AM,0,0,7.1,7.8,3.58501,36.9214,5,3,0.68061,0.81507,169.2092,-0.31084,0.42287,3,63.60606,17.02965,0.21578,0.15162,0.12296,-0.04463,-2.01661,0.41859,0.45208,0.24907,0.38344,0.42999,0.43513,0.23648,0.15537,0.63377,0.62368,310551,312754,164449
Global Payments Inc,0.00686,1,4,,0.33424,Financial Svcs. (Div.),140.59,0.32341,GPN,P,125,GPN   220819P00125000,221870,8/19/2022 12:00:00 AM,48,0,8.9,10.1,3.82879,29.05147,5,3,0.58865,0.72091,201.9949,-0.35539,0.51576,3,117.3608,13.47235,0.15222,0.18428,0.08674,-0.11089,-3.37848,0.39783,0.43095,0.25042,0.25642,0.34019,0.35187,0.19389,0.1,0.64313,0.63305,303472,310946,139674
Global Payments Inc,0.00686,1,4,,0.33424,Financial Svcs. (Div.),140.59,0.32341,GPN,P,130,GPN   220819P00130000,319510,8/19/2022 12:00:00 AM,14,0,10.1,12.2,4.81702,33.35375,5,3,0.60576,0.83991,183.5611,-0.3507,0.49901,3,121.2113,14.41067,0.16552,0.15725,0.09432,-0.07533,-3.44894,0.37464,0.42927,0.23331,0.31571,0.38257,0.39715,0.2004,0.12467,0.58631,0.57622,312183,311317,170830
T Rowe Price Group Inc,0.02813,2,2,,0.29709,Asset Management,159.25,0.25107,TROW,P,145,TROW  220819P00145000,414859,8/19/2022 12:00:00 AM,4,0,10.9,11.6,3.38152,32.62553,5,3,0.99563,1.08409,158.5884,-0.37442,0.5494,3,135.5625,11.20143,0.16034,0.16801,0.09137,-0.08948,-3.63722,0.36999,0.38639,0.1854,0.26522,0.37663,0.38171,0.18202,0.11052,0.6294,0.61932,311767,313644,271065
Signature Bank,0.00637,1,3,,0.40214,Bank,314,0.37707,SBNY,P,290,SBNY  220819P00290000,434395,8/19/2022 12:00:00 AM,3,0,27.3,30.8,13.34343,33.63319,5,3,0.61795,0.77027,181.198,-0.3094,0.42351,3,265.6251,16.63037,0.20006,0.17346,0.11401,-0.07643,-8.75345,0.43201,0.47268,0.26701,0.33487,0.39604,0.40481,0.23612,0.12357,0.71369,0.70361,307347,311569,152832
Signature Bank,0.00637,1,3,,0.40214,Bank,314,0.37707,SBNY,P,300,SBNY  220819P00300000,402119,8/19/2022 12:00:00 AM,5,0,31.6,35.5,16.64495,37.33187,5,3,0.6482,0.81642,168.5866,-0.29992,0.40304,3,271.426,17.90616,0.2243,0.15531,0.12782,-0.04459,-8.95164,0.4269,0.47047,0.25901,0.39501,0.43582,0.44172,0.24812,0.15541,0.65763,0.64754,310648,312176,164783
Altice USA Inc,0,2,4,,0.40962,Cable TV,14.32,0.39964,ATUS,P,14,ATUS  220916P00014000,765485,9/16/2022 12:00:00 AM,0,0,2.05,2.7,0.99849,37.94277,5,3,0.87446,1.42125,115.7047,-0.20848,0.25199,4,12.11022,19.06835,0.28302,0.17695,0.18299,-0.02235,-0.50331,0.50869,0.65708,0.27138,0.43801,0.46683,0.47431,0.39684,0.17765,0.81726,0.80582,326453,311714,304716
IVERIC bio Inc,0,2,3,e,0.65752,Biotechnology,12.74,0.65371,ISEE,P,15,ISEE  220916P00015000,734959,9/16/2022 12:00:00 AM,0,0,5.5,6.6,3.2471,38.06389,5,3,1.19921,1.80771,69.13978,-0.07812,0.08297,4,9.67167,32.67362,0.54518,0.25432,0.59039,0.17739,-0.90657,1.0194,1.30146,0.46353,0.65815,0.57349,0.55769,1.20527,0.2,1.28303,2.15856,334208,314972,322859
Permian Basin Royalty Trust,0.02172,2,2,,0.38904,Petroleum (Producing),11.94,0.40988,PBT,P,15,PBT   220916P00015000,625932,9/16/2022 12:00:00 AM,0,0,5.5,6.2,3.74098,45.35719,5,3,1.11192,1.5457,72.99924,-0.08781,0.09537,4,9.67167,36.14968,0.41493,0.20436,0.59039,0.25628,-0.75355,0.90893,1.09562,0.43038,0.74755,0.6239,0.60331,1.04854,0.2,1.03322,2.30318,329593,314605,312381
IVERIC bio Inc,0,2,3,e,0.65752,Biotechnology,12.74,0.65371,ISEE,P,17.5,ISEE  220916P00017500,868040,9/16/2022 12:00:00 AM,0,0,7.3,8.4,5.43136,45.07433,5,3,0.88775,1.39887,72.3084,-0.07178,0.07517,4,10.40028,44.35648,0.40284,0.19937,0.72713,0.37363,-0.91272,1.00315,1.27476,0.5314,0.76305,0.64779,0.61735,1.33024,0.2,1.0083,2.86499,325796,311979,303147
Ford Motor Company,0.01782,2,3,,0.36577,Automotive,20.36,0.34743,F,P,19,F     220916P00019000,21916,9/16/2022 12:00:00 AM,2202,89,2.58,2.68,1.14611,35.39214,5,3,0.85727,0.91692,140.9115,-0.2393,0.3066,3,16.63744,18.27152,0.26071,0.20496,0.16857,-0.0668,-0.6313,0.51777,0.5344,0.27878,0.37902,0.43413,0.43616,0.32616,0.1332,0.96277,0.95133,298645,311352,243883
Ford Motor Company,0.01782,2,3,,0.36577,Automotive,20.36,0.34743,F,P,20,F     220916P00020000,2565,9/16/2022 12:00:00 AM,13296,619,3.1,3.2,1.57109,40.02918,5,3,0.88847,0.94719,130.0118,-0.2281,0.28654,3,17.12889,20.22511,0.3014,0.18139,0.19488,-0.01768,-0.64698,0.51525,0.53127,0.27284,0.46774,0.4829,0.48342,0.34899,0.18232,0.84657,0.83513,301445,311995,249320
Grid Dynamics Holdings Inc,0,1,1,e,0.49411,IT Service,26.91,0.52723,GDYN,P,25,GDYN  220916P00025000,485032,9/16/2022 12:00:00 AM,1,0,4.1,5.2,2.04506,33.29679,5,3,0.71024,1.09257,131.3138,-0.1771,0.21061,3,21.18611,22.55426,0.3211,0.23478,0.20762,-0.07098,-1.0928,0.62557,0.76542,0.36578,0.38621,0.43285,0.44504,0.47481,0.12902,1.19232,1.18088,324059,313193,229486
Ally Financial Inc,0.02449,1,3,,0.41385,Bank,46.77,0.31907,ALLY,P,43,ALLY  220916P00043000,841749,9/16/2022 12:00:00 AM,0,0,3.6,4,1.70518,33.96823,5,3,0.64081,0.77289,172.1605,-0.34508,0.48911,3,39.89211,14.0207,0.15901,0.16902,0.10281,-0.08061,-1.01603,0.36572,0.39516,0.22289,0.32837,0.39325,0.40103,0.20445,0.11939,0.65614,0.6447,307531,312041,153479
Ally Financial Inc,0.02449,1,3,,0.41385,Bank,46.77,0.31907,ALLY,P,44,ALLY  220916P00044000,766844,9/16/2022 12:00:00 AM,0,0,4,4.4,2.03537,36.74492,5,3,0.64882,0.77976,165.3532,-0.33973,0.47526,3,40.50355,14.91027,0.17236,0.1562,0.11144,-0.05923,-1.0251,0.36129,0.38998,0.21912,0.37388,0.42268,0.4283,0.21041,0.14077,0.61898,0.60753,308034,312186,155323
Clearfield Inc,0,1,1,e,0.4835,Telecom. Equipment,49.08,0.49332,CLFD,P,50,CLFD  220916P00050000,657901,9/16/2022 12:00:00 AM,0,0,10.6,13,6.26518,38.6484,5,3,0.72571,1.13651,115.7178,-0.15009,0.17296,3,39.97222,27.688,0.39768,0.19723,0.28048,0.01874,-2.24117,0.66761,0.82653,0.38686,0.50914,0.5053,0.50428,0.57817,0.2,0.99759,1.07987,325394,313397,238081
Clearfield Inc,0,1,1,e,0.4835,Telecom. Equipment,49.08,0.49332,CLFD,P,55,CLFD  220916P00055000,657902,9/16/2022 12:00:00 AM,0,0,13.4,16.4,9.55683,45.03631,5,3,0.61477,1.09724,109.8754,-0.1404,0.15762,3,42.22944,33.20844,0.29579,0.1524,0.33356,0.12062,-2.26656,0.64297,0.83508,0.39818,0.62549,0.57853,0.56062,0.63444,0.2,0.77347,1.36512,324221,311506,230418
Global Payments Inc,0.00686,1,4,,0.33424,Financial Svcs. (Div.),140.59,0.32226,GPN,P,130,GPN   220916P00130000,254549,9/16/2022 12:00:00 AM,31,0,11.4,12.7,5.23466,33.50827,5,3,0.66605,0.80347,168.6114,-0.32898,0.45947,3,120.0878,14.33161,0.16636,0.16786,0.10757,-0.07533,-3.21049,0.38479,0.41653,0.23096,0.32296,0.39137,0.39946,0.21764,0.12467,0.66183,0.65039,309737,312497,161568
Meta Platforms Inc,0,1,3,,0.33392,Internet,307.81,0.34426,FB,P,290,FB    220916P00290000,9986,9/16/2022 12:00:00 AM,4713,2744,26.65,27.25,14.02558,35.03748,5,3,0.57476,0.60187,181.8266,-0.33706,0.47336,3,266.6689,15.7221,0.17421,0.15588,0.11264,-0.05786,-6.82453,0.38158,0.38815,0.24231,0.35769,0.40844,0.40997,0.21126,0.14214,0.62056,0.60912,292008,310610,107715
Signature Bank,0.00637,1,3,,0.40214,Bank,314,0.37712,SBNY,P,290,SBNY  220916P00290000,698241,9/16/2022 12:00:00 AM,0,0,29.2,32.5,14.56681,33.66973,5,3,0.60938,0.7446,169.7997,-0.29375,0.39623,3,264.1189,16.57174,0.19086,0.18087,0.12341,-0.07643,-8.04308,0.42774,0.46368,0.26578,0.34225,0.40034,0.40792,0.25238,0.12357,0.76402,0.75258,305431,311399,145954
Signature Bank,0.00637,1,3,,0.40214,Bank,314,0.37712,SBNY,P,300,SBNY  220916P00300000,606923,9/16/2022 12:00:00 AM,0,0,33.8,36.8,17.97901,37.19869,5,3,0.64468,0.76678,159.2634,-0.28563,0.37941,3,269.6333,17.81679,0.21408,0.16367,0.13842,-0.04459,-8.19062,0.42538,0.45696,0.25864,0.39954,0.4385,0.44272,0.26357,0.15541,0.70407,0.69262,307070,312109,151904
Booking Holdings Inc,0,1,4,,0.333,Internet,2349.8,0.32708,BKNG,P,2200,BKNG  220916P02200000,262078,9/16/2022 12:00:00 AM,29,0,185.1,201,94.92617,34.20191,5,3,0.57016,0.66881,181.3316,-0.3484,0.49558,3,2040.078,14.69669,0.15978,0.15397,0.10331,-0.06375,-50.41056,0.36434,0.38723,0.23204,0.3393,0.39592,0.40195,0.20178,0.13625,0.58959,0.57815,298799,310497,125725
Perficient Inc,0,1,1,e,0.39576,E-Commerce,101.19,0.36501,PRFT,P,95,PRFT  221118P00095000,444078,11/18/2022 12:00:00 AM,2,0,12.5,14.3,5.61659,34.59407,5,3,0.80845,1.01859,123.5296,-0.23211,0.29438,3,83.87745,16.23359,0.20266,0.1992,0.16601,-0.06117,-2.50413,0.45826,0.51151,0.2534,0.36751,0.42577,0.43342,0.3397,0.13883,0.90431,0.88981,321367,314275,213748
Perficient Inc,0,1,1,e,0.39576,E-Commerce,101.19,0.36501,PRFT,P,100,PRFT  221118P00100000,372768,11/18/2022 12:00:00 AM,7,0,14.9,17.7,7.63765,38.90934,5,3,0.82891,1.15162,111.194,-0.21726,0.26881,3,86.54995,17.80175,0.23144,0.17351,0.18959,-0.01176,-2.6175,0.45185,0.53158,0.24706,0.45313,0.47433,0.47818,0.372,0.18824,0.79673,0.78223,325886,314435,241005
Transdigm Group Incorporated,0,1,3,,0.39807,Aerospace/Defense,619.73,0.31124,TDG,P,580,TDG   221118P00580000,881914,11/18/2022 12:00:00 AM,0,0,58.1,66.9,26.33326,34.28523,5,3,0.72366,0.92102,137.7426,-0.29306,0.39403,3,530.3097,13.74647,0.1536,0.17236,0.12582,-0.06411,-12.26987,0.37319,0.41592,0.21651,0.34013,0.40552,0.41507,0.25379,0.13589,0.70439,0.68989,316867,313377,190948
Transdigm Group Incorporated,0,1,3,,0.39807,Aerospace/Defense,619.73,0.31124,TDG,P,590,TDG   221118P00590000,695626,11/18/2022 12:00:00 AM,0,0,62.6,70.9,29.70404,36.061,5,3,0.73793,0.92258,133.9839,-0.28963,0.38646,3,535.9547,14.29285,0.1626,0.16348,0.13319,-0.04797,-12.34692,0.37197,0.41149,0.21403,0.37122,0.42501,0.43214,0.25876,0.15203,0.67893,0.66443,316942,313556,191333
Transdigm Group Incorporated,0,1,3,,0.39807,Aerospace/Defense,619.73,0.31124,TDG,P,600,TDG   221118P00600000,600768,11/18/2022 12:00:00 AM,0,0,66.5,74.8,33.50339,37.87176,5,3,0.73017,0.91356,131.6883,-0.28799,0.38234,3,542.1996,14.88009,0.16986,0.15364,0.13915,-0.03184,-12.30998,0.36709,0.406,0.21217,0.40362,0.44393,0.44927,0.26155,0.16816,0.6526,0.6381,316449,313452,189189
Citi Trends Inc,0,2,1,,0.54569,Retail (SoftLines),54.17,0.51421,CTRN,P,55,CTRN  221216P00055000,585490,12/16/2022 12:00:00 AM,0,0,14.1,18.5,7.04372,34.88102,5,3,1.0271,1.69618,74.85833,-0.11144,0.12163,4,41.77215,22.40653,0.37985,0.24497,0.3606,0.01532,-2.20513,0.70316,0.93525,0.34688,0.49921,0.49961,0.49971,0.82214,0.2,1.2407,1.30146,332484,313987,319090
Citi Trends Inc,0,2,1,,0.54569,Retail (SoftLines),54.17,0.51421,CTRN,P,60,CTRN  221216P00060000,271584,12/16/2022 12:00:00 AM,26,0,17.2,21.5,10.19925,39.42261,5,3,0.97546,1.59311,72.47531,-0.10616,0.11564,4,43.75144,25.76341,0.31423,0.20989,0.41773,0.10762,-2.23465,0.69714,0.91511,0.3529,0.60201,0.55206,0.53971,0.86476,0.2,1.06533,1.58759,330631,313396,314750
Citi Trends Inc,0,2,1,,0.54569,Retail (SoftLines),54.17,0.51421,CTRN,P,65,CTRN  221216P00065000,382759,12/16/2022 12:00:00 AM,6,0,20.7,25,13.99695,43.49384,5,3,0.89625,1.47387,70.80999,-0.09959,0.10757,4,45.33072,29.73448,0.26639,0.1822,0.48313,0.19993,-2.2642,0.70004,0.91328,0.36917,0.68304,0.59915,0.57632,0.92965,0.2,0.92688,1.91065,327888,312134,308269
LivaNova PLC,0,2,2,,0.42109,Medical Supplies,79.82,0.39695,LIVN,P,75,LIVN  221216P00075000,166423,12/16/2022 12:00:00 AM,100,0,13.9,17.5,5.28544,33.19126,5,3,1.13141,1.61035,86.14397,-0.15643,0.1829,4,62.28929,16.85194,0.27163,0.25038,0.24335,-0.06039,-2.52107,0.58437,0.71568,0.27417,0.38166,0.44382,0.45408,0.54674,0.13961,1.26317,1.24731,330956,314717,315560
LivaNova PLC,0,2,2,,0.42109,Medical Supplies,79.82,0.39695,LIVN,P,80,LIVN  221216P00080000,484337,12/16/2022 12:00:00 AM,1,0,17,20.5,7.47287,37.00068,5,3,1.21461,1.67243,78.53421,-0.14654,0.16997,4,64.26858,18.36124,0.31571,0.21072,0.2857,0.00226,-2.62184,0.59345,0.71613,0.26797,0.47861,0.49034,0.49199,0.58833,0.2,1.06948,1.0649,332077,315017,318169
PTC Inc,0,1,3,,0.36191,Computer Software/Svcs,117.18,0.34859,PTC,P,110,PTC   221216P00110000,164512,12/16/2022 12:00:00 AM,102,0,13.2,16.5,6.46373,34.50901,5,3,0.68349,1.0161,123.4951,-0.24175,0.30727,3,98.5443,15.52458,0.16991,0.18978,0.15222,-0.06127,-2.54,0.40897,0.48977,0.24293,0.36544,0.41906,0.43227,0.32544,0.13873,0.82787,0.81201,321263,312800,213179
PTC Inc,0,1,3,,0.36191,Computer Software/Svcs,117.18,0.34859,PTC,P,115,PTC   221216P00115000,131221,12/16/2022 12:00:00 AM,165,0,15,18.3,8.39892,38.64278,5,3,0.65337,0.98191,120.021,-0.24201,0.30573,3,101.8236,16.93484,0.18513,0.16247,0.16586,-0.0186,-2.49116,0.39127,0.46902,0.23665,0.43856,0.46274,0.46891,0.32708,0.1814,0.72154,0.70568,319821,312252,205456
T Rowe Price Group Inc,0.02813,2,2,,0.29709,Asset Management,159.25,0.25101,TROW,P,150,TROW  221216P00150000,231863,12/16/2022 12:00:00 AM,42,4,16.4,17.7,6.50995,37.4957,5,3,1.03346,1.16865,110.2494,-0.29465,0.39473,4,135.9786,11.99307,0.15472,0.17692,0.13861,-0.05808,-2.80641,0.35122,0.37457,0.17272,0.37871,0.43963,0.44337,0.25334,0.14192,0.74152,0.72566,316734,314041,281818
T Rowe Price Group Inc,0.02813,2,2,,0.29709,Asset Management,159.25,0.25101,TROW,P,155,TROW  221216P00155000,235674,12/16/2022 12:00:00 AM,40,1,19,20.4,8.55268,41.15514,5,3,1.0704,1.21467,102.7383,-0.28259,0.37106,4,138.4579,12.93719,0.17364,0.16185,0.15556,-0.02669,-2.85611,0.35145,0.37594,0.16975,0.45613,0.47878,0.48016,0.2695,0.17331,0.70426,0.68841,319015,314371,286982
Transdigm Group Incorporated,0,1,3,,0.39807,Aerospace/Defense,619.73,0.31114,TDG,P,600,TDG   221216P00600000,793214,12/16/2022 12:00:00 AM,0,0,69.7,77.6,35.16821,37.65698,5,3,0.73202,0.89935,125.4752,-0.27604,0.36309,3,539.8143,14.78594,0.16441,0.16016,0.14729,-0.03184,-11.6217,0.36724,0.40272,0.21203,0.40508,0.44484,0.44968,0.27542,0.16816,0.68466,0.6688,315737,313473,185805
Transdigm Group Incorporated,0,1,3,,0.39807,Aerospace/Defense,619.73,0.31114,TDG,P,610,TDG   221216P00610000,793215,12/16/2022 12:00:00 AM,0,0,74.6,83.3,39.42701,39.38746,5,3,0.73663,0.91936,121.6283,-0.27063,0.35248,3,545.0729,15.37643,0.17323,0.15193,0.15519,-0.0157,-11.73152,0.3661,0.40462,0.21081,0.43692,0.46358,0.46703,0.2837,0.1843,0.66901,0.65315,316778,313538,190575
Mettler Toledo International Inc,0,1,3,,0.27228,Precision Instrument,1461,0.24374,MTD,P,1400,MTD   221216P01400000,673488,12/16/2022 12:00:00 AM,0,0,149.5,158.5,84.79346,36.61489,5,3,0.54816,0.62419,147.9853,-0.29877,0.40283,3,1272.7,15.44606,0.15115,0.15994,0.13541,-0.04175,-25.40689,0.35267,0.36999,0.2278,0.39306,0.43043,0.43366,0.24824,0.15825,0.66248,0.64663,294380,309944,113754
Mettler Toledo International Inc,0,1,3,,0.27228,Precision Instrument,1461,0.24374,MTD,P,1410,MTD   221216P01410000,747141,12/16/2022 12:00:00 AM,0,0,153.5,163,88.82264,37.4036,5,3,0.54457,0.62419,146.6626,-0.29749,0.3997,3,1278.859,15.73653,0.15406,0.15583,0.13802,-0.03491,-25.42011,0.35091,0.369,0.22719,0.40556,0.43852,0.44151,0.25019,0.16509,0.65226,0.6364,294382,309846,113757
Mettler Toledo International Inc,0,1,3,,0.27228,Precision Instrument,1461,0.24374,MTD,P,1420,MTD   221216P01420000,619790,12/16/2022 12:00:00 AM,0,0,158,167,93.02028,38.19836,5,3,0.54374,0.61914,145.4728,-0.29625,0.39688,3,1284.517,16.03411,0.15745,0.15207,0.14106,-0.02806,-25.41099,0.34992,0.36701,0.22667,0.41817,0.44677,0.44924,0.25197,0.17194,0.64484,0.62898,293867,309821,112436
Ardelyx Inc,0,3,3,e,0.75253,Biotechnology,0.83,0.75841,ARDX,P,1,ARDX  230120P00001000,154901,1/20/2023 12:00:00 AM,116,2,0.5,0.6,0.29979,27.78612,5,3,1.04466,1.63898,47.48844,-0.04101,0.04342,5,0.51755,31.25681,0.68317,0.39759,1.01755,0.20482,-0.05067,1.24203,1.60305,0.60745,0.60987,0.55427,0.5421,2.30311,0.2,2.00551,3.01205,325465,309849,325168
IVERIC bio Inc,0,2,3,e,0.65752,Biotechnology,12.74,0.65476,ISEE,P,15,ISEE  230120P00015000,385070,1/20/2023 12:00:00 AM,6,0,7.4,9.7,3.58735,25.38479,5,3,1.72342,2.96837,32.31643,-0.03728,0.03938,5,7.86332,21.40173,0.69962,0.40345,0.99124,0.17739,-0.79771,1.23989,1.80668,0.45527,0.62607,0.54698,0.53228,2.53927,0.2,2.03482,2.90424,342238,315501,339623
IVERIC bio Inc,0,2,3,e,0.65752,Biotechnology,12.74,0.65476,ISEE,P,17.5,ISEE  230120P00017500,618132,1/20/2023 12:00:00 AM,0,0,8.9,11.5,5.66762,30.53265,5,3,1.30299,2.47901,35.75,-0.03881,0.0386,5,8.9072,28.20086,0.50308,0.32496,1.05244,0.37363,-0.81689,1.14864,1.73519,0.49876,0.727,0.60341,0.56889,2.59037,0.2,1.64236,3.49294,340240,315225,335507
Bloomin Brands Inc,0,2,4,,0.53732,Restaurant,20.07,0.4106,BLMN,P,20,BLMN  230120P00020000,145134,1/20/2023 12:00:00 AM,134,0,3.8,4.5,1.97814,37.58841,5,3,0.85093,1.18391,93.80421,-0.16713,0.19827,4,16.55109,19.29956,0.25421,0.21038,0.25212,-0.00349,-0.52927,0.51319,0.60551,0.27726,0.46962,0.48357,0.48608,0.50437,0.19651,0.98104,0.96349,317519,311217,283639
Ford Motor Company,0.01782,2,3,,0.36577,Automotive,20.36,0.34083,F,P,20,F     230120P00020000,333,1/20/2023 12:00:00 AM,40245,2944,3.7,3.85,1.93004,38.69175,5,3,0.85679,0.9304,102.0862,-0.18598,0.22617,3,16.65109,19.16746,0.24658,0.21697,0.24455,-0.01768,-0.48723,0.49671,0.5164,0.26751,0.47348,0.48571,0.48626,0.44215,0.18232,1.01432,0.99677,299942,311342,246262
IVERIC bio Inc,0,2,3,e,0.65752,Biotechnology,12.74,0.65476,ISEE,P,20,ISEE  230120P00020000,826356,1/20/2023 12:00:00 AM,0,0,10.6,13.8,7.98888,34.05291,5,3,0.9458,2.18296,37.60417,-0.03787,0.03472,5,9.75109,35.28008,0.37596,0.26217,1.14521,0.56986,-0.84117,1.0886,1.78074,0.55946,0.7817,0.65535,0.59654,2.88037,0.2,1.32839,4.16013,338249,312982,331483
Spirit Aerosystems Holdings Inc,0.00085,2,4,,0.56977,Aerospace/Defense,44.85,0.41564,SPR,P,40,SPR   230120P00040000,72512,1/20/2023 12:00:00 AM,479,15,6.4,6.9,2.55543,30.37517,5,3,0.86009,0.97069,110.539,-0.18483,0.22729,3,34.30218,16.29459,0.20975,0.26839,0.20803,-0.10814,-1.09856,0.53883,0.57087,0.28968,0.32469,0.40345,0.40878,0.43997,0.1,1.44453,1.42698,303452,311420,253375
Ally Financial Inc,0.02449,1,3,,0.41385,Bank,46.77,0.31889,ALLY,P,45,ALLY  230120P00045000,25888,1/20/2023 12:00:00 AM,1849,126,5.85,5.9,3.17366,39.33346,5,3,0.70647,0.7199,123.1263,-0.26743,0.34843,3,39.93995,15.72755,0.16836,0.18048,0.16698,-0.03784,-0.79969,0.36846,0.37136,0.21592,0.44113,0.46542,0.46569,0.287,0.16216,0.78892,0.77136,303383,313137,139400
Sunrun Inc,0,3,3,,0.6507,Power,26.85,0.68932,RUN,P,45,RUN1  230120P00045000,355262,1/20/2023 12:00:00 AM,10,0,30.2,30.5,20.87503,30.20282,5,3,1.24619,1.29044,36.06779,-0.02583,0.0277,4,15.58995,40.70501,0.83864,0.44879,2.0581,0.67598,-1.9398,1.63471,1.66691,0.72777,0.75436,0.62036,0.6181,3.61029,0.2,2.2615,5.62384,308827,313647,312097
Spirit Aerosystems Holdings Inc,0.00085,2,4,,0.56977,Aerospace/Defense,44.85,0.41564,SPR,P,45,SPR   230120P00045000,48904,1/20/2023 12:00:00 AM,845,5,8.8,9.4,4.65238,38.48931,5,3,0.85389,0.97929,98.92044,-0.17304,0.20786,3,36.98995,19.99163,0.25863,0.19287,0.26065,0.00334,-1.13981,0.51998,0.55515,0.28048,0.48091,0.4897,0.49035,0.4811,0.2,0.98188,0.98105,304191,311281,254917
Sunrun Inc,0,3,3,,0.6507,Power,26.85,0.68932,RUN,P,47,RUN1  230120P00047000,560150,1/20/2023 12:00:00 AM,0,0,32.15,32.5,22.65094,30.45498,5,3,1.25395,1.30473,34.55074,-0.02446,0.02621,4,15.67506,41.53158,0.83248,0.44693,2.18254,0.75047,-1.97361,1.65981,1.6972,0.7364,0.7702,0.62858,0.62584,3.81555,0.2,2.25219,5.98696,309821,313739,312854
General Motors Company,0,2,3,,0.3821,Automotive,52.44,0.34913,GM,P,50,GM    230120P00050000,664,1/20/2023 12:00:00 AM,29755,443,7.1,7.65,3.35015,35.60775,5,3,0.80302,0.92069,113.2476,-0.22541,0.28458,3,43.77773,15.8138,0.18457,0.19948,0.18306,-0.04653,-1.07405,0.4324,0.46062,0.23982,0.39243,0.43983,0.44349,0.35139,0.15347,0.89976,0.88221,298981,310080,244545
Penn National Gaming Inc,0,2,3,v,0.66155,Hotel/Gaming,42.3,0.66086,PENN,P,50,PENN1 230120P00050000,817665,1/20/2023 12:00:00 AM,0,0,21.3,25.5,12.12835,32.81927,5,3,1.21002,1.81015,50.81099,-0.05798,0.0613,4,29.57773,27.96263,0.49549,0.32151,0.75971,0.18203,-2.24712,1.01681,1.29292,0.46009,0.62804,0.55876,0.54627,1.63141,0.2,1.62512,2.51773,334238,315005,322938
General Motors Company,0,2,3,,0.3821,Automotive,52.44,0.34913,GM,P,52.5,GM    230120P00052500,6255,1/20/2023 12:00:00 AM,6953,23,8.4,8.9,4.44642,39.83651,5,3,0.82412,0.92926,106.0629,-0.21648,0.26933,3,45.02161,17.39454,0.20838,0.15904,0.20803,0.00114,-1.08858,0.43011,0.4549,0.23579,0.47214,0.48472,0.48555,0.37129,0.2,0.81275,0.80092,299845,310589,246053
Sunrun Inc,0,3,3,,0.6507,Power,26.85,0.68932,RUN,P,55,RUN1  230120P00055000,750221,1/20/2023 12:00:00 AM,0,0,40.1,43,29.94123,27.65454,5,3,1.28636,1.70728,25.63574,-0.01721,0.01871,5,15.8655,39.46815,0.82636,0.44507,2.70883,1.04842,-2.14016,1.76205,2.08645,0.77068,0.81896,0.65492,0.63181,5.34427,0.2,2.24288,7.46741,327472,314065,326907
Sunrun Inc,0,3,3,,0.6507,Power,26.85,0.68932,RUN,P,60,RUN1  230120P00060000,690369,1/20/2023 12:00:00 AM,0,0,45.05,46.55,34.59841,29.89305,5,3,1.295,1.49942,25.72438,-0.01701,0.01812,4,16.00327,43.78113,0.82028,0.4432,3.03093,1.23464,-2.16957,1.81507,1.97674,0.79088,0.84101,0.66826,0.65525,5.51824,0.2,2.23357,8.3892,320565,314140,320997
NovoCure Ltd,0,3,3,,0.57328,Medical Supplies  (Noninvasive),68.94,0.57844,NVCR,P,65,NVCR  230120P00065000,88444,1/20/2023 12:00:00 AM,346,3,21.3,23.9,9.58305,28.43264,5,3,1.04199,1.28624,73.66445,-0.08219,0.0919,4,44.84104,24.06244,0.50915,0.38367,0.50497,-0.05715,-2.97575,0.93319,1.04481,0.457,0.43334,0.46724,0.47073,1.08819,0.14285,2.18043,2.16288,308511,309768,311884
Sunrun Inc,0,3,3,,0.6507,Power,26.85,0.68932,RUN,P,65,RUN1  230120P00065000,750222,1/20/2023 12:00:00 AM,0,0,50.05,50.25,39.30295,31.83614,5,3,1.30755,1.33347,25.58682,-0.01656,0.01758,4,16.09104,47.73004,0.82028,0.4432,3.36538,1.42086,-2.19127,1.86817,1.88915,0.80959,0.85877,0.67931,0.67746,5.68987,0.2,2.23357,9.3203,311732,314262,314270
GoDaddy Inc,0,1,4,,0.35813,E-Commerce,73.27,0.36019,GDDY,P,67.5,GDDY  230120P00067500,871282,1/20/2023 12:00:00 AM,0,0,8,8.8,4.10484,32.73525,5,3,0.58763,0.70682,135.9065,-0.25065,0.32559,3,60.68493,15.44134,0.15327,0.20549,0.15201,-0.07875,-1.36942,0.4044,0.43476,0.25472,0.34733,0.40236,0.40905,0.30713,0.12125,0.91805,0.9005,302285,310926,135813
GoDaddy Inc,0,1,4,,0.35813,E-Commerce,73.27,0.36019,GDDY,P,70,GDDY  230120P00070000,237146,1/20/2023 12:00:00 AM,40,0,9,10,4.95495,35.96083,5,3,0.59858,0.74673,128.2273,-0.24493,0.31411,3,62.22882,16.4967,0.16646,0.18502,0.1651,-0.04463,-1.3879,0.396,0.4327,0.24772,0.39889,0.43633,0.44169,0.31836,0.15537,0.80814,0.79058,305585,311160,146519
NovoCure Ltd,0,3,3,,0.57328,Medical Supplies  (Noninvasive),68.94,0.57844,NVCR,P,70,NVCR  230120P00070000,172271,1/20/2023 12:00:00 AM,92,0,25.1,27.6,12.22484,30.72366,5,3,1.10596,1.33441,67.73312,-0.07636,0.08493,4,46.12882,25.80503,0.55755,0.34871,0.57657,0.01538,-3.12508,0.95516,1.05877,0.45355,0.49797,0.49904,0.49913,1.17745,0.2,1.7611,1.82042,311798,311324,314320
GoDaddy Inc,0,1,4,,0.35813,E-Commerce,73.27,0.36019,GDDY,P,72.5,GDDY  230120P00072500,389118,1/20/2023 12:00:00 AM,6,0,10.3,11.5,6.01564,39.15003,5,3,0.62254,0.79805,119.6513,-0.23415,0.29562,3,63.4727,17.68421,0.18467,0.16864,0.18315,-0.01051,-1.42296,0.39577,0.43858,0.24392,0.45392,0.47156,0.47433,0.33827,0.18949,0.75942,0.74186,309362,311677,160169
NovoCure Ltd,0,3,3,,0.57328,Medical Supplies  (Noninvasive),68.94,0.57844,NVCR,P,75,NVCR  230120P00075000,242773,1/20/2023 12:00:00 AM,37,0,28.4,30.2,15.32817,33.60079,5,3,1.08396,1.24151,66.97723,-0.07504,0.08353,4,47.91659,28.3852,0.50107,0.32405,0.627,0.0879,-3.158,0.95066,1.02253,0.45618,0.55836,0.52808,0.52611,1.19723,0.2,1.6378,2.05976,305208,310830,309366
NovoCure Ltd,0,3,3,,0.57328,Medical Supplies  (Noninvasive),68.94,0.57844,NVCR,P,80,NVCR  230120P00080000,180067,1/20/2023 12:00:00 AM,82,2,31.8,34.3,18.8355,35.84446,5,3,1.03927,1.24953,64.38519,-0.07129,0.07867,4,49.60436,30.78044,0.45156,0.30084,0.67731,0.16043,-3.24235,0.94563,1.04313,0.46371,0.61186,0.55542,0.55026,1.27117,0.2,1.52176,2.30635,305784,309695,309825
CarMax Group,0,1,1,,0.3669,Retail Automotive,111.82,0.35154,KMX,P,100,KMX   230120P00100000,146114,1/20/2023 12:00:00 AM,132,3,11.6,12.5,5.18833,30.33275,5,3,0.66064,0.75113,134.4658,-0.24703,0.32133,3,90.15545,14.35244,0.15001,0.227,0.14878,-0.10571,-2.11968,0.42431,0.44743,0.25551,0.30571,0.37983,0.38586,0.3112,0.1,1.05494,1.03738,305922,312393,147652
CarMax Group,0,1,1,,0.3669,Retail Automotive,111.82,0.35154,KMX,P,105,KMX   230120P00105000,152789,1/20/2023 12:00:00 AM,120,0,13.6,14.4,6.6452,34.39274,5,3,0.69847,0.77846,125.2859,-0.24229,0.31159,3,93.24322,15.5589,0.16773,0.20017,0.16635,-0.06099,-2.14953,0.41492,0.43446,0.24429,0.37039,0.42278,0.42622,0.32093,0.13901,0.89249,0.87494,307942,313019,155001
CarMax Group,0,1,1,,0.3669,Retail Automotive,111.82,0.35154,KMX,P,110,KMX   230120P00110000,150028,1/20/2023 12:00:00 AM,124,5,16.1,16.6,8.62931,38.59342,5,3,0.73136,0.78064,117.3135,-0.23441,0.297,3,95.831,17.03971,0.19058,0.17781,0.18901,-0.01628,-2.17471,0.41279,0.42454,0.23842,0.44313,0.46708,0.46799,0.3367,0.18372,0.80124,0.78368,308099,313463,155575
Global Payments Inc,0.00686,1,4,,0.33424,Financial Svcs. (Div.),140.59,0.31927,GPN,P,135,GPN   230120P00135000,222525,1/20/2023 12:00:00 AM,47,0,15.8,19.5,8.63021,37.20802,5,3,0.62379,0.94564,120.0942,-0.25935,0.33411,3,121.5699,15.05891,0.15135,0.1697,0.1501,-0.03976,-2.51561,0.35488,0.42522,0.21855,0.40679,0.44227,0.45177,0.2993,0.16024,0.7189,0.70135,318116,311700,196920
Meta Platforms Inc,0,1,3,,0.33392,Internet,307.81,0.34463,FB,P,295,FB    230120P00295000,27748,1/20/2023 12:00:00 AM,1707,47,35.95,36.85,20.02295,36.39555,5,3,0.58434,0.61744,136.3543,-0.26848,0.35238,3,264.2286,15.98641,0.15763,0.17596,0.15633,-0.04162,-5.31743,0.37579,0.38364,0.23719,0.39964,0.43625,0.43754,0.28378,0.15838,0.75496,0.73741,293686,310846,111979
Meta Platforms Inc,0,1,3,,0.33392,Internet,307.81,0.34463,FB,P,300,FB    230120P00300000,3883,1/20/2023 12:00:00 AM,10017,112,38.25,39.15,22.01875,38.09337,5,3,0.59047,0.62329,132.8593,-0.2651,0.34567,3,267.0164,16.57273,0.16504,0.16719,0.16369,-0.02537,-5.3341,0.37365,0.38136,0.23493,0.42666,0.45373,0.45466,0.28929,0.17463,0.72916,0.7116,294288,310979,113522
Meta Platforms Inc,0,1,3,,0.33392,Internet,307.81,0.34463,FB,P,305,FB    230120P00305000,38553,1/20/2023 12:00:00 AM,1149,37,40.65,41.55,24.23186,39.80387,5,3,0.59228,0.62463,129.788,-0.26168,0.33883,3,269.7041,17.20559,0.17275,0.15875,0.17133,-0.00913,-5.34002,0.37167,0.37922,0.23342,0.45423,0.47122,0.47179,0.29514,0.19087,0.70945,0.69189,294411,311016,113889
MicroStrategy Inc,0,3,3,e,0.5586,Computer Software/Svcs,371.62,0.58822,MSTR,P,350,MSTR  230120P00350000,162178,1/20/2023 12:00:00 AM,105,2,100.1,108.5,43.89491,30.29277,5,3,1.04333,1.20518,80.57059,-0.10124,0.11544,4,256.0441,22.52829,0.42158,0.34509,0.41811,-0.05818,-14.17657,0.82058,0.88558,0.40159,0.42318,0.46223,0.46499,0.86624,0.14182,1.91684,1.89929,302136,309804,307079
MicroStrategy Inc,0,3,3,e,0.5586,Computer Software/Svcs,371.62,0.58822,MSTR,P,360,MSTR  230120P00360000,178342,1/20/2023 12:00:00 AM,85,0,106.1,110,48.57147,31.75168,5,3,1.0545,1.12853,80.9255,-0.10223,0.11696,4,260.2196,23.44568,0.43904,0.33433,0.43544,-0.03127,-14.09901,0.81921,0.84873,0.39874,0.45058,0.4759,0.47673,0.85503,0.16873,1.70963,1.69208,294830,310121,301646
MicroStrategy Inc,0,3,3,e,0.5586,Computer Software/Svcs,371.62,0.58822,MSTR,P,370,MSTR  230120P00370000,399760,1/20/2023 12:00:00 AM,5,1,111.4,123.5,53.68918,32.54747,5,3,1.04348,1.27206,76.02003,-0.09706,0.10964,4,265.0952,23.93987,0.45205,0.32168,0.44834,-0.00436,-14.62101,0.81165,0.90244,0.39719,0.4779,0.48918,0.49027,0.91204,0.19564,1.54979,1.53224,307482,309808,311083
MicroStrategy Inc,0,3,3,e,0.5586,Computer Software/Svcs,371.62,0.58822,MSTR,P,380,MSTR  230120P00380000,235902,1/20/2023 12:00:00 AM,40,15,117.5,129.2,59.23554,33.76204,5,3,1.03961,1.25765,75.00423,-0.09589,0.10825,4,269.1707,24.8101,0.43684,0.29363,0.46517,0.02255,-14.71966,0.80936,0.89588,0.39682,0.50479,0.50235,0.50212,0.9238,0.2,1.48572,1.58092,306404,309705,310254
MicroStrategy Inc,0,3,3,e,0.5586,Computer Software/Svcs,371.62,0.58822,MSTR,P,390,MSTR  230120P00390000,307993,1/20/2023 12:00:00 AM,16,0,124,135.6,65.19862,34.90973,5,3,1.03527,1.24826,73.82757,-0.09433,0.10623,4,272.8463,25.70132,0.41806,0.28422,0.48372,0.04946,-14.8479,0.80914,0.89382,0.39756,0.53092,0.51521,0.51377,0.94133,0.2,1.43863,1.66837,305704,309571,309761
Booking Holdings Inc,0,1,4,,0.333,Internet,2349.8,0.32556,BKNG,P,2300,BKNG  230120P02300000,157569,1/20/2023 12:00:00 AM,112,0,277.5,293.6,160.6593,38.66303,5,3,0.58796,0.66891,131.5771,-0.27712,0.36441,3,2062.875,15.85972,0.15604,0.15684,0.15476,-0.02119,-38.83169,0.35175,0.36968,0.22151,0.42988,0.4557,0.45784,0.27442,0.17881,0.67802,0.66046,298817,310934,125760
Meta Platforms Inc,0,1,3,,0.33392,Internet,307.81,0.34472,FB,P,300,FB    230317P00300000,105456,3/17/2023 12:00:00 AM,253,23,41.4,44,23.68509,37.52472,5,3,0.60143,0.69009,118.5303,-0.23948,0.30539,3,264.681,16.32603,0.15749,0.18014,0.18036,-0.02537,-5.01103,0.37624,0.39707,0.23494,0.42746,0.45455,0.45692,0.32745,0.17463,0.79047,0.7702,300844,311232,131376
General Motors Company,0,2,3,,0.3821,Automotive,52.44,0.34183,GM,P,52.5,GM    240119P00052500,23183,1/19/2024 12:00:00 AM,2080,2,11.4,13.2,5.83487,35.27332,5,3,0.85595,1.13946,64.66733,-0.13939,0.16273,4,42.94832,15.10025,0.15642,0.21625,0.31258,0.00114,-0.72436,0.42904,0.49458,0.23117,0.4584,0.47755,0.48053,0.61453,0.2,1.11644,1.08696,315219,311323,278409
