Company,DIV'D,CMRK,TechRank,^vCM,HISTVO,INDUST,CMPRICE,VOLF,TKR,C/P,STRIKE,OPTKR,Record Number,EXPDAY,OI,VOL,BID,ASK,EST,DLTA,Bid oprk,Ask oprk,Bid UN/OV,Ask UN/OV,RVOPT,10%,-10%,CCMPRK,CCMPBE,CCMPRV,CCPWPA,CCPWPT,CCPWMX,I/OTM,THETA,Bid Implied,Ask Implied,VOLFADJ,PrtbStrk VOLF,Bid PrtbStrk Implied,Ask PrtbStrk Implied,PctDble,Margin,Yld Margin,Max Margin,ROBUY,ROWRT,ROCCMP,05/17/2022
Charles Schwab Corporation,0.01229,1,1,,0.35403,Securities Brokerage,65.08,0.41939,SCHW,C,68,SCHW  220527C00068000,168540,5/27/2022 12:00:00 AM,151,10,0.54,0.67,0.80317,25.37672,3,1,-0.1713,-0.08496,2608.934,5.78994,-0.98032,2,64.5159,57.51244,0.28992,0.00867,0.05398,-0.04487,-6.04553,0.34489,0.38082,0.41618,0.27251,0.23259,0.25417,0.01727,0.15513,0.05402,0.05349,18442,75422,50583
Charles Schwab Corporation,0.01229,1,1,,0.35403,Securities Brokerage,65.08,0.41939,SCHW,C,68.5,SCHW  220527C00068500,502655,5/27/2022 12:00:00 AM,2,41,0.43,0.53,0.7451,21.45474,3,1,-0.21011,-0.1401,3095.023,6.7206,-0.9845,2,64.6259,63.10094,0.23299,0.00698,0.05992,-0.05255,-5.42846,0.34267,0.37304,0.43382,0.24892,0.19539,0.21525,0.01488,0.14745,0.04534,0.04481,14215,72209,60976
PayPal Holdings Inc,0,1,3,,0.40058,Financial Svcs. (Div.),79.72,0.62765,PYPL,C,87,PYPL  220527C00087000,154773,5/27/2022 12:00:00 AM,183,124,0.9,0.98,1.82839,21.27135,3,1,-0.26736,-0.2422,3003.088,3.19857,-0.89924,3,78.82,115.3929,0.37888,0.01129,0.10378,-0.09132,-10.85174,0.57987,0.59978,0.79148,0.26365,0.19412,0.2021,0.03126,0.10868,0.10441,0.10388,8078,56650,79145
Apple Inc,0.00628,1,2,,0.312,Computers/Peripherals,149.04,0.33197,AAPL,C,155,AAPL  220527C00155000,5688,5/27/2022 12:00:00 AM,9871,16523,1.01,1.05,1.29031,23.42526,3,1,-0.1043,-0.08906,2838.897,8.29361,-0.99423,2,148.0018,46.81127,0.23268,0.00697,0.04727,-0.03999,-10.92224,0.29568,0.30071,0.33011,0.24882,0.22447,0.22828,0.01206,0.16001,0.04288,0.04235,18119,81666,36487
Netflix Inc,0,1,3,,0.43324,Entertainment,190.37,0.9088,NFLX,C,175,NFLX  220527C00175000,171615,5/27/2022 12:00:00 AM,145,36,17.65,18.3,22.4957,79.65295,3,1,-0.43781,-0.37209,1583.892,0.94351,-0.67219,3,172.72,39.89303,0.43802,0.09271,0.0132,0.08074,-27.41767,0.59521,0.66479,1.05874,0.67757,0.79386,0.76855,0.10599,0.2,0.06042,0.46357,3175,48477,147044
Netflix Inc,0,1,3,,0.43324,Entertainment,190.37,0.9088,NFLX,C,202.5,NFLX  220527C00202500,167311,5/27/2022 12:00:00 AM,153,123,2.68,2.87,6.60485,26.94746,3,1,-0.38721,-0.36692,3253.599,3.18935,-0.91077,3,187.69,115.9398,0.4738,0.01408,0.07891,-0.06372,-26.72618,0.52517,0.54256,0.85702,0.34032,0.25089,0.2578,0.03135,0.13628,0.10383,0.1033,3320,50200,125486
HCA Healthcare Inc,0.01069,2,3,,0.37253,Medical Services,215.46,1.08203,HCA,C,205,HCA   220527C00205000,598610,5/27/2022 12:00:00 AM,0,0,11.7,14.4,20.28006,75.5904,3,1,-0.67478,-0.43976,2125.89,1.46828,-0.84461,3,203.6906,44.87207,0.21262,0.05462,0.00641,0.04855,-24.16958,0.32284,0.55614,0.99268,0.61409,0.81373,0.69765,0.06811,0.2,0.02931,0.27151,11079,48872,206334
Netflix Inc,0,1,3,,0.43324,Entertainment,190.37,0.9088,NFLX,C,205,NFLX  220527C00205000,86803,5/27/2022 12:00:00 AM,532,184,2.12,2.26,7.08463,22.58676,3,1,-0.45352,-0.43879,4009.106,3.60023,-0.92231,3,188.25,137.2494,0.37368,0.01114,0.08898,-0.07685,-24.13895,0.52319,0.5373,0.95739,0.32915,0.20917,0.21533,0.02778,0.12315,0.09096,0.09043,1867,48041,153480
HCA Healthcare Inc,0.01069,2,3,,0.37253,Medical Services,215.46,1.08203,HCA,C,210,HCA   220527C00210000,517908,5/27/2022 12:00:00 AM,2,0,8,9.9,14.75674,66.06289,3,1,-0.59779,-0.42439,2195.108,2.04624,-0.90943,3,207.3906,50.40854,0.41695,0.03745,0.01257,0.02534,-25.05881,0.32261,0.46169,0.80209,0.57372,0.67799,0.62661,0.04887,0.2,0.05948,0.18565,11979,52168,202680
Visa Inc,0.00813,1,3,,0.27727,Financial Svcs. (Div.),203.71,0.36356,V,C,212.5,V     220527C00212500,268276,5/27/2022 12:00:00 AM,43,58,1.12,1.27,2.07903,21.01886,3,1,-0.23653,-0.19688,3583.608,9.42816,-0.99576,3,202.5401,54.30538,0.19157,0.00574,0.04916,-0.04315,-13.68223,0.28347,0.29819,0.37129,0.25755,0.19694,0.20883,0.01061,0.15685,0.03559,0.03505,10610,70151,69058
HCA Healthcare Inc,0.01069,2,3,,0.37253,Medical Services,215.46,1.08203,HCA,C,215,HCA   220527C00215000,446270,5/27/2022 12:00:00 AM,5,0,4.9,6.5,11.13175,52.74017,3,1,-0.57343,-0.42616,2627.544,2.93373,-0.95083,3,210.4906,63.9338,0.71038,0.02306,0.02141,0.00213,-25.24948,0.31162,0.4192,0.73052,0.50739,0.51731,0.51287,0.03409,0.2,0.10357,0.11371,11876,53492,200462
Microsoft Corporation,0.00967,1,2,,0.28645,Computer Software/Svcs,266.42,0.36395,MSFT,C,275,MSFT  220527C00275000,45262,5/27/2022 12:00:00 AM,1349,3202,2.15,2.25,2.87549,27.40845,3,1,-0.13843,-0.11893,2630.263,7.55229,-0.9942,2,264.1924,44.68145,0.27962,0.00836,0.04089,-0.0322,-20.62543,0.28637,0.29285,0.33238,0.29283,0.26346,0.26805,0.01324,0.1678,0.04863,0.04809,15746,78394,42857
Microsoft Corporation,0.00967,1,2,,0.28645,Computer Software/Svcs,266.42,0.36395,MSFT,C,277.5,MSFT  220527C00277500,56165,5/27/2022 12:00:00 AM,1019,397,1.51,1.62,2.6688,21.37099,3,1,-0.22249,-0.19992,3544.089,9.59336,-0.99625,3,264.8324,52.63047,0.19881,0.00596,0.04782,-0.04159,-17.72071,0.28103,0.28919,0.36145,0.2593,0.2032,0.20989,0.01042,0.15841,0.03631,0.03578,10414,71235,64615
Shopify Inc,0,1,3,,0.57607,E-Commerce,372.45,0.88837,SHOP,C,425,SHOP  220527C00425000,129052,5/27/2022 12:00:00 AM,264,67,5.6,6.4,9.52512,20.71534,3,1,-0.19431,-0.15218,2614.319,1.9576,-0.78658,2,366.85,151.0652,0.50652,0.01504,0.15851,-0.14109,-71.81816,0.82897,0.87231,1.02889,0.23088,0.1805,0.19268,0.05108,0.1,0.15089,0.15036,13369,73473,56578
Alphabet Inc,0,1,2,,0.28266,Internet,2331.11,0.37559,GOOG,C,2415,GOOG  220527C02415000,405962,5/27/2022 12:00:00 AM,9,9,14.5,19.3,26.08037,24.98391,3,1,-0.24528,-0.13998,3056.172,8.3029,-0.99527,3,2316.61,49.31335,0.20769,0.00622,0.04247,-0.03599,-170.2135,0.26791,0.30529,0.35498,0.28602,0.22702,0.25558,0.01204,0.16401,0.03846,0.03793,14222,69460,71876
Alphabet Inc,0,1,2,,0.28266,Internet,2331.11,0.37559,GOOG,C,2420,GOOG  220527C02420000,352326,5/27/2022 12:00:00 AM,16,5,12.8,17.9,25.69735,23.39628,3,1,-0.27465,-0.16086,3329.221,8.93672,-0.99604,3,2318.31,51.35144,0.18321,0.00549,0.04386,-0.03813,-162.2435,0.26257,0.30376,0.36199,0.27859,0.20917,0.2421,0.01119,0.16187,0.03446,0.03392,12817,56213,81538
Alphabet Inc,0,1,2,,0.28266,Internet,2331.11,0.37559,GOOG,C,2425,GOOG  220527C02425000,301853,5/27/2022 12:00:00 AM,29,25,15.1,16.6,25.38053,23.22981,3,1,-0.21381,-0.18096,3221.172,8.42564,-0.99452,2,2316.01,52.50228,0.21634,0.00648,0.04706,-0.04028,-169.0266,0.29034,0.30247,0.3693,0.27173,0.21981,0.22909,0.01187,0.15972,0.04109,0.04056,11616,71912,62010
Amazon com Inc,0,1,3,,0.3137,Internet,2303.32,0.43686,AMZN,C,2430,AMZN  220527C02430000,300257,5/27/2022 12:00:00 AM,30,72,21.05,22.7,32.54642,23.71767,3,1,-0.18215,-0.15486,2771.042,5.14949,-0.96872,2,2282.27,69.09908,0.30604,0.00914,0.06473,-0.055,-230.8678,0.40005,0.4134,0.48915,0.26624,0.22266,0.23008,0.01942,0.145,0.06356,0.06303,13180,74507,53458
Amazon com Inc,0,1,3,,0.3137,Internet,2303.32,0.43686,AMZN,C,2435,AMZN  220527C02435000,366564,5/27/2022 12:00:00 AM,14,23,19.85,21.55,31.88644,22.76997,3,1,-0.19205,-0.1636,2874.752,5.32074,-0.97013,2,2283.47,70.58396,0.28845,0.00862,0.06636,-0.05717,-225.1233,0.39875,0.41279,0.49353,0.26022,0.21318,0.22113,0.01879,0.14283,0.06087,0.06034,12641,73675,55975
Amazon com Inc,0,1,3,,0.3137,Internet,2303.32,0.43686,AMZN,C,2440,AMZN  220527C02440000,100258,5/27/2022 12:00:00 AM,420,26,18.7,20.8,31.25487,21.93078,3,1,-0.20197,-0.16628,2961.187,5.45155,-0.97095,2,2284.62,71.98994,0.2716,0.00812,0.06801,-0.05934,-220.5937,0.39738,0.41515,0.49795,0.2544,0.20386,0.21404,0.01834,0.14066,0.05825,0.05772,12483,72876,58698
Amazon com Inc,0,1,3,,0.3137,Internet,2303.32,0.43686,AMZN,C,2445,AMZN  220527C02445000,305107,5/27/2022 12:00:00 AM,28,49,17.7,19.3,30.65059,20.93509,3,1,-0.20997,-0.18218,3095.886,5.68226,-0.97278,2,2285.62,73.56111,0.25696,0.00768,0.06973,-0.06151,-213.4326,0.39692,0.41088,0.50241,0.24879,0.19529,0.20344,0.0176,0.13849,0.05602,0.05549,11550,72223,60941
Amazon com Inc,0,1,3,,0.3137,Internet,2303.32,0.43686,AMZN,C,2450,AMZN  220527C02450000,52440,5/27/2022 12:00:00 AM,1118,355,17.2,18.3,30.07126,20.21014,3,1,-0.20959,-0.19033,3173.129,5.78757,-0.97309,2,2286.12,74.89904,0.24965,0.00747,0.07168,-0.06368,-209.8237,0.40066,0.41042,0.5069,0.24337,0.18945,0.19517,0.01728,0.13632,0.05531,0.05478,11031,72260,60806
KKR and Company Inc,0.01236,1,3,^,0.35843,Public / Private Equity,52.98,0.53636,KKR,C,55,KKR   220603C00055000,310699,6/3/2022 12:00:00 AM,26,144,1.15,1.3,1.60778,36.80503,3,1,-0.19689,-0.13171,1592.255,2.43295,-0.87601,2,51.79771,60.81814,0.46228,0.02232,0.06177,-0.03813,-5.43839,0.41737,0.45124,0.51969,0.37375,0.34426,0.3554,0.0411,0.16187,0.13497,0.1341,14800,73288,57281
Charles Schwab Corporation,0.01229,1,1,,0.35403,Securities Brokerage,65.08,0.39942,SCHW,C,69,SCHW  220603C00069000,426438,6/3/2022 12:00:00 AM,7,0,0.56,0.73,0.91672,23.24163,3,1,-0.19616,-0.0999,2095.378,4.6941,-0.95932,2,64.48056,56.89927,0.18829,0.00921,0.07004,-0.06023,-4.25173,0.32177,0.3603,0.40029,0.25624,0.20759,0.23341,0.0213,0.13977,0.06244,0.06157,17238,73325,57111
PayPal Holdings Inc,0,1,3,,0.40058,Financial Svcs. (Div.),79.72,0.60894,PYPL,C,89,PYPL  220603C00089000,177788,6/3/2022 12:00:00 AM,133,36,0.95,1.21,2.20041,20.57575,3,1,-0.29896,-0.2309,2339.427,2.48708,-0.84688,3,78.77,111.4631,0.24456,0.01192,0.12987,-0.11641,-7.87474,0.53127,0.58285,0.75783,0.25813,0.17724,0.19933,0.04021,0.1,0.12004,0.11917,8569,54856,90032
Walt Disney Co,0,1,3,,0.29922,Entertainment,108.52,0.36826,DIS,C,115,DIS   220603C00115000,98000,6/3/2022 12:00:00 AM,436,175,0.82,0.88,1.22911,21.0126,3,1,-0.15681,-0.13274,2294.017,5.94275,-0.9762,2,107.7,52.37742,0.15439,0.00756,0.06778,-0.05971,-6.01674,0.30193,0.31055,0.35808,0.23626,0.19711,0.20374,0.01683,0.14029,0.05474,0.05386,14738,76644,47072
Apple Inc,0.00628,1,2,,0.312,Computers/Peripherals,149.04,0.32655,AAPL,C,157.5,AAPL  220603C00157500,134049,6/3/2022 12:00:00 AM,245,1481,1.02,1.1,1.51083,20.464,3,1,-0.15001,-0.12435,2364.983,6.69228,-0.98301,2,147.9738,49.01479,0.14601,0.00715,0.06436,-0.05676,-7.63519,0.28286,0.2914,0.33278,0.22981,0.19216,0.1992,0.01494,0.14324,0.04865,0.04778,15324,77311,45480
HCA Healthcare Inc,0.01069,2,3,,0.37253,Medical Services,215.46,0.97391,HCA,C,210,HCA   220603C00210000,849479,6/3/2022 12:00:00 AM,0,0,8,10.8,16.06678,65.20809,3,1,-0.63971,-0.41167,1810.086,1.91367,-0.89021,3,207.3464,44.92087,0.25896,0.03766,0.01277,0.02534,-16.87987,0.2512,0.41019,0.69721,0.56671,0.67951,0.6124,0.05226,0.2,0.05982,0.18565,12772,50079,205292
Netflix Inc,0,1,3,,0.43324,Entertainment,190.37,0.84436,NFLX,C,210,NFLX  220603C00210000,130017,6/3/2022 12:00:00 AM,260,75,2.3,2.53,8.20487,20.97866,3,1,-0.45307,-0.43228,3107.479,2.8139,-0.87357,3,188.07,133.1846,0.24799,0.01208,0.11661,-0.10311,-17.33874,0.49778,0.5167,0.91013,0.31517,0.18946,0.19831,0.03554,0.1,0.12169,0.12082,1974,48058,153263
Visa Inc,0.00813,1,3,,0.27727,Financial Svcs. (Div.),203.71,0.35912,V,C,212.5,V     220603C00212500,341573,6/3/2022 12:00:00 AM,19,1,1.81,2.08,2.76971,26.12892,3,1,-0.18918,-0.13423,2088.146,5.75822,-0.98075,2,201.8183,45.77955,0.18992,0.00929,0.0529,-0.04315,-11.71233,0.27134,0.28973,0.33465,0.28702,0.24408,0.25809,0.01737,0.15685,0.05752,0.05665,14655,73916,55293
HCA Healthcare Inc,0.01069,2,3,,0.37253,Medical Services,215.46,0.97391,HCA,C,215,HCA   220603C00215000,476625,6/3/2022 12:00:00 AM,3,3,6,7.8,12.78344,52.82095,3,1,-0.54255,-0.39862,1962.696,2.32098,-0.9036,3,209.3464,57.43263,0.54702,0.02837,0.02698,0.00213,-18.92478,0.30071,0.39532,0.65736,0.50679,0.51483,0.51128,0.04309,0.2,0.12944,0.13924,13595,55213,196637
Microsoft Corporation,0.00967,1,2,,0.28645,Computer Software/Svcs,266.42,0.34691,MSFT,C,280,MSFT  220603C00280000,10883,6/3/2022 12:00:00 AM,5839,486,1.93,2.04,3.14663,21.90042,3,1,-0.19453,-0.17581,2433.02,6.78648,-0.98536,2,264.3629,48.89902,0.15764,0.00772,0.05912,-0.05097,-13.64422,0.27233,0.27866,0.3381,0.25563,0.20739,0.21273,0.01474,0.14903,0.04948,0.04861,11899,73454,56651
Shopify Inc,0,1,3,,0.57607,E-Commerce,372.45,0.86678,SHOP,C,435,SHOP  220603C00435000,448839,6/3/2022 12:00:00 AM,5,3,6.7,8.6,12.47203,21.84502,3,1,-0.22684,-0.14793,2023.235,1.49845,-0.71493,3,365.75,142.8818,0.37146,0.01799,0.18934,-0.16794,-54.7099,0.76328,0.84118,0.98722,0.24067,0.18122,0.20429,0.06674,0.1,0.18076,0.17989,13645,70915,65999
PayPal Holdings Inc,0,1,3,,0.40058,Financial Svcs. (Div.),79.72,0.59251,PYPL,C,91,PYPL  220610C00091000,274768,6/10/2022 12:00:00 AM,40,22,1.22,1.35,2.49836,20.74775,3,1,-0.2611,-0.23193,1902.691,1.96044,-0.78669,3,78.5,109.782,0.2269,0.0153,0.15924,-0.1415,-6.8039,0.55271,0.57453,0.74802,0.25149,0.18233,0.19158,0.05101,0.1,0.15425,0.15304,8513,57091,76987
Walt Disney Co,0,1,3,,0.29922,Entertainment,108.52,0.36427,DIS,C,116,DIS   220610C00116000,240665,6/10/2022 12:00:00 AM,60,27,1.02,1.12,1.41759,22.08048,3,1,-0.13101,-0.0971,1733.817,4.42291,-0.95002,2,107.5,50.28839,0.13853,0.0094,0.07907,-0.06893,-5.31483,0.30285,0.31467,0.34851,0.23653,0.20449,0.2134,0.02261,0.13107,0.07292,0.07171,17485,79108,41374
Netflix Inc,0,1,3,,0.43324,Entertainment,190.37,0.79256,NFLX,C,215,NFLX  220610C00215000,172619,6/10/2022 12:00:00 AM,143,12,2.54,2.91,8.93762,20.2742,3,1,-0.43599,-0.40631,2517.011,2.2515,-0.82153,3,187.83,130.6012,0.19743,0.01334,0.14465,-0.12938,-14.57533,0.49892,0.52517,0.88459,0.30142,0.17813,0.1904,0.04441,0.1,0.13464,0.13342,2486,48524,146296
Visa Inc,0.00813,1,3,,0.27727,Financial Svcs. (Div.),203.71,0.35505,V,C,215,V     220610C00215000,97236,6/10/2022 12:00:00 AM,442,17,2.01,2.15,3.13199,24.44426,3,1,-0.18912,-0.1644,1806.571,4.78547,-0.96286,2,201.5866,47.49098,0.15362,0.01042,0.0665,-0.05542,-9.58601,0.27523,0.28362,0.33942,0.2743,0.22972,0.23642,0.0209,0.14458,0.06946,0.06825,12594,73922,55275
Shopify Inc,0,1,3,,0.57607,E-Commerce,372.45,0.84704,SHOP,C,455,SHOP  220610C00455000,451283,6/10/2022 12:00:00 AM,5,4,7.8,8.7,13.22772,20.40728,3,1,-0.18723,-0.15406,1726.247,1.2447,-0.65415,2,364.65,144.7158,0.3123,0.02094,0.24777,-0.22164,-45.3104,0.798,0.83057,0.98183,0.21935,0.17035,0.17999,0.08034,0.1,0.21064,0.20942,13230,74080,54773
PG&E Corporation,0,1,1,,0.7167,Electric Utility (West),12.1,0.51575,PCG,C,13,PCG   220617C00013000,384,6/17/2022 12:00:00 AM,47597,128,0.12,0.17,0.21822,23.42604,3,1,-0.23299,-0.11037,1540.198,3.55454,-0.92338,3,11.98,52.6758,0.11425,0.00992,0.08514,-0.07438,-0.54144,0.28492,0.33047,0.37147,0.26168,0.2027,0.23658,0.02813,0.12562,0.0805,0.07895,16417,70443,67912
PC Connection Inc,0,1,1,e,0.41152,Retail (Hardlines),46.9,0.48931,CNXN,C,45,CNXN  220617C00045000,839631,6/17/2022 12:00:00 AM,0,0,2.35,2.75,3.06938,73.41923,3,1,-0.43208,-0.18371,820.3383,1.62667,-0.8662,3,44.55,17.49408,0.11521,0.05011,0.0101,0.04051,-1.90551,0.20184,0.29011,0.3554,0.65827,0.7636,0.69129,0.06148,0.2,0.04953,0.25053,11461,48636,144667
Intrepid Potash Inc,0,1,1,e^,0.75393,Chemical (Basic),74.63,1.02089,IPI,C,65,IPI   220617C00065000,162354,6/17/2022 12:00:00 AM,164,16,11.9,13.3,14.14283,75.95987,3,1,-0.31325,-0.11401,844.4837,0.48121,-0.40916,3,62.73,45.60235,0.41276,0.15945,0.03619,0.12904,-8.86777,0.70347,0.90755,1.02434,0.67747,0.7488,0.69843,0.20781,0.2,0.15364,0.79727,16139,54053,95384
Intrepid Potash Inc,0,1,1,e^,0.75393,Chemical (Basic),74.63,1.02089,IPI,C,80,IPI   220617C00080000,182956,6/17/2022 12:00:00 AM,124,58,4.8,5.4,6.37985,43.63884,3,1,-0.1879,-0.11627,1136.366,0.75422,-0.52034,2,69.83,100.5003,0.78405,0.06432,0.14564,-0.07195,-11.2361,0.78197,0.85094,0.9629,0.40584,0.38461,0.39373,0.13259,0.12805,0.50385,0.5023,15965,74024,54946
Intrepid Potash Inc,0,1,1,e^,0.75393,Chemical (Basic),74.63,1.02089,IPI,C,85,IPI   220617C00085000,167928,6/17/2022 12:00:00 AM,152,58,3.6,4,5.23472,34.738,3,1,-0.19433,-0.14587,1284.192,0.82831,-0.5417,2,71.03,122.3481,0.5781,0.04824,0.19668,-0.13895,-10.8223,0.81562,0.86468,1.01235,0.33401,0.29725,0.30779,0.12073,0.1,0.48393,0.48238,13773,73472,56591
Intrepid Potash Inc,0,1,1,e^,0.75393,Chemical (Basic),74.63,1.02089,IPI,C,90,IPI   220617C00090000,177757,6/17/2022 12:00:00 AM,133,12,2.1,3,4.53981,26.04059,3,1,-0.29881,-0.18266,1545.731,0.95759,-0.58569,3,72.53,148.153,0.33025,0.02814,0.24087,-0.20595,-9.28748,0.75848,0.88413,1.08171,0.28101,0.20413,0.23903,0.10443,0.1,0.28294,0.28139,11524,54871,89973
PayPal Holdings Inc,0,1,3,,0.40058,Financial Svcs. (Div.),79.72,0.57806,PYPL,C,92.5,PYPL  220617C00092500,55768,6/17/2022 12:00:00 AM,1028,562,1.48,1.56,2.68952,21.49353,3,1,-0.22354,-0.20754,1586.07,1.62649,-0.73588,3,78.24,105.4167,0.21576,0.01856,0.18226,-0.16031,-6.20449,0.56301,0.57461,0.7251,0.24657,0.18872,0.19357,0.06148,0.1,0.1872,0.18565,9928,71154,64939
Crown Holdings Inc,0.00869,1,1,,0.3103,Packaging & Container,106.3,0.47821,CCK,C,100,CCK   220617C00100000,729359,6/17/2022 12:00:00 AM,0,0,7.9,8.3,8.82403,74.60631,3,1,-0.21784,-0.12143,710.55,1.13314,-0.73136,2,98.31901,19.3547,0.19416,0.07508,0.01702,0.05927,-5.73027,0.32192,0.3616,0.41158,0.69421,0.74191,0.71837,0.08825,0.2,0.07681,0.37159,15548,71605,63212
Crown Holdings Inc,0.00869,1,1,,0.3103,Packaging & Container,106.3,0.47821,CCK,C,110,CCK   220617C00110000,260653,6/17/2022 12:00:00 AM,48,1,2.1,2.3,2.87666,36.59198,3,1,-0.18622,-0.13768,1200.466,2.80807,-0.90694,2,104.119,40.9792,0.23857,0.02052,0.05642,-0.03481,-5.58877,0.284,0.30094,0.34899,0.37317,0.3455,0.35379,0.03561,0.16519,0.12114,0.11959,14399,74159,54528
Arch Resources Inc,0,2,2,,0.52999,Metals & Mining (Div.),163.84,0.96207,ARCH,C,150,ARCH  220617C00150000,192735,6/17/2022 12:00:00 AM,110,0,15.7,18.2,25.51084,77.93173,3,1,-0.64148,-0.45756,1287.605,0.83564,-0.62319,3,148.14,38.95622,0.14321,0.09583,0.01256,0.08447,-10.19227,0.34176,0.51708,0.95324,0.62483,0.81259,0.72126,0.11967,0.2,0.05831,0.47913,9929,50011,205362
Arch Resources Inc,0,2,2,,0.52999,Metals & Mining (Div.),163.84,0.96207,ARCH,C,155,ARCH  220617C00155000,177823,6/17/2022 12:00:00 AM,133,5,12.6,15.1,22.08673,68.84084,3,1,-0.58377,-0.42413,1343.301,0.9412,-0.64385,3,151.24,52.81362,0.28357,0.0769,0.02486,0.05396,-12.64831,0.38097,0.52708,0.91528,0.58332,0.69338,0.64257,0.10625,0.2,0.1163,0.38452,11996,52909,201489
Apple Inc,0.00628,1,2,,0.312,Computers/Peripherals,149.04,0.3185,AAPL,C,160,AAPL  220617C00160000,672,6/17/2022 12:00:00 AM,36652,13666,1.6,1.64,1.9691,22.47056,3,1,-0.08491,-0.07541,1435.115,3.89407,-0.9339,2,147.3579,46.09125,0.13006,0.01129,0.08574,-0.07354,-6.25657,0.29377,0.29682,0.32103,0.23087,0.21062,0.21301,0.02568,0.12646,0.08644,0.08489,19230,83640,33319
Arch Resources Inc,0,2,2,,0.52999,Metals & Mining (Div.),163.84,0.96207,ARCH,C,160,ARCH  220617C00160000,126029,6/17/2022 12:00:00 AM,276,3,9.5,13.3,19.15659,59.80796,3,1,-0.574,-0.34732,1396.437,1.02713,-0.65994,3,154.34,66.53643,0.41829,0.05798,0.03667,0.02344,-14.55687,0.38082,0.58346,0.89395,0.53803,0.58866,0.55814,0.09736,0.2,0.17428,0.28992,17462,53465,200520
Arch Resources Inc,0,2,2,,0.52999,Metals & Mining (Div.),163.84,0.96207,ARCH,C,170,ARCH  220617C00170000,117326,6/17/2022 12:00:00 AM,316,4,6.3,8.3,14.8659,43.61512,3,1,-0.49474,-0.37831,1631.01,1.26161,-0.6978,3,157.54,93.86934,0.45613,0.03845,0.07909,-0.0376,-15.43265,0.45422,0.55889,0.89899,0.44717,0.39632,0.41541,0.07926,0.1624,0.23832,0.23677,15066,69505,187998
Microsoft Corporation,0.00967,1,2,,0.28645,Computer Software/Svcs,266.42,0.32463,MSFT,C,285,MSFT  220617C00285000,15501,6/17/2022 12:00:00 AM,4260,2474,2.66,2.75,3.64932,22.21515,3,1,-0.12752,-0.11554,1531.838,4.25574,-0.94542,2,263.5341,45.81816,0.1247,0.01083,0.08138,-0.06974,-10.52847,0.27752,0.28133,0.31808,0.23937,0.20844,0.21161,0.0235,0.13026,0.0782,0.07665,16021,79433,40773
Shopify Inc,0,1,3,,0.57607,E-Commerce,372.45,0.82898,SHOP,C,460,SHOP  220617C00460000,141345,6/17/2022 12:00:00 AM,220,36,9.6,10.5,15.20911,22.14278,3,1,-0.171,-0.14202,1469.704,1.06701,-0.60836,2,362.85,136.599,0.30178,0.02578,0.26774,-0.23507,-41.27517,0.78541,0.81287,0.94742,0.22751,0.18375,0.19195,0.09372,0.1,0.2593,0.25775,14074,75442,50523
Shopify Inc,0,1,3,,0.57607,E-Commerce,372.45,0.82898,SHOP,C,465,SHOP  220617C00465000,250728,6/17/2022 12:00:00 AM,53,10,8.8,10,14.63503,20.93801,3,1,-0.18097,-0.14141,1503.227,1.08456,-0.61223,2,363.65,140.0861,0.27602,0.02363,0.2787,-0.24849,-40.11979,0.78365,0.8215,0.9568,0.21831,0.17111,0.18246,0.0922,0.1,0.23783,0.23627,14106,74603,53151
Alphabet Inc,0,1,2,,0.28266,Internet,2331.11,0.33479,GOOG,C,2510,GOOG  220617C02510000,295814,6/17/2022 12:00:00 AM,31,2,23.1,24.8,33.80468,21.55409,3,1,-0.1489,-0.12428,1563.096,4.01738,-0.93653,2,2308.01,49.50372,0.11416,0.00991,0.08752,-0.07674,-95.17213,0.29003,0.29842,0.34077,0.23656,0.19964,0.20633,0.02489,0.12326,0.08195,0.08039,15328,77420,45219
Alphabet Inc,0,1,2,,0.28266,Internet,2331.11,0.33479,GOOG,C,2520,GOOG  220617C02520000,306072,6/17/2022 12:00:00 AM,28,164,21.1,22.7,33.407,20.14862,3,1,-0.17154,-0.14793,1663.49,4.2093,-0.94009,2,2310.01,51.59139,0.10419,0.00905,0.0909,-0.08103,-91.08033,0.28904,0.29728,0.34889,0.22989,0.18613,0.19282,0.02376,0.11897,0.07763,0.07608,13646,75407,50634
KKR and Company Inc,0.01236,1,3,^,0.35843,Public / Private Equity,52.98,0.50978,KKR,C,58,KKR   220624C00058000,781736,6/24/2022 12:00:00 AM,0,0,1,1.4,1.84052,28.14954,3,1,-0.26405,-0.13479,1271.523,1.80632,-0.78168,3,51.91003,70.60239,0.19241,0.0202,0.11713,-0.09475,-3.24956,0.39051,0.4591,0.53062,0.302,0.24049,0.27444,0.05536,0.10525,0.18123,0.17934,14609,56859,77975
PayPal Holdings Inc,0,1,3,,0.40058,Financial Svcs. (Div.),79.72,0.56534,PYPL,C,94,PYPL  220624C00094000,270494,6/24/2022 12:00:00 AM,42,3,1.52,1.71,2.85394,21.22533,3,1,-0.22999,-0.19456,1434.761,1.47374,-0.70666,3,78.2,103.6718,0.18191,0.01907,0.20205,-0.17913,-5.49813,0.54722,0.5724,0.71067,0.2416,0.18125,0.192,0.06785,0.1,0.19256,0.19067,10745,70680,66981
Walt Disney Co,0,1,3,,0.29922,Entertainment,108.52,0.35717,DIS,C,118,DIS   220624C00118000,240792,6/24/2022 12:00:00 AM,60,71,1.24,1.39,1.7077,22.10817,3,1,-0.12629,-0.08459,1310.322,3.23464,-0.90322,2,107.28,49.33149,0.10818,0.01143,0.09993,-0.08736,-4.24127,0.29881,0.31307,0.342,0.23201,0.20099,0.21188,0.03092,0.11264,0.10333,0.10144,18480,79544,40529
Visa Inc,0.00813,1,3,,0.27727,Financial Svcs. (Div.),203.71,0.34791,V,C,220,V     220624C00220000,164640,6/24/2022 12:00:00 AM,159,10,1.9,2.35,3.65816,21.25741,3,1,-0.24461,-0.17781,1545.616,3.84713,-0.93025,3,201.633,50.95083,0.09624,0.0102,0.091,-0.07997,-7.02911,0.26394,0.28728,0.34941,0.25315,0.18948,0.20945,0.02599,0.12003,0.07959,0.0777,11801,69516,71638
KKR and Company Inc,0.01236,1,3,^,0.35843,Public / Private Equity,52.98,0.50214,KKR,C,58,KKR   220701C00058000,391153,7/1/2022 12:00:00 AM,10,0,1.15,1.6,2.01723,29.77088,3,1,-0.25394,-0.11921,1124.933,1.6116,-0.75148,3,51.74747,66.86463,0.18842,0.02326,0.1206,-0.09475,-3.03201,0.38357,0.45284,0.51413,0.31125,0.25466,0.2881,0.06205,0.10525,0.20847,0.20624,15721,57589,74643
KKR and Company Inc,0.01236,1,3,^,0.35843,Public / Private Equity,52.98,0.50214,KKR,C,60,KKR   220701C00060000,691163,7/1/2022 12:00:00 AM,0,0,0.75,0.95,1.77643,21.22296,3,1,-0.31001,-0.24379,1450.134,2.02774,-0.79801,3,52.14747,80.85442,0.1263,0.01571,0.15032,-0.1325,-2.42627,0.38242,0.41912,0.55424,0.26468,0.18099,0.20277,0.04932,0.1,0.14379,0.14156,7995,54213,94175
Walt Disney Co,0,1,3,,0.29922,Entertainment,108.52,0.35402,DIS,C,119,DIS   220701C00119000,322636,7/1/2022 12:00:00 AM,23,17,1.26,1.47,1.82521,21.60971,3,1,-0.1423,-0.08773,1217.254,2.96639,-0.8859,2,107.26,49.53976,0.09321,0.01161,0.10945,-0.09657,-3.81326,0.2927,0.31132,0.34126,0.22888,0.19332,0.20783,0.03371,0.10343,0.11449,0.11226,18218,78059,43684
Microsoft Corporation,0.00967,1,2,,0.28645,Computer Software/Svcs,266.42,0.3116,MSFT,C,290,MSFT  220701C00290000,223497,7/1/2022 12:00:00 AM,75,60,2.7,3,3.94944,20.6122,3,1,-0.1434,-0.10757,1284.354,3.54599,-0.91587,2,263.3953,45.70385,0.09091,0.01135,0.10087,-0.08851,-8.21909,0.2663,0.27744,0.31088,0.22385,0.18771,0.19745,0.0282,0.11149,0.09313,0.0909,16634,77946,43941
PC Connection Inc,0,1,1,e,0.41152,Retail (Hardlines),46.9,0.50227,CNXN,C,45,CNXN  220715C00045000,577950,7/15/2022 12:00:00 AM,0,0,2.9,3.3,3.76129,68.27805,3,1,-0.35392,-0.18693,649.2441,1.23623,-0.7467,3,44,20.77259,0.13826,0.06183,0.02273,0.04051,-1.59683,0.22846,0.28751,0.35361,0.62124,0.68363,0.64793,0.08089,0.2,0.10952,0.30917,11256,51852,111595
PC Connection Inc,0,1,1,e,0.41152,Retail (Hardlines),46.9,0.50227,CNXN,C,50,CNXN  220715C00050000,944972,7/15/2022 12:00:00 AM,0,0,0.55,0.75,1.62908,26.38197,3,1,-0.437,-0.34927,1447.666,3.34232,-0.91889,3,46.35,50.02073,0.07219,0.01173,0.07875,-0.0661,-1.20993,0.20657,0.23876,0.36691,0.34065,0.23285,0.26398,0.02992,0.1339,0.09049,0.08758,3941,48497,146696
New Relic Inc,0,1,3,,0.5124,E-Commerce,44.99,1.00518,NEWR,C,55,NEWR  220715C00055000,386298,7/15/2022 12:00:00 AM,11,0,0.95,1.35,4.30542,21.99386,3,1,-0.50541,-0.4342,1697.85,1.12905,-0.63162,3,44.04,150.4464,0.13123,0.02112,0.24886,-0.22249,-2.5273,0.5151,0.58926,1.04147,0.31958,0.17156,0.20364,0.08857,0.1,0.21407,0.21116,1935,22863,173595
Boise Cascade LLC,0.00636,1,4,,0.44765,Building Materials,82.81,0.53186,BCC,C,97,BCC   220715C00097000,516345,7/15/2022 12:00:00 AM,2,0,1.5,1.9,2.47732,21.73838,3,1,-0.18404,-0.10563,1055.076,1.48882,-0.71235,2,81.22342,75.02535,0.11858,0.01916,0.19401,-0.17136,-3.72126,0.4224,0.46299,0.51767,0.22823,0.18072,0.20253,0.06717,0.1,0.18405,0.18114,16792,74328,53970
Crown Holdings Inc,0.00869,1,1,,0.3103,Packaging & Container,106.3,0.44773,CCK,C,115,CCK   220715C00115000,328570,7/15/2022 12:00:00 AM,22,0,1.75,1.95,3.21818,26.65943,3,1,-0.26522,-0.22721,1130.745,2.43384,-0.85374,3,104.3981,50.45016,0.11052,0.01789,0.10138,-0.08184,-3.43217,0.27294,0.28706,0.37146,0.30415,0.24275,0.25361,0.04109,0.11816,0.14224,0.13933,8770,56785,78419
Apple Inc,0.00628,1,2,,0.312,Computers/Peripherals,149.04,0.30919,AAPL,C,165,AAPL  220715C00165000,1861,7/15/2022 12:00:00 AM,20909,2085,1.84,1.96,2.48058,20.80474,3,1,-0.11337,-0.09135,1058.278,2.75786,-0.86868,2,147.0461,46.2207,0.08232,0.01338,0.12196,-0.10709,-4.2241,0.27943,0.28637,0.31516,0.21727,0.18906,0.19489,0.03626,0.1,0.12637,0.12346,17938,80769,38094
Visa Inc,0.00813,1,3,,0.27727,Financial Svcs. (Div.),203.71,0.33925,V,C,225,V     220715C00225000,78645,7/15/2022 12:00:00 AM,622,81,2.36,2.56,4.30136,20.43766,3,1,-0.22182,-0.19712,1216.925,2.91648,-0.87949,3,201.0777,51.01272,0.07943,0.01292,0.11879,-0.10451,-5.53247,0.26943,0.27798,0.34623,0.24293,0.18524,0.19269,0.03429,0.1,0.11876,0.11585,10593,71284,64419
PC Connection Inc,0,1,1,e,0.41152,Retail (Hardlines),46.9,0.50797,CNXN,C,50,CNXN  220819C00050000,662987,8/19/2022 12:00:00 AM,0,0,1.5,1.8,2.28117,37.21817,3,1,-0.23733,-0.14524,714.0129,1.42033,-0.72367,3,45.4,41.81619,0.12694,0.03198,0.10132,-0.0661,-1.4623,0.27431,0.30743,0.35967,0.37308,0.33562,0.35245,0.07041,0.1339,0.24346,0.23885,13829,70080,69325
NextGen Healthcare Inc,0,1,1,e,0.51189,Healthcare Information,20.11,0.58862,NXGN,C,25,NXGN  220916C00025000,396794,9/16/2022 12:00:00 AM,10,60,0.5,0.6,0.95278,22.19671,3,1,-0.23422,-0.17883,796.0083,1.05094,-0.60479,3,19.61,74.8093,0.07566,0.02486,0.27486,-0.24316,-0.60083,0.39761,0.42637,0.51922,0.24123,0.17953,0.19619,0.09515,0.1,0.2546,0.24863,11750,70353,68298
ConAgra Brands Inc,0.03699,2,5,,0.29269,Food Processing,35.37,0.50467,CAG,C,39,CAG   220916C00039000,95316,9/16/2022 12:00:00 AM,457,8,0.55,0.7,1.96651,24.01263,3,1,-0.47396,-0.41709,1106.858,2.0492,-0.80625,3,34.37911,58.90992,0.08386,0.02802,0.13251,-0.10263,-0.64012,0.22022,0.24403,0.41864,0.33405,0.20751,0.231,0.0488,0.1,0.16146,0.1555,12423,71136,183291
Zillow Group Inc,0,1,4,,0.58766,Internet,42.08,0.70692,Z,C,60,Z     220916C00060000,10591,9/16/2022 12:00:00 AM,5981,4,1.38,1.58,2.729,20.74386,3,1,-0.22933,-0.19208,845.8493,0.70846,-0.48107,3,40.7,112.7154,0.10062,0.03279,0.4742,-0.42586,-1.75737,0.59185,0.62046,0.76797,0.21699,0.155,0.16642,0.14115,0.1,0.33391,0.32795,10914,70732,66775
KKR and Company Inc,0.01236,1,3,^,0.35843,Public / Private Equity,52.98,0.44556,KKR,C,65,KKR   220916C00065000,30447,9/16/2022 12:00:00 AM,2164,2,1.25,1.65,2.33063,22.63007,3,1,-0.22646,-0.13823,765.3986,1.06767,-0.61244,3,51.50933,70.49404,0.08407,0.02776,0.26069,-0.22688,-1.56423,0.38059,0.424,0.49201,0.23897,0.17948,0.20513,0.09366,0.1,0.2419,0.23594,14354,70943,65875
Intrepid Potash Inc,0,1,1,e^,0.75393,Chemical (Basic),74.63,0.95199,IPI,C,105,IPI   220916C00105000,89279,9/16/2022 12:00:00 AM,510,138,5,7,8.60231,32.35905,3,1,-0.22912,-0.09926,737.1516,0.44247,-0.36125,3,69.63,124.076,0.21309,0.067,0.50797,-0.40694,-5.32637,0.76359,0.89222,0.99054,0.27982,0.22459,0.2586,0.226,0.1,0.67594,0.66997,17297,70749,66712
MasterCard Incorporated,0.00601,1,3,,0.31496,Financial Svcs. (Div.),338.69,0.33418,MA,C,400,MA    220916C00400000,70369,9/16/2022 12:00:00 AM,738,160,5.95,6.6,8.57607,20.31276,3,1,-0.13216,-0.09802,729.9807,1.56763,-0.7233,2,332.054,50.7829,0.05907,0.01959,0.20417,-0.18102,-7.18007,0.29865,0.3104,0.34413,0.20807,0.17439,0.18366,0.06379,0.1,0.18164,0.17568,17392,78999,41583
PC Connection Inc,0,1,1,e,0.41152,Retail (Hardlines),46.9,0.51184,CNXN,C,55,CNXN  221021C00055000,486824,10/21/2022 12:00:00 AM,3,0,0.85,1.15,2.45367,22.41073,3,1,-0.37904,-0.30009,832.2108,1.47221,-0.71117,3,46.05,59.14745,0.04264,0.01812,0.19435,-0.17271,-0.84055,0.25562,0.28812,0.41165,0.28776,0.1836,0.21185,0.06793,0.1,0.1889,0.18124,5725,50613,121987
Crown Holdings Inc,0.00869,1,1,,0.3103,Packaging & Container,106.3,0.38768,CCK,C,125,CCK   221021C00125000,408422,10/21/2022 12:00:00 AM,9,0,2.3,2.6,3.98647,22.97306,3,1,-0.21104,-0.17119,676.2922,1.36497,-0.68612,2,103.6001,50.79499,0.05978,0.0254,0.20568,-0.17592,-2.04062,0.28095,0.29514,0.3561,0.24983,0.19612,0.2077,0.07326,0.1,0.22403,0.21637,12184,72127,61226
Twilio Inc,0,1,3,,0.58854,E-Commerce,101.45,0.62771,TWLO,C,160,TWLO  221021C00160000,230583,10/21/2022 12:00:00 AM,68,0,4.15,4.5,5.851,20.9561,3,1,-0.11452,-0.08985,675.6444,0.5703,-0.41715,2,97.3,108.1686,0.09853,0.04091,0.6444,-0.57713,-4.11598,0.65434,0.67257,0.73897,0.17844,0.14906,0.1557,0.17535,0.1,0.41673,0.40907,18051,80659,38298
Salesforce Inc,0,1,3,,0.35145,E-Commerce,163.66,0.49393,CRM,C,210,CRM   221021C00210000,159626,10/21/2022 12:00:00 AM,170,1,4,4.25,9.79357,20.12313,3,1,-0.30739,-0.29227,822.7986,1.03484,-0.59602,3,159.66,80.59872,0.05788,0.02444,0.3153,-0.28315,-3.79265,0.37739,0.38563,0.54488,0.25013,0.16522,0.17043,0.09663,0.1,0.25207,0.24441,6041,54345,93201
Adobe Inc,0,1,4,,0.348,Computer Software/Svcs,409.23,0.37101,ADBE,C,515,ADBE  221021C00515000,365326,10/21/2022 12:00:00 AM,14,0,9.3,10.45,13.13674,20.37222,3,1,-0.12185,-0.08389,637.5008,1.11103,-0.6187,2,399.93,58.69452,0.05372,0.02273,0.28773,-0.25846,-8.96913,0.34954,0.36465,0.39804,0.19806,0.16694,0.17715,0.09001,0.1,0.23492,0.22726,18535,79953,39629
Seabridge Gold Inc,0,1,1,,0.48007,Precious Metals,14.1,0.52475,SA,C,19,SA    221118C00019000,359716,11/18/2022 12:00:00 AM,15,0,0.55,0.75,0.92013,25.73434,3,1,-0.19443,-0.08633,592.1124,0.65537,-0.46598,2,13.55,78.43003,0.07965,0.03901,0.40221,-0.34752,-0.44242,0.4594,0.52105,0.57028,0.2387,0.18889,0.21839,0.15259,0.1,0.39909,0.39007,18323,73466,56616
Seabridge Gold Inc,0,1,1,,0.48007,Precious Metals,14.1,0.52475,SA,C,20,SA    221118C00020000,157862,11/18/2022 12:00:00 AM,175,0,0.45,0.6,0.82415,21.59361,3,1,-0.2039,-0.1177,638.5853,0.69019,-0.47797,2,13.65,85.72286,0.06469,0.03191,0.4652,-0.41844,-0.40492,0.47001,0.5209,0.59039,0.20954,0.15506,0.17989,0.14489,0.1,0.32817,0.31915,15849,72723,59174
SM Energy Company,0.00059,1,1,e,0.9007,Petroleum (Producing),38.12,0.85184,SM,C,55,SM    221118C00055000,317250,11/18/2022 12:00:00 AM,25,15,2.65,3.1,4.86583,30.81516,3,1,-0.25304,-0.19919,660.157,0.45545,-0.3614,3,35.45854,111.827,0.1472,0.06982,0.55091,-0.44281,-1.78166,0.65197,0.69897,0.87283,0.28286,0.22096,0.23661,0.21956,0.1,0.70419,0.69517,10462,57649,74393
SM Energy Company,0.00059,1,1,e,0.9007,Petroleum (Producing),38.12,0.85184,SM,C,60,SM    221118C00060000,538729,11/18/2022 12:00:00 AM,1,0,1.9,2.35,4.25672,24.45503,3,1,-0.2819,-0.22312,728.6545,0.49542,-0.38307,3,36.20854,125.3193,0.10353,0.05014,0.65684,-0.57398,-1.57319,0.64327,0.69592,0.89579,0.2433,0.16632,0.18525,0.20185,0.1,0.50745,0.49843,9012,55796,84060
PG&E Corporation,0,1,1,,0.7167,Electric Utility (West),12.1,0.66099,PCG,C,13,PCG   221216C00013000,195742,12/16/2022 12:00:00 AM,106,0,0.92,1.18,1.34894,46.94881,3,1,-0.25881,-0.10177,448.4755,0.61774,-0.46013,3,11.18,44.14645,0.14035,0.07603,0.16279,-0.07438,-0.33963,0.33306,0.40363,0.44936,0.42922,0.40492,0.4213,0.16188,0.12562,0.61564,0.60526,17089,57246,76203
Seabridge Gold Inc,0,1,1,,0.48007,Precious Metals,14.1,0.52437,SA,C,19,SA    221216C00019000,725676,12/16/2022 12:00:00 AM,0,0,0.7,0.85,1.04205,28.18584,3,1,-0.1629,-0.08961,535.2422,0.59357,-0.43464,2,13.4,74.76652,0.0891,0.04965,0.41791,-0.34752,-0.43397,0.47062,0.51182,0.5622,0.25182,0.21218,0.2313,0.16847,0.1,0.50683,0.49645,18073,76127,48552
Seabridge Gold Inc,0,1,1,,0.48007,Precious Metals,14.1,0.52437,SA,C,20,SA    221216C00020000,95415,12/16/2022 12:00:00 AM,456,0,0.55,0.7,0.93763,23.79939,3,1,-0.19141,-0.11395,579.6117,0.62854,-0.45031,2,13.55,81.87755,0.06923,0.03901,0.47601,-0.41844,-0.39702,0.46917,0.51411,0.58023,0.2226,0.17255,0.19445,0.1591,0.1,0.40045,0.39007,16143,73730,55818
Preferred Apartment Communities Inc,0.02821,1,1,,0.43273,R.E.I.T.,24.93,0.40789,APTS,C,22.5,APTS  221216C00022500,311683,12/16/2022 12:00:00 AM,26,0,2.3,3.1,3.38311,79.56081,3,1,-0.70638,-0.15391,375.8475,0.77268,-0.62901,3,22.21767,10.96108,0.01841,0.1088,0.01079,0.09747,-0.2906,0.08503,0.24502,0.28959,0.66812,0.93064,0.6963,0.12942,0.2,-0.0157,0.46129,13243,21276,206464
ConAgra Brands Inc,0.03699,2,5,,0.29269,Food Processing,35.37,0.51323,CAG,C,39,CAG   221216C00039000,272330,12/16/2022 12:00:00 AM,41,0,1,1.3,2.70372,30.86741,3,1,-0.43398,-0.35279,693.9435,1.22381,-0.66586,3,33.60292,50.77532,0.08661,0.04996,0.1564,-0.10263,-0.58233,0.22449,0.25669,0.39661,0.35982,0.26299,0.28958,0.08171,0.1,0.2931,0.28273,17007,74337,173152
ConAgra Brands Inc,0.03699,2,5,,0.29269,Food Processing,35.37,0.51323,CAG,C,40,CAG   221216C00040000,252941,12/16/2022 12:00:00 AM,52,0,0.75,1,2.67755,25.51975,3,1,-0.47935,-0.40979,812.9235,1.38261,-0.69667,3,33.85292,58.23804,0.07394,0.04289,0.17709,-0.1309,-0.51533,0.21984,0.24921,0.42224,0.3389,0.21244,0.24074,0.07233,0.1,0.22242,0.21204,12881,70729,184592
ConAgra Brands Inc,0.03699,2,5,,0.29269,Food Processing,35.37,0.51323,CAG,C,41,CAG   221216C00041000,451955,12/16/2022 12:00:00 AM,5,0,0.6,0.8,2.71019,21.39702,3,1,-0.50812,-0.45072,921.8419,1.49042,-0.7127,3,34.00292,65.77905,0.06642,0.03865,0.20086,-0.15917,-0.46627,0.22228,0.24822,0.4519,0.32292,0.17508,0.20139,0.0671,0.1,0.18001,0.16964,10355,57296,190731
New Relic Inc,0,1,3,,0.5124,E-Commerce,44.99,1.03342,NEWR,C,65,NEWR  221216C00065000,446478,12/16/2022 12:00:00 AM,5,7,2.55,2.95,8.82698,27.69875,3,1,-0.46408,-0.43073,874.5784,0.51469,-0.39288,3,42.44,139.3459,0.10248,0.05668,0.53157,-0.44477,-1.59712,0.55775,0.59246,1.04074,0.32682,0.20122,0.21529,0.19429,0.1,0.57717,0.56679,2007,47775,157758
New Relic Inc,0,1,3,,0.5124,E-Commerce,44.99,1.03342,NEWR,C,70,NEWR  221216C00070000,341157,12/16/2022 12:00:00 AM,19,0,1.9,2.4,9.85743,22.66807,3,1,-0.53013,-0.48932,1042.347,0.54334,-0.40815,3,43.09,169.4343,0.07521,0.04223,0.62451,-0.5559,-1.4452,0.55592,0.60421,1.18314,0.31686,0.15526,0.17539,0.18405,0.1,0.43269,0.42232,1484,22501,181777
NVIDIA Corporation,0.00096,1,2,,0.49137,Semiconductor,181.82,0.492,NVDA,C,265,NVDA  221216C00265000,208129,12/16/2022 12:00:00 AM,91,2,6.65,6.9,8.67955,21.0122,3,1,-0.09201,-0.08033,556.17,0.67139,-0.46395,2,175.0677,77.38757,0.06571,0.03714,0.51338,-0.45749,-4.68621,0.48038,0.48656,0.52906,0.18255,0.15927,0.16236,0.14894,0.1,0.37612,0.36575,18835,82938,34429
ConAgra Brands Inc,0.03699,2,5,,0.29269,Food Processing,35.37,0.51484,CAG,C,40,CAG   230120C00040000,48769,1/20/2023 12:00:00 AM,1228,0,1,1.2,2.90551,28.20804,3,1,-0.43821,-0.388,691.6675,1.15767,-0.64312,3,33.47746,55.14952,0.07964,0.05351,0.18904,-0.1309,-0.52432,0.23304,0.25387,0.41482,0.34552,0.23963,0.25803,0.08638,0.1,0.2948,0.28273,14370,74001,174293
SM Energy Company,0.00059,1,1,e,0.9007,Petroleum (Producing),38.12,0.86382,SM,C,50,SM    230120C00050000,43302,1/20/2023 12:00:00 AM,1431,0,3.9,5.1,7.23162,40.94199,3,1,-0.31337,-0.19891,549.377,0.37409,-0.31755,3,34.20466,93.8213,0.16765,0.10271,0.46154,-0.31165,-1.62169,0.58903,0.68722,0.85786,0.35703,0.2968,0.3237,0.26732,0.1,1.03516,1.02308,10477,54043,95431
SM Energy Company,0.00059,1,1,e,0.9007,Petroleum (Producing),38.12,0.86382,SM,C,60,SM    230120C00060000,174176,1/20/2023 12:00:00 AM,140,0,2.25,3.2,5.68632,28.04487,3,1,-0.33851,-0.23784,646.6429,0.43034,-0.35332,3,35.85466,118.7473,0.09254,0.05943,0.67311,-0.57398,-1.38976,0.58949,0.67921,0.89116,0.27412,0.18203,0.21542,0.23237,0.1,0.60232,0.59024,8260,52659,105428
Zillow Group Inc,0,1,4,,0.58766,Internet,42.08,0.68747,Z,C,70,Z     230120C00070000,33780,1/20/2023 12:00:00 AM,1934,2,1.63,2,3.85943,20.23865,3,1,-0.27042,-0.21979,651.7843,0.5383,-0.4035,3,40.45,110.4,0.05907,0.03874,0.73053,-0.6635,-1.14282,0.54531,0.58315,0.74743,0.21046,0.13499,0.15114,0.18577,0.1,0.39943,0.38736,9180,56460,80118
Micron Technology Inc,0.00597,1,2,,0.47233,Semiconductor,74.47,0.47056,MU,C,100,MU    230120C00100000,6057,1/20/2023 12:00:00 AM,9397,135,3.1,3.3,4.95675,24.98791,3,1,-0.18201,-0.16125,535.4874,0.69012,-0.4753,2,71.06671,68.93333,0.06964,0.0457,0.40522,-0.34282,-1.68735,0.40592,0.41622,0.49624,0.24207,0.19618,0.20209,0.1449,0.1,0.42835,0.41628,12799,74518,53423
Micron Technology Inc,0.00597,1,2,,0.47233,Semiconductor,74.47,0.47056,MU,C,105,MU    230120C00105000,31191,1/20/2023 12:00:00 AM,2105,4,2.42,2.62,4.38627,20.67925,3,1,-0.20272,-0.18021,578.9174,0.73711,-0.49162,2,71.74671,74.74365,0.05521,0.03657,0.46139,-0.40996,-1.51339,0.40569,0.41714,0.50884,0.21231,0.15831,0.16504,0.13566,0.1,0.33704,0.32496,11661,72818,58872
Twilio Inc,0,1,3,,0.58854,E-Commerce,101.45,0.62505,TWLO,C,170,TWLO  230120C00170000,176260,1/20/2023 12:00:00 AM,136,2,5.2,6,7.59027,23.26274,3,1,-0.12956,-0.08455,542.0012,0.47496,-0.36929,2,96.25,98.52922,0.07919,0.05126,0.76623,-0.6757,-3.2706,0.60352,0.63473,0.69335,0.18933,0.15591,0.16811,0.21054,0.1,0.52464,0.51257,18484,79238,41116
Twilio Inc,0,1,3,,0.58854,E-Commerce,101.45,0.62505,TWLO,C,175,TWLO  230120C00175000,121391,1/20/2023 12:00:00 AM,298,0,4.65,5.25,7.59017,21.2027,3,1,-0.15885,-0.12424,576.2495,0.49325,-0.37799,2,96.8,104.2342,0.07042,0.04584,0.80785,-0.72499,-3.0707,0.60085,0.62557,0.71432,0.18309,0.14134,0.15107,0.20273,0.1,0.47043,0.45835,15333,76495,47540
Salesforce Inc,0,1,3,,0.35145,E-Commerce,163.66,0.49768,CRM,C,220,CRM   230120C00220000,15431,1/20/2023 12:00:00 AM,4279,28,4.95,5.5,12.42056,21.3939,3,1,-0.31869,-0.29207,658.6336,0.82835,-0.5282,3,158.71,76.32943,0.04572,0.03025,0.38618,-0.34425,-3.0249,0.35725,0.37121,0.52436,0.25617,0.16811,0.17735,0.12072,0.1,0.31453,0.30246,6049,53745,97420
CrowdStrike Holdings Inc,0,1,3,,0.6328,Cyber Security,147.34,0.62561,CRWD,C,240,CRWD  230120C00240000,30308,1/20/2023 12:00:00 AM,2175,9,6,6.35,9.81187,20.26117,3,1,-0.16,-0.1441,577.7632,0.55982,-0.41129,2,141.34,94.88182,0.06223,0.04072,0.69803,-0.62889,-3.87146,0.53974,0.54996,0.64255,0.18497,0.14291,0.14743,0.17863,0.1,0.4193,0.40722,13916,76396,47829
NVIDIA Corporation,0.00096,1,2,,0.49137,Semiconductor,181.82,0.49114,NVDA,C,275,NVDA  230120C00275000,25265,1/20/2023 12:00:00 AM,2635,84,6.05,7.3,9.40701,20.05652,3,1,-0.14317,-0.08743,541.891,0.64516,-0.45403,2,175.6509,78.82279,0.05141,0.03393,0.5652,-0.51248,-4.12785,0.4562,0.48588,0.53243,0.18012,0.14281,0.15804,0.155,0.1,0.34482,0.33275,18245,77966,43890
MasterCard Incorporated,0.00601,1,3,,0.31496,Financial Svcs. (Div.),338.69,0.33204,MA,C,430,MA    230120C00430000,123499,1/20/2023 12:00:00 AM,288,70,7.65,8.9,12.37475,20.22045,3,1,-0.16677,-0.12032,533.54,1.07704,-0.60945,2,329.6514,50.4783,0.03988,0.02669,0.30304,-0.2696,-4.92291,0.28469,0.30056,0.34167,0.2068,0.16324,0.17634,0.09285,0.1,0.23795,0.22587,15639,75788,49472
Adobe Inc,0,1,4,,0.348,Computer Software/Svcs,409.23,0.36873,ADBE,C,550,ADBE  230120C00550000,73908,1/20/2023 12:00:00 AM,685,2,10.45,12.8,16.61128,20.06067,3,1,-0.1558,-0.09364,529.3665,0.88474,-0.54892,2,398.78,59.03372,0.03841,0.02554,0.37921,-0.34399,-6.98631,0.33665,0.36144,0.39878,0.19464,0.15391,0.17109,0.11303,0.1,0.26743,0.25536,17763,76747,46828
NVIDIA Corporation,0.00096,1,2,,0.49137,Semiconductor,181.82,0.49016,NVDA,C,290,NVDA  230317C00290000,59105,3/17/2023 12:00:00 AM,953,9,7,7.95,10.5195,20.43503,3,1,-0.13265,-0.09507,495.2079,0.57715,-0.42083,2,174.6741,78.96233,0.04888,0.0393,0.65965,-0.59498,-3.81324,0.46482,0.48496,0.53591,0.17763,0.14325,0.15349,0.17327,0.1,0.39979,0.385,17649,78947,41691
Carvana Co,0,1,3,,0.79203,Retail Automotive,41.62,0.8603,CVNA,C,115,CVNA  230421C00115000,338198,4/21/2023 12:00:00 AM,20,0,3.1,4.2,5.46153,24.39584,3,1,-0.17074,-0.08736,539.3079,0.29232,-0.26313,2,38.52,146.8121,0.0864,0.07448,1.98546,-1.76309,-1.7237,0.86956,0.95699,1.0486,0.16159,0.11675,0.13951,0.34209,0.1,0.76132,0.74483,18249,75473,50463
Uber Technologies Inc,0,1,3,,0.57892,Computer Software/Svcs,24.16,0.54175,UBER,C,42.5,UBER  230616C00042500,98748,6/16/2023 12:00:00 AM,431,10,1.11,1.35,1.71619,21.54224,3,1,-0.1403,-0.08238,441.5573,0.47687,-0.37104,2,23.05,81.71521,0.04439,0.04594,0.84382,-0.75911,-0.48383,0.48351,0.51609,0.56242,0.17584,0.13933,0.15506,0.2097,0.1,0.47864,0.45944,18666,78234,43273
Micron Technology Inc,0.00597,1,2,,0.47233,Semiconductor,74.47,0.47115,MU,C,115,MU    230616C00115000,176524,6/16/2023 12:00:00 AM,135,17,3.05,3.35,5.75289,21.63302,3,1,-0.21479,-0.18873,473.7738,0.58185,-0.42303,2,70.93765,73.89571,0.04533,0.04743,0.61667,-0.54425,-1.22942,0.39982,0.41309,0.50919,0.21322,0.15556,0.16346,0.17187,0.1,0.42876,0.40956,11144,71842,62319
Block Inc,0,1,3,,0.59018,Computer Software/Svcs,84.91,0.60677,SQ,C,170,SQ    230616C00170000,79169,6/16/2023 12:00:00 AM,615,0,5,5.5,7.77841,22.41321,3,1,-0.14252,-0.11535,465.7949,0.40052,-0.32494,2,79.91,99.6315,0.05767,0.05889,1.12739,-1.00212,-2.08534,0.5946,0.61344,0.69343,0.17501,0.13788,0.14539,0.24967,0.1,0.60806,0.58886,16039,78038,43736
Advanced Micro Devices Inc,0,1,2,,0.56741,Semiconductor,102.56,0.61246,AMD,C,175,AMD   230616C00175000,286768,6/16/2023 12:00:00 AM,35,0,4.7,5.5,11.43451,21.71761,3,1,-0.28889,-0.25007,532.0864,0.49547,-0.38007,3,97.86,95.1479,0.04427,0.04583,0.78827,-0.70632,-1.98401,0.46673,0.49221,0.65634,0.22557,0.14466,0.1575,0.20183,0.1,0.47747,0.45827,7714,55418,86470
Block Inc,0,1,3,,0.59018,Computer Software/Svcs,84.91,0.60677,SQ,C,175,SQ    230616C00175000,186857,6/16/2023 12:00:00 AM,118,5,4.5,5.05,7.68179,20.82583,3,1,-0.1644,-0.1337,484.5294,0.4107,-0.33069,2,80.41,103.488,0.05158,0.053,1.17635,-1.06101,-1.98616,0.58979,0.61146,0.70583,0.16914,0.12591,0.13451,0.24349,0.1,0.54918,0.52997,14685,75979,48903
Advanced Micro Devices Inc,0,1,2,,0.56741,Semiconductor,102.56,0.61246,AMD,C,180,AMD   230616C00180000,275138,6/16/2023 12:00:00 AM,40,12,4.2,5,11.13878,20.00692,3,1,-0.3013,-0.26116,551.3673,0.50814,-0.38667,3,98.36,98.5811,0.03936,0.04095,0.83001,-0.75507,-1.88384,0.46497,0.49168,0.66548,0.21658,0.13097,0.14438,0.1968,0.1,0.42872,0.40952,7250,54725,90903
Salesforce Inc,0,1,3,,0.35145,E-Commerce,163.66,0.50024,CRM,C,240,CRM   230616C00240000,184496,6/16/2023 12:00:00 AM,122,34,5.75,6.75,16.42431,21.3618,3,1,-0.34994,-0.31214,555.6419,0.66387,-0.46247,3,157.91,77.58678,0.03356,0.03513,0.51985,-0.46645,-2.37234,0.34634,0.36648,0.53278,0.25614,0.15672,0.17039,0.15063,0.1,0.37054,0.35134,5271,52061,109943
NVIDIA Corporation,0.00096,1,2,,0.49137,Semiconductor,181.82,0.48917,NVDA,C,300,NVDA  230616C00300000,33505,6/16/2023 12:00:00 AM,1951,23,7.05,10,12.35214,21.47077,3,1,-0.17875,-0.07543,439.4982,0.51771,-0.39935,2,174.5806,75.27027,0.03814,0.03982,0.71758,-0.64998,-3.30223,0.42507,0.47855,0.51759,0.18535,0.13786,0.16647,0.19316,0.1,0.40695,0.38775,19227,74775,52571
Meta Platforms Inc,0,1,4,,0.37609,Internet,202.4,0.70549,FB,C,310,FB    230616C00310000,72023,6/16/2023 12:00:00 AM,712,15,7.5,8.05,37.76702,20.49697,3,1,-0.51309,-0.50117,770.7242,0.62904,-0.44471,3,194.9,114.1325,0.03547,0.03706,0.59056,-0.53162,-3.05292,0.37746,0.3867,0.77521,0.30706,0.15022,0.15606,0.15897,0.1,0.38976,0.37055,1224,22723,176293
MasterCard Incorporated,0.00601,1,3,,0.31496,Financial Svcs. (Div.),338.69,0.33118,MA,C,460,MA    230616C00460000,893871,6/16/2023 12:00:00 AM,0,0,10.6,11.65,15.85514,21.50736,3,1,-0.14275,-0.11287,416.6534,0.7984,-0.51708,2,325.8816,49.72218,0.03579,0.03782,0.40857,-0.35817,-4.18081,0.29324,0.30346,0.34207,0.20508,0.16833,0.1766,0.12525,0.1,0.33217,0.31297,16226,78019,43782
Adobe Inc,0,1,4,,0.348,Computer Software/Svcs,409.23,0.36724,ADBE,C,600,ADBE  230616C00600000,390002,6/16/2023 12:00:00 AM,11,0,12.25,16.8,21.36932,20.46739,3,1,-0.18055,-0.08642,430.804,0.68579,-0.47624,2,396.98,58.97048,0.02844,0.02993,0.51141,-0.46617,-5.63636,0.3281,0.36579,0.40039,0.19175,0.14378,0.17006,0.14582,0.1,0.31855,0.29934,18316,74629,53042
Meta Platforms Inc,0,1,4,,0.37609,Internet,202.4,0.7076,FB,C,325,FB    230915C00325000,496317,9/15/2023 12:00:00 AM,2,1,8.4,8.9,42.54581,20.9522,3,1,-0.51584,-0.5063,707.3333,0.56883,-0.41599,3,194,113.5492,0.03245,0.0415,0.67526,-0.60573,-2.78382,0.37556,0.38296,0.77569,0.30777,0.14981,0.15453,0.1758,0.1,0.43864,0.41502,1199,22681,177231
Uber Technologies Inc,0,1,3,,0.57892,Computer Software/Svcs,24.16,0.54145,UBER,C,50,UBER  240119C00050000,4056,1/19/2024 12:00:00 AM,12562,16,1.36,1.7,2.23447,22.45786,3,1,-0.156,-0.09233,373.8559,0.38852,-0.32087,2,22.8,81.73085,0.03552,0.05629,1.19298,-1.06954,-0.40031,0.48038,0.51662,0.56917,0.17214,0.13124,0.14872,0.25738,0.1,0.59264,0.56291,17864,76730,46879
Uber Technologies Inc,0,1,3,,0.57892,Computer Software/Svcs,24.16,0.54145,UBER,C,52.5,UBER  240119C00052500,126772,1/19/2024 12:00:00 AM,273,0,1.16,1.52,2.21286,20.16866,3,1,-0.18887,-0.11932,396.1646,0.39883,-0.32881,2,23,86.92894,0.03003,0.04801,1.28261,-1.17301,-0.37458,0.47695,0.51785,0.58801,0.16367,0.11361,0.13303,0.25074,0.1,0.50986,0.48013,15716,73939,55216
SM Energy Company,0.00059,1,1,e,0.9007,Petroleum (Producing),38.12,0.88581,SM,C,60,SM    240119C00060000,161288,1/19/2024 12:00:00 AM,166,0,6.9,8.6,11.98013,47.53528,3,1,-0.29435,-0.1961,380.4042,0.24282,-0.22334,3,31.18223,85.62728,0.13219,0.182,0.92284,-0.57398,-1.1175,0.62191,0.7085,0.88133,0.35495,0.29904,0.32178,0.41183,0.1,1.8398,1.81007,10655,55111,88394
MGM Resorts International,0.00029,1,3,,0.5151,Hotel/Gaming,35.68,0.50849,MGM,C,65,MGM   240119C00065000,269822,1/19/2024 12:00:00 AM,43,1,1.64,2.02,2.98468,21.27985,3,1,-0.18956,-0.13211,379.0948,0.46573,-0.36512,2,34.02262,71.83506,0.02898,0.04645,0.91001,-0.82175,-0.48092,0.39936,0.42767,0.49277,0.18581,0.13514,0.15163,0.21471,0.1,0.48937,0.45964,14777,73884,55374
New Relic Inc,0,1,3,,0.5124,E-Commerce,44.99,1.04085,NEWR,C,80,NEWR  240119C00080000,568464,1/19/2024 12:00:00 AM,1,0,3.8,4.8,15.16266,30.82101,3,1,-0.51028,-0.46087,588.5325,0.34736,-0.29682,3,41.19,126.4054,0.05493,0.08446,0.94222,-0.77817,-0.89588,0.48321,0.53196,0.9867,0.33473,0.19169,0.21424,0.28788,0.1,0.87436,0.84463,1645,22776,175309
New Relic Inc,0,1,3,,0.5124,E-Commerce,44.99,1.04085,NEWR,C,85,NEWR  240119C00085000,691951,1/19/2024 12:00:00 AM,0,0,2.95,4.2,15.92816,26.88935,3,1,-0.55622,-0.49421,656.9477,0.36388,-0.31207,3,42.04,142.1095,0.04178,0.06557,1.02188,-0.88931,-0.82341,0.46581,0.53089,1.04963,0.32785,0.15753,0.18902,0.27481,0.1,0.68543,0.6557,1448,22241,189262
Zillow Group Inc,0,1,4,,0.58766,Internet,42.08,0.67503,Z,C,90,Z     240119C00090000,37094,1/19/2024 12:00:00 AM,1724,3,2.76,3.5,6.21478,24.37644,3,1,-0.26219,-0.2005,426.0499,0.35437,-0.30073,3,39.32,98.36525,0.0418,0.06559,1.28891,-1.13878,-0.78749,0.51823,0.56156,0.70239,0.21112,0.13836,0.15774,0.28219,0.1,0.68562,0.65589,10367,57011,77353
Zillow Group Inc,0,1,4,,0.58766,Internet,42.08,0.67503,Z,C,95,Z     240119C00095000,148009,1/19/2024 12:00:00 AM,201,1,2.36,2.8,6.44025,21.12324,3,1,-0.30159,-0.26371,470.4898,0.37741,-0.31186,3,39.72,107.6814,0.03538,0.05608,1.39174,-1.2576,-0.71086,0.51487,0.54279,0.7372,0.20576,0.11983,0.13235,0.26497,0.1,0.59056,0.56084,7138,54705,91004
Zillow Group Inc,0,1,4,,0.58766,Internet,42.08,0.67503,Z,C,100,Z     240119C00100000,55780,1/19/2024 12:00:00 AM,1028,0,2.1,2.98,6.6882,20.38486,3,1,-0.32943,-0.25545,482.239,0.36333,-0.31178,3,39.98,113.7391,0.03128,0.0499,1.50125,-1.37643,-0.71688,0.51731,0.57438,0.77145,0.20155,0.10623,0.13073,0.27523,0.1,0.52878,0.49905,7481,53158,101657
Planet Fitness Inc,0,1,2,,0.49004,Recreation,71.3,0.46696,PLNT,C,125,PLNT  240119C00125000,921364,1/19/2024 12:00:00 AM,0,0,2.9,3.6,5.10943,20.36628,3,1,-0.17712,-0.11724,371.0899,0.50828,-0.38789,2,68.4,65.94999,0.02524,0.04067,0.82749,-0.75316,-0.86821,0.368,0.39478,0.44721,0.17946,0.13245,0.14934,0.19674,0.1,0.43646,0.40673,15891,74898,52156
Micron Technology Inc,0.00597,1,2,,0.47233,Semiconductor,74.47,0.47151,MU,C,130,MU    240119C00130000,131053,1/19/2024 12:00:00 AM,256,3,3.95,4.6,7.3093,23.38895,3,1,-0.20802,-0.16464,382.7553,0.45146,-0.35628,2,69.77334,72.606,0.03932,0.06307,0.85347,-0.74567,-1.06758,0.40531,0.42751,0.51177,0.20887,0.15311,0.16601,0.22151,0.1,0.56014,0.53041,12578,72385,60366
Micron Technology Inc,0.00597,1,2,,0.47233,Semiconductor,74.47,0.47151,MU,C,135,MU    240119C00135000,121539,1/19/2024 12:00:00 AM,297,0,3.45,4.1,6.94494,21.19428,3,1,-0.22165,-0.17648,398.1732,0.46546,-0.36394,3,70.27334,75.66516,0.03489,0.05635,0.9109,-0.81281,-1.0047,0.40356,0.42698,0.51848,0.19599,0.13571,0.14929,0.21484,0.1,0.493,0.46327,11861,71300,64358
Cloudflare Inc,0,1,2,,0.68292,Computer Software/Svcs,56.13,0.69801,NET,C,160,NET   240119C00160000,158673,1/19/2024 12:00:00 AM,173,4,4.75,5.45,6.90538,24.86821,3,1,-0.11661,-0.07717,390.0034,0.29167,-0.2553,2,51.38,107.1421,0.05505,0.08462,2.11405,-1.85053,-1.35053,0.68027,0.71064,0.77007,0.1539,0.12415,0.13455,0.34285,0.1,0.87598,0.84625,19088,80451,38616
Walt Disney Co,0,1,3,,0.29922,Entertainment,108.52,0.30655,DIS,C,165,DIS   240119C00165000,26689,1/19/2024 12:00:00 AM,2491,22,3.8,4.2,5.42815,20.38125,3,1,-0.11893,-0.08831,339.083,0.65643,-0.45721,2,104.72,48.48487,0.02161,0.03502,0.57563,-0.52046,-1.04525,0.28973,0.2998,0.32884,0.1805,0.14992,0.15818,0.15234,0.1,0.37989,0.35017,18176,80244,39056
Cloudflare Inc,0,1,2,,0.68292,Computer Software/Svcs,56.13,0.69801,NET,C,165,NET   240119C00165000,149894,1/19/2024 12:00:00 AM,196,1,4.2,5.1,6.69878,23.20111,3,1,-0.13837,-0.08592,401.061,0.29827,-0.2614,2,51.93,110.0699,0.04816,0.07483,2.17735,-1.9396,-1.28463,0.66685,0.70744,0.77394,0.14791,0.1125,0.12637,0.33527,0.1,0.77799,0.74826,18363,78402,42836
Cloudflare Inc,0,1,2,,0.68292,Computer Software/Svcs,56.13,0.69801,NET,C,170,NET   240119C00170000,97375,1/19/2024 12:00:00 AM,441,0,4.05,4.7,6.50463,22.10297,3,1,-0.13735,-0.0987,408.1779,0.30346,-0.26337,2,52.08,112.1876,0.0463,0.07215,2.26421,-2.02868,-1.24721,0.67089,0.70095,0.77771,0.14231,0.10742,0.11758,0.32953,0.1,0.75127,0.72154,17344,78497,42641
Sea Limited,0,1,3,,0.62373,Foreign Electronics,80.26,0.62124,SE,C,170,SE    240119C00170000,150350,1/19/2024 12:00:00 AM,195,10,6.7,8.1,11.24878,27.85255,3,1,-0.18215,-0.12345,381.463,0.32416,-0.27945,2,73.56,91.18903,0.05423,0.08348,1.31104,-1.11812,-1.71968,0.5582,0.59826,0.68252,0.20756,0.15952,0.17626,0.30849,0.1,0.86451,0.83479,15395,74506,53452
Cloudflare Inc,0,1,2,,0.68292,Computer Software/Svcs,56.13,0.69801,NET,C,175,NET   240119C00175000,141102,1/19/2024 12:00:00 AM,221,0,3.65,4.4,6.32198,20.72502,3,1,-0.15284,-0.10666,417.9935,0.3093,-0.26844,2,52.48,114.7124,0.04141,0.06503,2.3346,-2.11776,-1.1907,0.66196,0.69805,0.78139,0.13707,0.09837,0.11045,0.32332,0.1,0.68,0.65028,16712,77032,46137
Sea Limited,0,1,3,,0.62373,Foreign Electronics,80.26,0.62124,SE,C,175,SE    240119C00175000,157533,1/19/2024 12:00:00 AM,175,0,6.1,7.85,10.97416,26.55111,3,1,-0.19743,-0.12281,388.9563,0.32684,-0.28356,2,74.16,93.60653,0.04898,0.076,1.35976,-1.18041,-1.67735,0.55233,0.60368,0.6882,0.20026,0.14743,0.16893,0.30596,0.1,0.78976,0.76003,15452,73245,57431
Sea Limited,0,1,3,,0.62373,Foreign Electronics,80.26,0.62124,SE,C,180,SE    240119C00180000,29478,1/19/2024 12:00:00 AM,2239,5,5.45,7,10.72017,24.49276,3,1,-0.21648,-0.14819,405.446,0.33957,-0.29154,2,74.81,97.01702,0.04338,0.0679,1.4061,-1.24271,-1.57803,0.54363,0.59101,0.69383,0.19346,0.13474,0.15488,0.29449,0.1,0.70877,0.67904,13620,71698,62811
Datadog Inc,0,1,2,,0.62908,Computer Software/Svcs,94.75,0.63872,DDOG,C,185,DDOG  240119C00185000,173061,1/19/2024 12:00:00 AM,142,0,8.95,10.3,14.96182,30.50867,3,1,-0.19607,-0.14997,378.7868,0.32262,-0.27746,2,85.8,87.73023,0.06211,0.09446,1.15618,-0.95251,-2.07163,0.54806,0.57949,0.68173,0.23462,0.184,0.19727,0.30996,0.1,0.97432,0.94459,13511,73332,57084
Advanced Micro Devices Inc,0,1,2,,0.56741,Semiconductor,102.56,0.61216,AMD,C,190,AMD   240119C00190000,98126,1/19/2024 12:00:00 AM,435,11,7,8,15.45602,25.96135,3,1,-0.27822,-0.242,422.4143,0.39003,-0.32001,3,95.56,88.09365,0.04362,0.06825,0.98828,-0.85257,-1.76316,0.46375,0.48702,0.64251,0.24047,0.16442,0.17623,0.25639,0.1,0.71225,0.68253,8084,56009,82790
Datadog Inc,0,1,2,,0.62908,Computer Software/Svcs,94.75,0.63872,DDOG,C,190,DDOG  240119C00190000,235248,1/19/2024 12:00:00 AM,64,1,8.3,9.65,14.53516,28.97098,3,1,-0.20543,-0.15854,387.6166,0.3292,-0.28198,2,86.45,90.09505,0.05717,0.0876,1.1978,-1.00528,-2.00963,0.54424,0.57636,0.68495,0.22652,0.17249,0.18627,0.30377,0.1,0.90572,0.87599,12958,72595,59611
Sea Limited,0,1,3,,0.62373,Foreign Electronics,80.26,0.62124,SE,C,190,SE    240119C00190000,52286,1/19/2024 12:00:00 AM,1122,1,5,6.4,10.26387,22.67605,3,1,-0.21899,-0.15556,416.5598,0.34407,-0.29419,2,75.26,100.9307,0.03956,0.0623,1.52458,-1.36731,-1.52471,0.5505,0.59521,0.70486,0.18119,0.12175,0.14037,0.29064,0.1,0.6527,0.62298,13142,71496,63553
Block Inc,0,1,3,,0.59018,Computer Software/Svcs,84.91,0.60176,SQ,C,190,SQ    240119C00190000,64607,1/19/2024 12:00:00 AM,837,4,5.55,7.25,10.28268,24.08502,3,1,-0.19529,-0.12087,393.9755,0.34373,-0.29488,2,79.36,93.66784,0.04164,0.06536,1.39415,-1.23766,-1.63642,0.53616,0.58575,0.66628,0.18449,0.13213,0.15342,0.29092,0.1,0.68336,0.65363,15601,73392,56875
Sea Limited,0,1,3,,0.62373,Foreign Electronics,80.26,0.62124,SE,C,195,SE    240119C00195000,218843,1/19/2024 12:00:00 AM,79,0,4.6,5.95,10.05812,21.35819,3,1,-0.22986,-0.16703,427.2777,0.35074,-0.29897,3,75.66,103.4358,0.0362,0.05731,1.57732,-1.4296,-1.46345,0.54699,0.59162,0.71025,0.17563,0.11306,0.13155,0.28511,0.1,0.60286,0.57314,12429,70688,66952
Block Inc,0,1,3,,0.59018,Computer Software/Svcs,84.91,0.60176,SQ,C,195,SQ    240119C00195000,76128,1/19/2024 12:00:00 AM,654,2,4.8,6.65,10.18446,22.20503,3,1,-0.22523,-0.14146,411.3067,0.35394,-0.30427,3,80.11,97.22643,0.03568,0.05653,1.43415,-1.29655,-1.53629,0.52288,0.57941,0.67488,0.17967,0.11839,0.14284,0.28253,0.1,0.59503,0.5653,14102,71043,65483
Advanced Micro Devices Inc,0,1,2,,0.56741,Semiconductor,102.56,0.61216,AMD,C,200,AMD   240119C00200000,13522,1/19/2024 12:00:00 AM,4864,113,6.35,7.2,14.88636,23.78465,3,1,-0.28241,-0.25086,437.0989,0.39699,-0.32339,3,96.21,92.48874,0.0393,0.06191,1.07879,-0.95008,-1.69712,0.47024,0.49091,0.6553,0.22619,0.14751,0.15791,0.2519,0.1,0.64888,0.61915,7680,55762,84225
Datadog Inc,0,1,2,,0.62908,Computer Software/Svcs,94.75,0.63872,DDOG,C,200,DDOG  240119C00200000,152195,1/19/2024 12:00:00 AM,190,62,7.75,8.8,13.7552,27.02441,3,1,-0.20054,-0.16312,395.9211,0.33416,-0.28433,2,87,93.42902,0.05304,0.08179,1.29885,-1.11082,-1.95809,0.55271,0.57858,0.69135,0.21166,0.15829,0.16936,0.29925,0.1,0.84767,0.81794,12666,72992,58311
Block Inc,0,1,3,,0.59018,Computer Software/Svcs,84.91,0.60176,SQ,C,200,SQ    240119C00200000,19838,1/19/2024 12:00:00 AM,3359,4,4.55,6.4,10.09762,21.34641,3,1,-0.2325,-0.14776,418.6688,0.35539,-0.30628,3,80.36,99.53466,0.03371,0.05359,1.4888,-1.35544,-1.50684,0.52448,0.58239,0.68336,0.17519,0.11185,0.1366,0.28138,0.1,0.56559,0.53586,13654,70481,67762
Advanced Micro Devices Inc,0,1,2,,0.56741,Semiconductor,102.56,0.61216,AMD,C,210,AMD   240119C00210000,96501,1/19/2024 12:00:00 AM,448,2,5.3,6.7,14.40973,21.50556,3,1,-0.30627,-0.25237,455.0204,0.40456,-0.33104,3,97.26,97.10925,0.03245,0.05168,1.15916,-1.04758,-1.60324,0.46345,0.49946,0.66806,0.21376,0.12637,0.14428,0.24718,0.1,0.5465,0.51677,7617,54419,92757
Datadog Inc,0,1,2,,0.62908,Computer Software/Svcs,94.75,0.63872,DDOG,C,220,DDOG  240119C00220000,219936,1/19/2024 12:00:00 AM,78,16,6,8.25,12.43639,23.66424,3,1,-0.2248,-0.14036,409.7501,0.33616,-0.29258,3,88.75,99.4966,0.04025,0.06332,1.47887,-1.3219,-1.85189,0.54562,0.60505,0.70384,0.18648,0.12522,0.15,0.29748,0.1,0.66297,0.63325,14199,71075,65337
Twilio Inc,0,1,3,,0.58854,E-Commerce,101.45,0.62229,TWLO,C,220,TWLO  240119C00220000,175600,1/19/2024 12:00:00 AM,137,183,7.75,10,13.08048,26.71858,3,1,-0.17684,-0.099,378.2032,0.32679,-0.28339,2,93.7,90.84318,0.04925,0.07639,1.34792,-1.16856,-2.12396,0.55103,0.60314,0.66941,0.19544,0.14863,0.17048,0.30601,0.1,0.79365,0.76392,17324,74932,52079
Datadog Inc,0,1,2,,0.62908,Computer Software/Svcs,94.75,0.63872,DDOG,C,230,DDOG  240119C00230000,205312,1/19/2024 12:00:00 AM,95,1,5.3,6.15,11.87408,20.27468,3,1,-0.23538,-0.20077,441.2526,0.36672,-0.3046,3,89.45,104.8063,0.03528,0.05594,1.57127,-1.42744,-1.63461,0.54279,0.56736,0.70988,0.17575,0.11152,0.12186,0.27269,0.1,0.58909,0.55937,10352,70244,68685
Twilio Inc,0,1,3,,0.58854,E-Commerce,101.45,0.62229,TWLO,C,250,TWLO  240119C00250000,119660,1/19/2024 12:00:00 AM,305,4,6.05,8.1,13.26263,22.04684,3,1,-0.23198,-0.15966,425.7806,0.33902,-0.2928,3,95.4,105.065,0.03776,0.05964,1.62055,-1.46427,-1.93497,0.55897,0.61161,0.72781,0.17756,0.11429,0.13558,0.29497,0.1,0.62608,0.59635,12894,70524,67600
Salesforce Inc,0,1,3,,0.35145,E-Commerce,163.66,0.50179,CRM,C,260,CRM   240119C00260000,48760,1/19/2024 12:00:00 AM,1228,0,7.35,8.95,20.81266,23.1821,3,1,-0.35236,-0.30476,448.8522,0.53253,-0.4011,3,156.31,73.86183,0.028,0.04491,0.66336,-0.58866,-1.98392,0.33627,0.36098,0.51922,0.25987,0.16011,0.17724,0.18778,0.1,0.47883,0.4491,5552,51929,110966
Salesforce Inc,0,1,3,,0.35145,E-Commerce,163.66,0.50179,CRM,C,270,CRM   240119C00270000,85499,1/19/2024 12:00:00 AM,545,3,6.25,7.6,21.70426,20.4437,3,1,-0.39054,-0.34971,493.5537,0.55766,-0.41261,3,157.41,80.93674,0.02364,0.03819,0.71527,-0.64976,-1.82679,0.33482,0.35725,0.54937,0.25417,0.1389,0.15455,0.17932,0.1,0.41162,0.38189,3926,50055,126895
CrowdStrike Holdings Inc,0,1,3,,0.6328,Cyber Security,147.34,0.62407,CRWD,C,300,CRWD  240119C00300000,72883,1/19/2024 12:00:00 AM,700,5,10.5,12.6,18.6111,25.75253,3,1,-0.19495,-0.14133,386.7188,0.35664,-0.30011,2,136.84,87.44015,0.04569,0.07126,1.19234,-1.03611,-2.78738,0.51197,0.54607,0.63595,0.20421,0.15224,0.16784,0.2804,0.1,0.74236,0.71264,14111,73426,56774
CrowdStrike Holdings Inc,0,1,3,,0.6328,Cyber Security,147.34,0.62407,CRWD,C,310,CRWD  240119C00310000,339348,1/19/2024 12:00:00 AM,19,0,9.5,11.5,17.77143,23.94561,3,1,-0.20334,-0.1504,397.1882,0.36586,-0.30604,2,137.84,89.91742,0.04104,0.06448,1.24898,-1.10398,-2.66146,0.50861,0.54241,0.63843,0.19404,0.13931,0.15484,0.27333,0.1,0.67449,0.64477,13493,72780,59026
CrowdStrike Holdings Inc,0,1,3,,0.6328,Cyber Security,147.34,0.62407,CRWD,C,320,CRWD  240119C00320000,221182,1/19/2024 12:00:00 AM,77,0,8.35,11.4,16.99303,22.68775,3,1,-0.21833,-0.13548,401.5653,0.36569,-0.31099,2,138.99,91.75962,0.03577,0.05667,1.30232,-1.17185,-2.5901,0.50098,0.55408,0.64091,0.1846,0.12532,0.14947,0.27345,0.1,0.59644,0.56672,14552,71562,63360
CrowdStrike Holdings Inc,0,1,3,,0.6328,Cyber Security,147.34,0.62407,CRWD,C,330,CRWD  240119C00330000,166232,1/19/2024 12:00:00 AM,155,0,8.05,9.7,16.27049,20.95925,3,1,-0.2109,-0.1643,414.733,0.38117,-0.31501,2,139.29,94.17413,0.03441,0.05464,1.36916,-1.23972,-2.45025,0.5077,0.53768,0.64339,0.17581,0.11893,0.13252,0.26235,0.1,0.57608,0.54636,12602,72139,61183
Meta Platforms Inc,0,1,4,,0.37609,Internet,202.4,0.70949,FB,C,340,FB    240119C00340000,56322,1/19/2024 12:00:00 AM,1016,1,9.9,10.5,47.70118,22.33086,3,1,-0.51124,-0.50121,625.8535,0.50485,-0.38366,3,192.5,109.4186,0.03062,0.04891,0.76623,-0.67984,-2.56967,0.37182,0.37945,0.76074,0.30995,0.15511,0.16002,0.19808,0.1,0.51886,0.48913,1223,22755,175642
Meta Platforms Inc,0,1,4,,0.37609,Internet,202.4,0.70949,FB,C,345,FB    240119C00345000,77836,1/19/2024 12:00:00 AM,631,0,9.35,9.9,48.56438,21.34722,3,1,-0.52207,-0.51284,647.3263,0.51275,-0.38771,3,193.05,113.0838,0.02884,0.0462,0.7871,-0.70455,-2.49518,0.37106,0.37823,0.77639,0.30836,0.1475,0.15213,0.19503,0.1,0.49168,0.46196,1153,22598,179244
Meta Platforms Inc,0,1,4,,0.37609,Internet,202.4,0.70949,FB,C,350,FB    240119C00350000,13699,1/19/2024 12:00:00 AM,4791,95,8.85,9.35,49.44658,20.42651,3,1,-0.53211,-0.52363,668.6239,0.52033,-0.39136,3,193.55,116.7166,0.02723,0.04373,0.80832,-0.72925,-2.4247,0.3706,0.37731,0.79206,0.30692,0.14041,0.14473,0.19218,0.1,0.46698,0.43725,1092,22477,182421
NVIDIA Corporation,0.00096,1,2,,0.49137,Semiconductor,181.82,0.48798,NVDA,C,350,NVDA  240119C00350000,32167,1/19/2024 12:00:00 AM,2038,430,9.3,12.85,15.91759,22.77036,3,1,-0.17035,-0.07542,364.383,0.40865,-0.33787,2,172.2269,75.39329,0.03306,0.05276,1.03036,-0.92498,-2.83021,0.43736,0.4874,0.52716,0.17944,0.13439,0.16052,0.24471,0.1,0.54122,0.51149,19228,75511,50364
MasterCard Incorporated,0.00601,1,3,,0.31496,Financial Svcs. (Div.),338.69,0.33066,MA,C,490,MA    240119C00490000,352200,1/19/2024 12:00:00 AM,16,0,13.95,14.85,20.38722,23.15366,3,1,-0.13821,-0.11795,336.4781,0.63488,-0.44917,2,321.3214,47.7045,0.03159,0.05128,0.51899,-0.44675,-3.49589,0.28889,0.29568,0.33522,0.21043,0.17514,0.18073,0.15751,0.1,0.44161,0.41188,15825,78419,42804
MasterCard Incorporated,0.00601,1,3,,0.31496,Financial Svcs. (Div.),338.69,0.33066,MA,C,500,MA    240119C00500000,288876,1/19/2024 12:00:00 AM,34,0,12.35,15.2,20.13907,22.09579,3,1,-0.16793,-0.10354,344.049,0.63206,-0.44957,2,322.9214,49.56006,0.02854,0.04656,0.54224,-0.47628,-3.4477,0.28584,0.30796,0.34353,0.20303,0.15901,0.17701,0.15821,0.1,0.39437,0.36464,16957,75701,49762
RH,0,1,4,,0.6238,Furn/Home Furnishings,297.87,0.62051,RH,C,610,RH    240119C00610000,457851,1/19/2024 12:00:00 AM,4,0,18.7,25.7,32.19164,24.88214,3,1,-0.1774,-0.0818,370.2481,0.35962,-0.30751,2,279.17,83.37805,0.03988,0.06278,1.18505,-1.04787,-5.45899,0.49305,0.55035,0.59938,0.1882,0.14112,0.16769,0.27807,0.1,0.65752,0.62779,18717,74880,52229
RH,0,1,4,,0.6238,Furn/Home Furnishings,297.87,0.62051,RH,C,620,RH    240119C00620000,499384,1/19/2024 12:00:00 AM,2,0,17.8,24.1,32.33517,23.84259,3,1,-0.19039,-0.10364,381.2036,0.36632,-0.31128,2,280.07,85.68977,0.03784,0.05976,1.21373,-1.08144,-5.29788,0.49191,0.54462,0.60759,0.18586,0.13495,0.1595,0.27299,0.1,0.6273,0.59758,16954,73811,55570
RH,0,1,4,,0.6238,Furn/Home Furnishings,297.87,0.62051,RH,C,630,RH    240119C00630000,287309,1/19/2024 12:00:00 AM,35,0,16.9,23,32.50158,22.96578,3,1,-0.20355,-0.11895,390.8622,0.37125,-0.31424,2,280.97,87.84896,0.03581,0.05674,1.24223,-1.11502,-5.16947,0.49046,0.54256,0.61581,0.1837,0.12887,0.15314,0.26936,0.1,0.59709,0.56736,15744,72753,59081
Adobe Inc,0,1,4,,0.348,Computer Software/Svcs,409.23,0.36635,ADBE,C,650,ADBE  240119C00650000,218981,1/19/2024 12:00:00 AM,79,0,18,21.75,27.54624,22.86201,3,1,-0.14635,-0.08666,341.8565,0.5398,-0.40453,2,391.23,55.84933,0.0274,0.04399,0.66143,-0.58835,-4.87926,0.33375,0.35709,0.39097,0.1964,0.1584,0.17474,0.18525,0.1,0.46958,0.43985,18294,77657,44635
Adobe Inc,0,1,4,,0.348,Computer Software/Svcs,409.23,0.36635,ADBE,C,660,ADBE  240119C00660000,84287,1/19/2024 12:00:00 AM,558,0,16,20.35,27.44389,21.42672,3,1,-0.17663,-0.10605,356.5904,0.55508,-0.41338,2,393.23,57.86194,0.02423,0.0391,0.67841,-0.61278,-4.64452,0.32742,0.35549,0.39766,0.19221,0.1454,0.16529,0.18015,0.1,0.4207,0.39098,16762,74946,52029
ServiceNow Inc,0,1,3,,0.39764,IT Service,431.94,0.40146,NOW,C,770,NOW   240119C00770000,546632,1/19/2024 12:00:00 AM,1,0,18.4,24.3,30.71812,21.10401,3,1,-0.16091,-0.08051,359.251,0.47993,-0.37564,2,413.54,66.25656,0.02649,0.0426,0.86197,-0.78265,-5.60113,0.38052,0.41698,0.45349,0.17538,0.13306,0.1551,0.20836,0.1,0.45571,0.42599,18818,76298,48048
ServiceNow Inc,0,1,3,,0.39764,IT Service,431.94,0.40146,NOW,C,780,NOW   240119C00780000,497171,1/19/2024 12:00:00 AM,2,0,17.7,23.4,30.11706,20.44443,3,1,-0.16363,-0.08483,363.6269,0.48387,-0.37741,2,414.24,67.17584,0.02544,0.04098,0.88297,-0.80581,-5.50083,0.38136,0.41729,0.45597,0.17109,0.12804,0.14966,0.20667,0.1,0.43951,0.40978,18460,76055,48711
Palo Alto Networks Inc,0,1,2,,0.35674,Cyber Security,472.33,0.37925,PANW,C,840,PANW  240119C00840000,363838,1/19/2024 12:00:00 AM,14,0,20.5,27.5,34.70034,21.48517,3,1,-0.16643,-0.08081,359.1944,0.47397,-0.37311,2,451.83,66.58639,0.02702,0.0434,0.85911,-0.77842,-6.22875,0.38174,0.42095,0.45796,0.17879,0.13487,0.15845,0.21098,0.1,0.46374,0.43402,18792,75813,49369
Palo Alto Networks Inc,0,1,2,,0.35674,Cyber Security,472.33,0.37925,PANW,C,850,PANW  240119C00850000,317111,1/19/2024 12:00:00 AM,25,0,20,26.5,35.15582,20.91367,3,1,-0.17565,-0.09635,367.0064,0.4771,-0.37424,2,452.33,68.18706,0.02633,0.04234,0.87916,-0.79959,-6.14084,0.3838,0.42072,0.46558,0.1776,0.13103,0.15313,0.2096,0.1,0.45316,0.42343,17550,75041,51757
Palo Alto Networks Inc,0,1,2,,0.35674,Cyber Security,472.33,0.37925,PANW,C,860,PANW  240119C00860000,435310,1/19/2024 12:00:00 AM,6,0,18.5,26,35.61878,20.18377,3,1,-0.19789,-0.1058,376.147,0.47996,-0.37863,2,453.83,69.93527,0.02427,0.03917,0.89498,-0.82076,-5.9952,0.37952,0.42309,0.47315,0.17649,0.12344,0.14947,0.20835,0.1,0.4214,0.39168,16777,73203,57557
