Company,DIV'D,CMRK,TechRank,^vCM,HISTVO,INDUST,CMPRICE,VOLF,TKR,C/P,STRIKE,OPTKR,Record Number,EXPDAY,OI,VOL,BID,ASK,EST,DLTA,Bid oprk,Ask oprk,Bid UN/OV,Ask UN/OV,RVOPT,10%,-10%,CCMPRK,CCMPBE,CCMPRV,CCPWPA,CCPWPT,CCPWMX,I/OTM,THETA,Bid Implied,Ask Implied,VOLFADJ,PrtbStrk VOLF,Bid PrtbStrk Implied,Ask PrtbStrk Implied,PctDble,Margin,Yld Margin,Max Margin,ROBUY,ROWRT,ROCCMP,06/22/2021
Invesco Mortgage Capital Inc,0.08824,3,4,,0.56592,R.E.I.T.,3.99,0.30386,IVR,C,4.5,IVR   210702C00004500,8908,7/2/2021 12:00:00 AM,5934,1933,0.1,0.11,0.00359,26.95118,5,3,1.57076,1.68526,744.1076,1.40047,-0.7007,1,3.87939,51.73886,0.94124,0.02772,0.15947,-0.12782,-1.05012,0.98324,1.02703,0.38247,0.03262,0.23664,0.24617,0.0714,0.1,0.25116,0.25063,364336,328904,4141
Express Inc,0,3,3,e,0.89795,Retail (SoftLines),5.42,0.76262,EXPR,C,6,EXPR  210702C00006000,77763,7/2/2021 12:00:00 AM,506,1749,0.25,0.3,0.06403,36.87234,5,3,0.90236,1.12049,872.7374,0.88936,-0.56892,1,5.17,75.5603,1.60454,0.04613,0.16054,-0.10701,-2.10539,1.22959,1.37058,0.64635,0.18372,0.31783,0.3354,0.11244,0.1,0.46179,0.46125,345425,327435,10756
BlackBerry Limited,0,4,3,,0.57085,Wireless Networking,13.4,0.51021,BB,C,14,BB    210702C00014000,20087,7/2/2021 12:00:00 AM,2791,2125,0.99,1.05,0.14249,47.47374,5,3,2.47343,2.64182,442.4186,0.72954,-0.51269,1,12.41,37.41426,2.64706,0.07388,0.12812,-0.04478,-5.78673,1.33602,1.40079,0.38464,0.25849,0.426,0.42939,0.13707,0.15522,0.47649,0.47596,375741,329320,11734
BlackBerry Limited,0,4,3,,0.57085,Wireless Networking,13.4,0.51021,BB,C,14.5,BB    210702C00014500,45575,7/2/2021 12:00:00 AM,1072,754,0.87,0.91,0.10428,42.28333,5,3,1.95136,2.04398,557.7767,0.75373,-0.51804,1,12.53,50.62714,2.30393,0.06493,0.15722,-0.08209,-5.90041,1.39797,1.44184,0.47367,0.17031,0.37339,0.37712,0.13267,0.11791,0.55117,0.55063,372259,329215,16291
Workhorse Group Inc,0,5,5,ev,0.99178,Heavy Truck & Equip,14.5,1.004,WKHS,C,15,WKHS  210702C00015000,41491,7/2/2021 12:00:00 AM,1212,2146,1.08,1.11,0.78172,48.61745,5,3,0.30112,0.33137,1173.406,0.75571,-0.52567,3,13.42,94.10619,2.67037,0.07448,0.11773,-0.03448,-5.96738,1.28681,1.31672,0.989,0.42295,0.44063,0.44197,0.13233,0.16552,0.45053,0.45,324612,326664,128643
Workhorse Group Inc,0,5,5,ev,0.99178,Heavy Truck & Equip,14.5,1.004,WKHS,C,16,WKHS  210702C00016000,37847,7/2/2021 12:00:00 AM,1359,1326,0.79,0.85,0.49583,38.52651,5,3,0.30646,0.36716,1297.617,0.82185,-0.54288,3,13.71,116.9009,1.91201,0.05448,0.16703,-0.10345,-6.02826,1.34159,1.40392,1.02689,0.29143,0.3371,0.34395,0.12168,0.1,0.54536,0.54483,327852,326723,128074
Workhorse Group Inc,0,5,5,ev,0.99178,Heavy Truck & Equip,14.5,1.004,WKHS,C,17,WKHS  210702C00017000,34581,7/2/2021 12:00:00 AM,1526,539,0.6,0.65,0.33232,30.56836,5,3,0.29796,0.34994,1441.503,0.87469,-0.55469,3,13.9,140.041,1.43231,0.04138,0.22302,-0.17241,-5.80347,1.41369,1.4703,1.08916,0.20089,0.25915,0.26727,0.11433,0.1,0.41433,0.41379,326267,326642,128957
Rite Aid Corp,0,5,4,,0.76853,Retail Store,19.86,0.56275,RAD,C,20.5,RAD   210702C00020500,114554,7/2/2021 12:00:00 AM,263,39,1.16,1.32,0.29017,47.29325,5,3,1.65324,1.95027,548.1084,0.91666,-0.59155,2,18.7,38.30902,2.05834,0.05841,0.09626,-0.03223,-6.89874,1.04137,1.15795,0.39249,0.3236,0.43152,0.43836,0.10909,0.16777,0.34867,0.34814,373484,329197,55766
Rite Aid Corp,0,5,4,,0.76853,Retail Store,19.86,0.56275,RAD,C,22,RAD   210702C00022000,173244,7/2/2021 12:00:00 AM,114,49,0.75,0.89,0.1171,34.22635,5,3,1.14813,1.36364,794.3351,1.05161,-0.62074,2,19.11,62.48254,1.30227,0.03776,0.15123,-0.10775,-6.69075,1.10195,1.2125,0.51298,0.12649,0.29731,0.31432,0.09509,0.1,0.37818,0.37764,367438,328968,72170
Bed Bath and Beyond Inc,0,3,3,,0.69502,Retail (Hardlines),28.77,0.54859,BBBY,C,29.5,BBBY  210702C00029500,182148,7/2/2021 12:00:00 AM,102,29,1.91,2.06,0.46079,49.11565,5,3,1.94222,2.14061,497.5547,0.84906,-0.56668,1,26.86,35.76605,2.35954,0.06639,0.09829,-0.02537,-10.51156,1.11675,1.19205,0.37956,0.35488,0.44967,0.45283,0.11778,0.17463,0.38071,0.38018,370853,329122,2625
Bed Bath and Beyond Inc,0,3,3,,0.69502,Retail (Hardlines),28.77,0.54859,BBBY,C,30,BBBY  210702C00030000,100426,7/2/2021 12:00:00 AM,333,389,1.76,1.84,0.34137,45.84496,5,3,1.87363,1.97531,536.9441,0.88465,-0.57632,1,27.01,39.80696,2.16216,0.06117,0.1107,-0.04275,-10.51144,1.14063,1.18099,0.39693,0.27432,0.41733,0.42012,0.11304,0.15725,0.38957,0.38904,369023,329092,2843
Bed Bath and Beyond Inc,0,3,3,,0.69502,Retail (Hardlines),28.77,0.54859,BBBY,C,31,BBBY  210702C00031000,156556,7/2/2021 12:00:00 AM,142,126,1.45,1.54,0.221,39.82258,5,3,1.54835,1.65088,647.6136,0.94503,-0.59099,1,27.32,50.74405,1.76111,0.0504,0.1347,-0.07751,-10.41843,1.16039,1.20708,0.45535,0.17421,0.35646,0.36178,0.10582,0.12249,0.412,0.41146,363634,328883,4254
3D Systems Corporation,0,5,3,,0.71931,Electronics,36.96,0.9569,DDD,C,38,DDD   210702C00038000,239005,7/2/2021 12:00:00 AM,50,617,2.5,2.7,1.51636,48.86707,5,3,0.50398,0.60615,979.3849,0.82538,-0.55654,3,34.46,72.47714,2.40727,0.06764,0.10273,-0.02814,-13.91816,1.15116,1.22936,0.76541,0.41885,0.44584,0.44926,0.12116,0.17186,0.39411,0.39358,344604,327919,110180
3D Systems Corporation,0,5,3,,0.71931,Electronics,36.96,0.9569,DDD,C,39,DDD   210702C00039000,327835,7/2/2021 12:00:00 AM,17,273,2.1,2.45,1.26252,44.14379,5,3,0.41668,0.58789,1070.056,0.86396,-0.56735,3,34.86,83.51641,1.9989,0.05682,0.11876,-0.05519,-14.02864,1.14384,1.28208,0.80741,0.35216,0.3944,0.40556,0.11575,0.14481,0.39291,0.39238,343621,327518,117676
3D Systems Corporation,0,5,3,,0.71931,Electronics,36.96,0.9569,DDD,C,40,DDD   210702C00040000,127575,7/2/2021 12:00:00 AM,215,3887,1.9,2.05,1.11726,39.68193,5,3,0.37308,0.4426,1201.975,0.90975,-0.57818,3,35.06,97.45166,1.79822,0.05141,0.1409,-0.08225,-13.87171,1.19793,1.25858,0.87244,0.3021,0.35289,0.35967,0.10992,0.11775,0.43711,0.43658,334108,327264,121680
Walgreens Boots Alliance Inc,0.03508,3,3,,0.30947,Retail Store,51.72,0.25958,WBA,C,52,WBA   210702C00052000,159413,7/2/2021 12:00:00 AM,136,53,1.24,1.3,0.59088,47.92578,5,3,0.89095,0.97297,738.8956,2.95928,-0.94143,1,50.42532,19.72841,0.85016,0.02503,0.03117,-0.00541,-6.54034,0.38685,0.40363,0.20458,0.43377,0.46486,0.46632,0.03379,0.19459,0.12374,0.12321,336360,327376,10986
Walgreens Boots Alliance Inc,0.03508,3,3,,0.30947,Retail Store,51.72,0.25958,WBA,C,52.5,WBA   210702C00052500,115181,7/2/2021 12:00:00 AM,260,67,1.01,1.09,0.42354,42.34902,5,3,0.8111,0.91941,841.7028,3.36374,-0.95084,1,50.65532,22.49349,0.69597,0.02059,0.03636,-0.01508,-6.38147,0.38158,0.4044,0.21069,0.33594,0.40754,0.41267,0.02973,0.18492,0.10614,0.1056,332314,326775,12985
AMC Entertainment Holdings Inc,0,3,3,e,0.84599,Recreation,58.02,1.10873,AMC,C,64,AMC   210702C00064000,39358,7/2/2021 12:00:00 AM,1295,652,7.15,7.5,1.7105,48.90011,5,3,1.47383,1.56566,678.4434,0.42393,-0.34836,1,50.87,89.78061,4.66385,0.12323,0.25811,-0.10307,-43.74995,2.34707,2.4342,0.94876,0.27681,0.40538,0.40871,0.23589,0.1,1.23287,1.23233,361643,328813,4625
AMC Entertainment Holdings Inc,0,3,3,e,0.84599,Recreation,58.02,1.10873,AMC,C,65,AMC   210702C00065000,16776,7/2/2021 12:00:00 AM,3328,2908,7,7.2,1.70132,47.60395,5,3,1.3541,1.40317,729.3,0.42655,-0.34928,1,51.02,98.50748,4.55258,0.12065,0.27401,-0.1203,-44.12688,2.38995,2.43977,1.01523,0.26059,0.39261,0.39475,0.23444,0.1,1.20701,1.20648,357202,328667,5400
AMC Entertainment Holdings Inc,0,3,3,e,0.84599,Recreation,58.02,1.10873,AMC,C,66,AMC   210702C00066000,57637,7/2/2021 12:00:00 AM,786,385,6.7,6.95,1.72557,46.22786,5,3,1.19779,1.25519,790.0417,0.43186,-0.35206,1,51.32,108.3847,4.332,0.11548,0.28605,-0.13754,-44.16188,2.39216,2.45464,1.08844,0.24851,0.37865,0.38164,0.23156,0.1,1.15531,1.15477,351803,328446,6715
GameStop Corp Holding Company,0,3,3,e,0.88508,Retail (Hardlines),219.61,0.74564,GME,C,230,GME   210702C00230000,100770,7/2/2021 12:00:00 AM,331,311,18.2,20.7,4.11614,48.68884,5,3,1.78962,2.09952,537.7287,0.62849,-0.4661,1,201.41,50.41417,2.99841,0.08287,0.14195,-0.04731,-108.3713,1.48006,1.64448,0.53056,0.30991,0.42943,0.43642,0.15911,0.15269,0.5433,0.54277,370426,329059,3169
GameStop Corp Holding Company,0,3,3,e,0.88508,Retail (Hardlines),219.61,0.74564,GME,C,232.5,GME   210702C00232500,249874,7/2/2021 12:00:00 AM,43,28,17.35,19.75,3.61991,47.11928,5,3,1.72498,2.0153,560.8812,0.64058,-0.47079,1,202.26,53.37525,2.84636,0.079,0.14951,-0.05869,-108.2804,1.48525,1.64349,0.54505,0.2752,0.41327,0.42151,0.15611,0.14131,0.55963,0.5591,369528,329015,3430
GameStop Corp Holding Company,0,3,3,e,0.88508,Retail (Hardlines),219.61,0.74564,GME,C,235,GME   210702C00235000,181687,7/2/2021 12:00:00 AM,102,81,17,19,3.22837,45.77405,5,3,1.70492,1.94005,579.6685,0.64289,-0.47043,1,202.61,56.46729,2.78412,0.07741,0.15986,-0.07008,-109.5088,1.52103,1.65325,0.56232,0.24561,0.39956,0.40744,0.15555,0.12992,0.59636,0.59582,368546,329006,3530
GameStop Corp Holding Company,0,3,3,e,0.88508,Retail (Hardlines),219.61,0.74564,GME,C,237.5,GME   210702C00237500,285081,7/2/2021 12:00:00 AM,29,14,16.1,18.3,2.92384,44.29492,5,3,1.60723,1.8583,608.1472,0.65342,-0.47468,1,203.51,60.06039,2.62507,0.07331,0.16702,-0.08146,-109.2581,1.51798,1.66416,0.58222,0.22078,0.38394,0.39388,0.15304,0.11854,0.619,0.61847,367352,328937,3969
Invesco Mortgage Capital Inc,0.08824,3,4,,0.56592,R.E.I.T.,3.99,0.32735,IVR,C,4.5,IVR   210709C00004500,16902,7/9/2021 12:00:00 AM,3306,1521,0.15,0.16,0.00742,31.66458,5,3,1.71095,1.80298,526.611,1.03135,-0.60946,1,3.82264,43.86375,0.88034,0.04195,0.17623,-0.12782,-0.84274,0.93967,0.97157,0.34662,0.05393,0.27656,0.28311,0.09696,0.1,0.37681,0.37594,366464,329009,3499
Eastman Kodak Company,0,3,3,e,0.81959,Diversified Co.,8.9,0.63565,KODK,C,9.5,KODK  210709C00009500,108858,7/9/2021 12:00:00 AM,289,112,0.42,0.5,0.15196,40.87876,5,3,0.79657,1.02217,677.5553,0.97838,-0.60561,1,8.48,50.57822,1.00432,0.04719,0.12028,-0.06742,-1.89662,0.82996,0.93418,0.46197,0.26519,0.36346,0.37818,0.10221,0.13258,0.35681,0.35593,339685,326633,13375
BlackBerry Limited,0,4,3,,0.57085,Wireless Networking,13.4,0.51252,BB,C,14,BB    210709C00014000,41003,7/9/2021 12:00:00 AM,1230,599,1.07,1.3,0.21499,48.95981,5,3,1.99873,2.52232,377.7963,0.63219,-0.46976,1,12.33,34.9975,1.75971,0.07985,0.13544,-0.04478,-4.00586,1.11034,1.30421,0.37027,0.3008,0.43089,0.44108,0.15818,0.15522,0.5153,0.51442,375246,329229,15780
BlackBerry Limited,0,4,3,,0.57085,Wireless Networking,13.4,0.51252,BB,C,14.5,BB    210709C00014500,71582,7/9/2021 12:00:00 AM,572,512,1.1,1.25,0.15129,45.62333,5,3,2.02514,2.32391,408.8739,0.59248,-0.44483,1,12.3,42.86694,1.81346,0.08209,0.17886,-0.08209,-4.45351,1.2878,1.41499,0.4257,0.2046,0.3925,0.40195,0.16878,0.11791,0.69708,0.6962,374264,329238,15505
Bed Bath and Beyond Inc,0,3,3,,0.69502,Retail (Hardlines),28.77,0.55928,BBBY,C,30,BBBY  210709C00030000,70568,7/9/2021 12:00:00 AM,585,16,1.93,2.2,0.53287,47.18813,5,3,1.43067,1.70037,477.4171,0.77552,-0.53387,1,26.84,38.51159,1.45813,0.06708,0.11773,-0.04275,-7.19068,0.95715,1.06335,0.39378,0.31962,0.42354,0.43109,0.12895,0.15725,0.42749,0.42661,364634,328764,4893
Bed Bath and Beyond Inc,0,3,3,,0.69502,Retail (Hardlines),28.77,0.55928,BBBY,C,30.5,BBBY  210709C00030500,240854,7/9/2021 12:00:00 AM,49,0,1.86,2.04,0.43074,44.65808,5,3,1.44663,1.62057,498.5957,0.78144,-0.53299,1,26.91,41.98504,1.40159,0.06465,0.13341,-0.06013,-7.33555,1.00231,1.07357,0.40967,0.26361,0.39804,0.40467,0.12797,0.13987,0.4631,0.46223,362923,328781,4793
AMC Entertainment Holdings Inc,0,3,3,e,0.84599,Recreation,58.02,1.09356,AMC,C,68,AMC   210709C00068000,162292,7/9/2021 12:00:00 AM,131,62,9,9.3,2.16375,49.38118,5,3,1.31755,1.37317,607.052,0.33541,-0.28934,1,49.02,98.37018,3.72297,0.15512,0.38719,-0.17201,-35.23262,2.43206,2.49043,1.04941,0.2491,0.38504,0.38766,0.29814,0.1,1.55206,1.55119,356227,328618,5642
AMC Entertainment Holdings Inc,0,3,3,e,0.84599,Recreation,58.02,1.09356,AMC,C,69,AMC   210709C00069000,87311,7/9/2021 12:00:00 AM,422,97,8.75,9.1,2.20307,48.42205,5,3,1.20417,1.26576,643.3524,0.33751,-0.29059,1,49.27,105.6612,3.60119,0.15081,0.40045,-0.18925,-35.36668,2.43832,2.50645,1.10623,0.24135,0.37506,0.37835,0.29629,0.1,1.50897,1.5081,352233,328452,6663
GameStop Corp Holding Company,0,3,3,e,0.88508,Retail (Hardlines),219.61,0.7555,GME,C,232.5,GME   210709C00232500,306551,7/9/2021 12:00:00 AM,22,3,21.9,24.4,5.54001,49.53902,5,3,1.60319,1.84314,464.0912,0.52541,-0.41067,1,197.71,50.03486,2.24613,0.09972,0.17596,-0.05869,-79.21143,1.39385,1.52233,0.53544,0.31834,0.42801,0.43403,0.19033,0.14131,0.7066,0.70572,367123,328931,3990
Protalix BioTherapeutics Inc,0,4,3,e,0.79494,Biotechnology,1.86,0.90059,PLX,C,2,PLX   210716C00002000,57050,7/16/2021 12:00:00 AM,798,384,0.2,0.25,0.09017,49.98595,5,3,0.77199,1.1195,564.7985,0.45216,-0.37083,2,1.66,68.64707,1.75904,0.10753,0.20482,-0.07527,-0.56354,1.31336,1.57093,0.74118,0.35648,0.41777,0.4311,0.22116,0.12473,0.86328,0.86207,356091,327985,45227
Corbus Pharmaceuticals Holdings Inc,0,5,4,e,0.78302,Cannabis,1.93,0.9291,CRBP,C,2.5,CRBP  210716C00002500,12316,7/16/2021 12:00:00 AM,4487,2848,0.13,0.14,0.06772,32.71002,5,3,0.32614,0.37491,975.8846,0.53201,-0.40375,3,1.8,140.3507,1.05444,0.06736,0.38889,-0.29534,-0.55692,1.49364,1.54858,1.12631,0.19112,0.25499,0.26255,0.18797,0.1,0.67479,0.67358,328565,326919,126113
Senseonics Holdings Inc,0,4,4,e,0.82329,Medical Supplies  (Noninvasive),3.47,0.8768,SENS,C,4,SENS  210716C00004000,1549,7/16/2021 12:00:00 AM,21076,5589,0.3,0.35,0.11874,42.27612,5,3,0.6654,0.83936,674.0776,0.50511,-0.39558,2,3.17,86.4009,1.3817,0.08646,0.26183,-0.15274,-1.01255,1.34609,1.4867,0.80827,0.25264,0.34457,0.3586,0.19798,0.1,0.86577,0.86455,343692,327512,51254
Invesco Mortgage Capital Inc,0.08824,3,4,,0.56592,R.E.I.T.,3.99,0.34741,IVR,C,4.5,IVR   210716C00004500,1108,7/16/2021 12:00:00 AM,25415,1935,0.2,0.22,0.01268,35.50219,5,3,1.79603,1.95072,416.5809,0.81019,-0.53519,1,3.76589,39.94206,0.85869,0.05617,0.19338,-0.12782,-0.75293,0.93502,0.98675,0.33441,0.07642,0.30457,0.31402,0.12343,0.1,0.50247,0.50125,368710,329064,3141
Clearside Biomedical Inc,0,5,4,e,0.8896,Drug,4.5,0.83343,CLSD,C,5,CLSD  210716C00005000,14068,7/16/2021 12:00:00 AM,3961,417,0.5,0.55,0.18159,47.45102,5,3,0.91176,1.05111,574.7432,0.44779,-0.36318,3,4,74.48428,1.825,0.11111,0.25,-0.11111,-1.43001,1.46328,1.56994,0.76541,0.30156,0.39283,0.39995,0.22332,0.1,1.11232,1.11111,361235,328735,83125
LiveXLive Media Inc,0,3,3,^,0.87624,Entertainment Tech,4.38,0.63201,LIVX,C,5,LIVX  210716C00005000,8663,7/16/2021 12:00:00 AM,6062,265,0.3,0.35,0.07024,39.60299,5,3,1.02086,1.22206,555.605,0.61432,-0.452,1,4.08,62.93928,1.07353,0.06849,0.22549,-0.14155,-1.06142,1.1372,1.25042,0.56273,0.18654,0.3297,0.34427,0.16278,0.1,0.68614,0.68493,350405,327981,8777
Medicinova Inc,0,3,4,e,0.69032,Biotechnology,3.94,0.71711,MNOV,C,5,MNOV  210716C00005000,42252,7/16/2021 12:00:00 AM,1184,1612,0.4,0.5,0.09695,41.13973,5,3,0.90011,1.16542,625.3642,0.39027,-0.32821,1,3.54,102.4638,1.64972,0.10152,0.41243,-0.26904,-1.53888,1.78616,2.03556,0.94003,0.16764,0.30605,0.32817,0.25623,0.1,1.01644,1.01523,347761,327426,10798
comScore Inc,0,5,4,,0.68676,Information Services,4.51,0.53911,SCOR,C,5,SCOR  210716C00005000,30725,7/16/2021 12:00:00 AM,1754,120,0.2,0.25,0.05478,36.58604,5,3,0.8375,1.09618,593.3195,0.89916,-0.57282,3,4.31,51.12104,0.67749,0.04435,0.16009,-0.10865,-0.76723,0.7999,0.91251,0.43532,0.18548,0.31317,0.33476,0.11121,0.1,0.44467,0.44346,362372,328645,87171
Express Inc,0,3,3,e,0.89795,Retail (SoftLines),5.42,0.78074,EXPR,C,6,EXPR  210716C00006000,15190,7/16/2021 12:00:00 AM,3669,898,0.45,0.5,0.13448,43.90679,5,3,1.01276,1.16521,542.3505,0.56887,-0.43064,1,4.97,60.87463,1.32193,0.08303,0.20724,-0.10701,-1.37858,1.17954,1.26888,0.58603,0.25625,0.37244,0.38114,0.17579,0.1,0.83147,0.83026,347756,327951,8889
Ferroglobe PLC,0,3,3,,0.7864,Metals & Mining (Div.),5.64,0.55301,GSM,C,6,GSM   210716C00006000,45428,7/16/2021 12:00:00 AM,1077,123,0.3,0.35,0.10253,42.53341,5,3,0.90855,1.12843,537.0137,0.89733,-0.57794,1,5.34,41.83674,0.82022,0.05319,0.1236,-0.06383,-0.9282,0.75031,0.83675,0.39313,0.27773,0.37869,0.39088,0.11144,0.13617,0.39184,0.39062,345857,327472,10627
Apartment Investment and Management Company,0,4,5,,0.35805,R.E.I.T.,7.42,0.30909,AIV,C,7.5,AIV   210716C00007500,27861,7/16/2021 12:00:00 AM,1970,44,0.25,0.3,0.13031,48.42563,5,3,0.73956,1.04751,504.8026,1.77924,-0.81887,2,7.17,20.04142,0.50907,0.03369,0.04603,-0.01078,-0.63126,0.36503,0.42965,0.20984,0.43125,0.46035,0.46629,0.0562,0.18922,0.17928,0.17806,353461,327871,46950
Yiren Digital Ltd,0,3,4,^,0.72331,Internet,5.96,0.64644,YRD,C,7.5,YRD   210716C00007500,65036,7/16/2021 12:00:00 AM,660,54,0.45,0.55,0.08417,36.53877,5,3,0.95939,1.18227,616.2112,0.48644,-0.38348,1,5.51,89.90694,1.19238,0.0755,0.36116,-0.25839,-1.86646,1.49899,1.6695,0.76503,0.12676,0.28003,0.3004,0.20558,0.1,0.75625,0.75503,348580,327741,9677
Geo Group Inc New,0,5,5,,0.46562,R.E.I.T.,7.42,0.5259,GEO,C,8,GEO   210716C00008000,6140,7/16/2021 12:00:00 AM,8101,1553,0.4,0.45,0.13584,40.96894,5,3,0.84958,1.00207,576.1221,0.86714,-0.56392,3,7.02,47.52984,0.83191,0.05391,0.1396,-0.07817,-1.27667,0.80418,0.87048,0.43479,0.2576,0.36248,0.37257,0.11532,0.12183,0.44369,0.44248,360010,328662,86525
New Oriental Education and Technology Group Inc,0,3,3,,0.42692,Educational Services,7.81,0.54616,EDU,C,8.5,EDU   210716C00008500,7310,7/16/2021 12:00:00 AM,6990,777,0.65,0.75,0.215,45.45537,5,3,0.98641,1.20479,529.2292,0.57528,-0.43586,1,7.16,57.09711,1.32542,0.08323,0.18715,-0.08835,-1.93315,1.12286,1.2463,0.56527,0.28635,0.38822,0.39904,0.17383,0.11165,0.74663,0.74541,349637,327856,9261
Provention Bio Inc,0,5,5,e,0.87462,Biotechnology,8.37,0.82563,PRVB,C,10,PRVB  210716C00010000,17777,7/16/2021 12:00:00 AM,3147,221,1,1.1,0.26138,44.95882,5,3,1.04218,1.17446,577.3584,0.38969,-0.32537,3,7.37,88.88335,1.981,0.11947,0.35685,-0.19474,-3.20077,1.78082,1.89617,0.87202,0.21936,0.35228,0.36088,0.25661,0.1,1.19596,1.19474,364108,328876,76700
Clean Energy Fuels Corp,0,4,3,^,0.71864,Oil & Gas Distro,11.24,0.67495,CLNE,C,12,CLNE  210716C00012000,2964,7/16/2021 12:00:00 AM,13892,5313,1.2,1.25,0.36437,49.27113,5,3,1.30535,1.38201,463.1341,0.50377,-0.39708,2,10.04,52.16055,1.74502,0.10676,0.19522,-0.06762,-3.07469,1.28002,1.32259,0.55524,0.32928,0.42399,0.42641,0.1985,0.13238,0.80766,0.80645,363199,328891,26139
Provention Bio Inc,0,5,5,e,0.87462,Biotechnology,8.37,0.82563,PRVB,C,12.5,PRVB  210716C00012500,13940,7/16/2021 12:00:00 AM,3995,271,0.55,0.65,0.08624,29.02497,5,3,0.77081,0.89927,778.439,0.45083,-0.35893,3,7.82,136.4587,1.02685,0.06571,0.59847,-0.49343,-2.86713,1.83849,1.97186,1.03822,0.07056,0.20297,0.21922,0.22181,0.1,0.65832,0.65711,357068,328562,91311
Clean Energy Fuels Corp,0,4,3,^,0.71864,Oil & Gas Distro,11.24,0.67495,CLNE,C,13,CLNE  210716C00013000,3634,7/16/2021 12:00:00 AM,11937,3917,0.95,1,0.23091,40.99941,5,3,1.04148,1.10821,572.5966,0.53436,-0.40945,2,10.29,71.58957,1.34791,0.08452,0.26336,-0.15658,-3.12689,1.33762,1.38134,0.65522,0.2001,0.34014,0.34493,0.18714,0.1,0.84641,0.8452,355734,328586,33431
Clean Energy Fuels Corp,0,4,3,^,0.71864,Oil & Gas Distro,11.24,0.67495,CLNE,C,14,CLNE  210716C00014000,8339,7/16/2021 12:00:00 AM,6247,1098,0.75,0.85,0.19783,34.49066,5,3,0.73158,0.84751,714.6385,0.55278,-0.41654,2,10.49,96.59473,1.04385,0.06673,0.3346,-0.24555,-3.10327,1.37875,1.47106,0.79624,0.14734,0.27253,0.28529,0.1809,0.1,0.66847,0.66726,344151,327840,47381
BlackBerry Limited,0,4,3,,0.57085,Wireless Networking,13.4,0.51408,BB,C,14.5,BB    210716C00014500,164990,7/16/2021 12:00:00 AM,127,415,1.32,1.38,0.19861,47.32219,5,3,2.09039,2.1966,350.5796,0.52708,-0.40925,1,12.08,39.4469,1.59536,0.09851,0.20033,-0.08209,-3.57299,1.24966,1.29261,0.40437,0.23146,0.40613,0.40919,0.18972,0.11791,0.83666,0.83544,373461,329264,14886
Altimmune Inc,0,3,3,,0.99406,Biotechnology,15.51,0.6817,ALT,C,17,ALT   210716C00017000,91578,7/16/2021 12:00:00 AM,391,6,1.6,1.85,0.39174,47.66132,5,3,1.38466,1.65994,444.3104,0.47395,-0.3802,1,13.91,54.45065,1.67937,0.10316,0.22214,-0.09607,-4.6089,1.33968,1.49433,0.56179,0.26907,0.39814,0.40848,0.21099,0.10393,0.99377,0.99256,363828,328707,5178
ChemoCentryx Inc,0,5,5,e,0.66237,Biotechnology,12.93,0.71232,CCXI,C,17.5,CCXI  210716C00017500,38912,7/16/2021 12:00:00 AM,1313,128,2,2.3,0.36304,45.92887,5,3,1.18587,1.38196,581.4,0.29192,-0.25927,2,10.93,114.0691,2.67155,0.15468,0.6011,-0.35344,-7.00664,2.49012,2.71351,1.13919,0.15599,0.32185,0.33561,0.34256,0.1,1.548,1.54679,367722,328995,70733
Altimmune Inc,0,3,3,,0.99406,Biotechnology,15.51,0.6817,ALT,C,18,ALT   210716C00018000,86691,7/16/2021 12:00:00 AM,427,69,1.25,1.5,0.25054,41.11622,5,3,1.16145,1.42286,519.2914,0.52104,-0.40458,1,14.26,66.06978,1.2798,0.08059,0.26227,-0.16054,-4.41027,1.30962,1.46801,0.6059,0.17585,0.33328,0.35035,0.19192,0.1,0.80714,0.80593,357832,328371,7084
Macerich Co,0.03654,5,5,,0.54837,R.E.I.T.,17.7,0.43025,MAC,C,18,MAC   210716C00018000,15250,7/16/2021 12:00:00 AM,3656,195,0.75,0.85,0.39899,47.29421,5,3,0.65559,0.84119,564.2474,1.35235,-0.72669,3,16.9057,28.60851,0.68256,0.04488,0.06445,-0.01695,-1.92637,0.48527,0.53967,0.29311,0.40675,0.44334,0.44902,0.07395,0.18305,0.23269,0.23148,355118,328348,98774
Altimmune Inc,0,3,3,,0.99406,Biotechnology,15.51,0.6817,ALT,C,20,ALT   210716C00020000,31230,7/16/2021 12:00:00 AM,1720,96,0.95,1.05,0.14647,31.67521,5,3,0.93386,1.02838,666.8339,0.56358,-0.42011,1,14.56,92.63324,0.95261,0.06125,0.37363,-0.28949,-4.21177,1.41582,1.48502,0.73212,0.09332,0.24734,0.2575,0.17744,0.1,0.61372,0.61251,340055,327619,10128
ChemoCentryx Inc,0,5,5,e,0.66237,Biotechnology,12.93,0.71232,CCXI,C,20,CCXI  210716C00020000,10447,7/16/2021 12:00:00 AM,5188,95,1.75,1.85,0.23836,39.59682,5,3,1.088,1.14825,669.3605,0.30341,-0.26461,3,11.18,142.3591,2.28533,0.13534,0.78891,-0.54679,-7.04556,2.65736,2.73403,1.27268,0.09579,0.26584,0.27163,0.32958,0.1,1.35465,1.35344,363576,328917,74625
Viper Energy Partners LP,0.05263,4,3,,0.50864,Petroleum (Producing),19.36,0.41207,VNOM,C,20,VNOM  210716C00020000,15292,7/16/2021 12:00:00 AM,3644,44,0.65,0.7,0.31305,41.43786,5,3,0.60667,0.69434,641.5135,1.61768,-0.7728,2,18.64021,31.4316,0.55985,0.03718,0.07255,-0.03306,-1.92465,0.46566,0.49107,0.28983,0.32265,0.38725,0.39294,0.06182,0.16694,0.20233,0.20111,334244,327154,54965
Rite Aid Corp,0,5,4,,0.76853,Retail Store,19.86,0.59226,RAD,C,20.5,RAD   210716C00020500,233804,7/16/2021 12:00:00 AM,53,12,1.41,1.63,0.58032,49.10524,5,3,0.99613,1.258,478.9479,0.75111,-0.52533,3,18.45,38.19369,1.11577,0.071,0.11111,-0.03223,-3.61368,0.80891,0.91503,0.40524,0.38682,0.44271,0.44932,0.13314,0.16777,0.42438,0.42317,365715,328836,78838
Rite Aid Corp,0,5,4,,0.76853,Retail Store,19.86,0.59226,RAD,C,21,RAD   210716C00021000,44970,7/16/2021 12:00:00 AM,1091,7,1.28,1.45,0.4415,45.13453,5,3,1.00555,1.20314,506.6008,0.77742,-0.53216,3,18.58,42.4486,1.00581,0.06445,0.13025,-0.0574,-3.65571,0.8379,0.92045,0.41779,0.30876,0.40168,0.41034,0.12863,0.1426,0.45319,0.45198,364686,328846,78454
Rite Aid Corp,0,5,4,,0.76853,Retail Store,19.86,0.59226,RAD,C,21.5,RAD   210716C00021500,487555,7/16/2021 12:00:00 AM,2,0,1.13,1.38,0.34647,41.71011,5,3,0.94093,1.22302,533.3149,0.78544,-0.53328,3,18.73,47.1468,0.88083,0.0569,0.14789,-0.08258,-3.7235,0.84774,0.97095,0.43677,0.24714,0.36236,0.37924,0.12732,0.11742,0.48577,0.48456,365065,328775,81625
IMAX Corporation,0,5,3,,0.4684,Recreation,21.43,0.39538,IMAX,C,22,IMAX  210716C00022000,80922,7/16/2021 12:00:00 AM,477,62,0.6,0.7,0.38568,42.45785,5,3,0.36191,0.52838,718.154,1.99645,-0.83806,3,20.83,29.15789,0.42055,0.028,0.05617,-0.0266,-1.77879,0.37266,0.41821,0.27363,0.36331,0.3987,0.40953,0.05009,0.1734,0.16268,0.16146,340053,327192,122706
ChemoCentryx Inc,0,5,5,e,0.66237,Biotechnology,12.93,0.71232,CCXI,C,22.5,CCXI  210716C00022500,81319,7/16/2021 12:00:00 AM,473,24,1.4,1.65,0.17729,34.42053,5,3,0.90514,1.04858,755.3416,0.31111,-0.2716,3,11.53,170.016,1.77277,0.10828,0.95143,-0.74014,-6.90919,2.66712,2.86793,1.39996,0.06569,0.21421,0.23073,0.32143,0.1,1.08397,1.08275,361175,328727,83477
Intercept Pharmaceuticals Inc,0,5,5,,0.6427,Biotechnology,20.54,0.64854,ICPT,C,22.5,ICPT  210716C00022500,63228,7/16/2021 12:00:00 AM,688,18,0.9,1,0.53536,36.77124,5,3,0.32893,0.41569,842.2332,0.99433,-0.6044,3,19.64,66.61969,0.66904,0.04382,0.14562,-0.09542,-3.19504,0.75611,0.80547,0.56896,0.27294,0.32475,0.33483,0.10057,0.10458,0.42021,0.41899,332026,326947,125844
ChemoCentryx Inc,0,5,5,e,0.66237,Biotechnology,12.93,0.71232,CCXI,C,25,CCXI  210716C00025000,42672,7/16/2021 12:00:00 AM,1169,104,1.2,1.35,0.14095,29.75636,5,3,0.80779,0.8923,845.1012,0.32444,-0.27849,3,11.73,196.9163,1.49361,0.09281,1.13129,-0.93349,-6.5783,2.73663,2.86457,1.5138,0.04834,0.17908,0.19001,0.30822,0.1,0.92929,0.92807,356841,328605,88938
FibroGen Inc,0,4,5,e,0.58553,Biotechnology,27.57,0.59652,FGEN,C,30,FGEN  210716C00030000,13095,7/16/2021 12:00:00 AM,4227,51,2.75,3.3,0.53723,47.9726,5,3,1.69604,2.09864,383.3814,0.48387,-0.38734,1,24.82,45.78989,1.61765,0.09975,0.2087,-0.08814,-7.96664,1.28132,1.47266,0.47526,0.25163,0.40196,0.41449,0.20667,0.11186,0.89291,0.8917,372753,329125,19370
FibroGen Inc,0,4,5,e,0.58553,Biotechnology,27.57,0.59652,FGEN,C,32.5,FGEN  210716C00032500,125897,7/16/2021 12:00:00 AM,221,53,2.3,2.5,0.49058,40.02703,5,3,1.0776,1.18509,567.3536,0.51803,-0.40026,2,25.27,74.1066,1.32885,0.08342,0.28611,-0.17882,-7.97215,1.3863,1.45802,0.66726,0.17486,0.32632,0.33434,0.19304,0.1,0.83545,0.83424,358183,328628,32209
Ebix Inc,0.00851,4,3,ev,0.58454,E-Commerce,33.82,0.47415,EBIX,C,35,EBIX  210716C00035000,41072,7/16/2021 12:00:00 AM,1228,62,1.7,1.8,0.69252,45.27223,5,3,0.88876,0.97538,532.4514,1.09556,-0.64981,2,32.10029,33.39104,0.78124,0.05085,0.09025,-0.03489,-4.5296,0.62229,0.65083,0.32947,0.34811,0.41812,0.42166,0.09128,0.16511,0.30565,0.30444,350529,328310,39391
PetMed Express Inc,0.03683,4,3,,0.52994,Internet,34.3,0.37248,PETS,C,35,PETS  210716C00035000,17861,7/16/2021 12:00:00 AM,3134,266,1.6,1.75,0.59614,47.09209,5,3,1.11877,1.28393,452.4887,1.22437,-0.69183,2,32.61347,24.98723,0.7512,0.04917,0.07286,-0.02041,-4.08036,0.54035,0.58247,0.25503,0.37361,0.43954,0.44389,0.08167,0.17959,0.26095,0.25974,360800,328688,30916
Tootsie Roll Industries,0.01103,4,3,,0.25457,Food Processing,33.26,0.22212,TR,C,35,TR    210716C00035000,37966,7/16/2021 12:00:00 AM,1355,99,0.9,1,0.16285,36.34334,5,3,1.25258,1.4041,486.9734,1.80906,-0.7961,2,32.33487,23.79816,0.41709,0.02782,0.08234,-0.05232,-3.12533,0.45475,0.48534,0.20188,0.16941,0.33556,0.34537,0.05528,0.14768,0.18444,0.18322,363702,328844,27348
3D Systems Corporation,0,5,3,,0.71931,Electronics,36.96,0.90989,DDD,C,39,DDD   210716C00039000,316274,7/16/2021 12:00:00 AM,20,182,3,3.3,2.02654,47.60775,5,3,0.34502,0.45062,759.2926,0.64172,-0.47107,3,33.96,71.49796,1.28975,0.08117,0.14841,-0.05519,-8.00574,0.99117,1.06899,0.73692,0.3927,0.41979,0.42555,0.15583,0.14481,0.56175,0.56054,334690,327069,124258
National Beverage Corporation,0,3,3,,0.45845,Beverage,46.53,0.42365,FIZZ,C,47.5,FIZZ  210716C00047500,188328,7/16/2021 12:00:00 AM,94,5,2.75,2.95,1.01447,49.08809,5,3,1.23847,1.38032,428.4247,0.97721,-0.61589,1,43.78,27.38306,0.91709,0.0591,0.08497,-0.02085,-6.61229,0.65014,0.69134,0.29044,0.39917,0.45457,0.45726,0.10233,0.17915,0.33111,0.32989,356464,328508,6337
National Beverage Corporation,0,3,3,,0.45845,Beverage,46.53,0.42365,FIZZ,C,49.5,FIZZ  210716C00049500,73133,7/16/2021 12:00:00 AM,553,12,2.15,2.35,0.59183,40.59866,5,3,1.06105,1.18912,515.5485,1.05427,-0.62946,1,44.38,36.37672,0.7073,0.04621,0.11537,-0.06383,-6.71823,0.68157,0.72392,0.33069,0.24167,0.3669,0.37441,0.09485,0.13617,0.34054,0.33933,348920,328102,8237
National Beverage Corporation,0,3,3,,0.45845,Beverage,46.53,0.42365,FIZZ,C,50,FIZZ  210716C00050000,65741,7/16/2021 12:00:00 AM,650,146,2,2.2,0.54412,38.56703,5,3,0.97429,1.09824,551.1802,1.08253,-0.63543,1,44.53,39.41949,0.65574,0.04298,0.12284,-0.07458,-6.64877,0.68409,0.72704,0.3465,0.21776,0.34643,0.35508,0.09238,0.12542,0.34391,0.3427,344190,327810,9433
AMC Networks Inc,0,3,4,,0.44293,Entertainment,63.02,0.39302,AMCX,C,65,AMCX  210716C00065000,74499,7/16/2021 12:00:00 AM,538,17,2.95,3.3,1.04575,45.5922,5,3,1.07803,1.27184,468.8093,1.16338,-0.67156,1,60.07,27.80138,0.717,0.04681,0.08207,-0.03142,-7.97338,0.57339,0.62687,0.27593,0.34032,0.4215,0.42812,0.08596,0.16858,0.27889,0.27767,352462,328145,8035
Regency Centers Corporation,0.03629,5,3,,0.35241,R.E.I.T.,64.66,0.24189,REG,C,65,REG   210716C00065000,132020,7/16/2021 12:00:00 AM,202,10,1.25,1.5,0.90767,46.96513,5,3,0.31238,0.53983,673.8452,3.48202,-0.96417,3,63.24928,16.07546,0.3241,0.02182,0.02756,-0.00526,-3.28282,0.21481,0.25204,0.16368,0.43953,0.45385,0.46064,0.02872,0.19474,0.10048,0.09927,340787,326786,127502
Intellia Therapeutics Inc,0,3,3,e,0.75557,Biotechnology,79,0.75724,NTLA,C,85,NTLA  210716C00085000,92030,7/16/2021 12:00:00 AM,387,63,8.8,9.6,3.84934,49.48313,5,3,0.81382,0.94384,584.7427,0.46944,-0.37734,1,70.2,69.76847,1.8302,0.11139,0.21083,-0.07595,-23.2581,1.35273,1.4497,0.74579,0.35612,0.41943,0.42475,0.21302,0.12405,0.89917,0.89796,334208,326799,12917
Cassava Sciences Inc,0,3,3,e,1.04634,Drug,77.62,0.93065,SAVA,C,85,SAVA  210716C00085000,74798,7/16/2021 12:00:00 AM,535,593,9,9.5,3.45913,48.61219,5,3,0.91328,0.9943,574.3113,0.44918,-0.36407,1,68.62,72.57957,1.91489,0.11595,0.23871,-0.09508,-24.27605,1.45924,1.52103,0.76269,0.32673,0.40724,0.41094,0.22263,0.10492,1.10632,1.10511,337859,327499,10493
Cassava Sciences Inc,0,3,3,e,1.04634,Drug,77.62,0.93065,SAVA,C,90,SAVA  210716C00090000,17125,7/16/2021 12:00:00 AM,3269,856,7.9,8.1,2.6017,43.34951,5,3,0.85393,0.88456,634.8677,0.46717,-0.37221,1,69.72,85.69541,1.65433,0.10178,0.29088,-0.15949,-24.5283,1.5144,1.53942,0.81686,0.24618,0.35557,0.35782,0.21405,0.1,1.01899,1.01778,329362,327140,11860
Paychex  Inc,0.02543,5,3,,0.26949,IT Service,103.87,0.20282,PAYX,C,105,PAYX  210716C00105000,37343,7/16/2021 12:00:00 AM,1382,136,1.45,1.7,0.9948,42.15469,5,3,0.3119,0.48151,758.4993,4.9043,-0.98823,3,102.2391,14.89195,0.23213,0.0157,0.02693,-0.01088,-4.33412,0.18238,0.20596,0.13902,0.37754,0.40602,0.41662,0.02039,0.18912,0.07503,0.07381,337012,326782,127554
FactSet Research Systems Inc,0.01005,5,3,,0.27572,Information Services,331.38,0.23696,FDS,C,340,FDS   210716C00340000,248739,7/16/2021 12:00:00 AM,44,1,4.8,5.6,2.71661,36.2993,5,3,0.38744,0.53081,801.1624,4.06944,-0.96492,3,326.3519,20.27452,0.22464,0.01517,0.04178,-0.02601,-16.87735,0.23846,0.2631,0.17187,0.28799,0.34344,0.35743,0.02457,0.17399,0.08446,0.08325,340207,327353,120366
Invesco Mortgage Capital Inc,0.08824,3,4,,0.56592,R.E.I.T.,3.99,0.36477,IVR,C,4.5,IVR   210723C00004500,28790,7/23/2021 12:00:00 AM,1893,285,0.23,0.25,0.01913,37.19347,5,3,1.71981,1.85637,376.2343,0.727,-0.50167,1,3.72913,38.46435,0.78596,0.06538,0.20454,-0.12782,-0.64971,0.89947,0.94463,0.33071,0.09826,0.31744,0.32557,0.13755,0.1,0.57799,0.57644,367330,329012,3453
Express Inc,0,3,3,e,0.89795,Retail (SoftLines),5.42,0.7885,EXPR,C,6,EXPR  210723C00006000,120894,7/23/2021 12:00:00 AM,238,56,0.5,0.6,0.16851,45.84098,5,3,0.93696,1.2085,482.3909,0.50335,-0.39719,1,4.92,58.02237,1.15917,0.09225,0.21951,-0.10701,-1.20241,1.12057,1.27766,0.57852,0.27946,0.38143,0.39565,0.19867,0.1,0.92406,0.92251,349820,327641,10067
3D Systems Corporation,0,5,3,,0.71931,Electronics,36.96,0.89824,DDD,C,39,DDD   210723C00039000,682876,7/23/2021 12:00:00 AM,0,1,3.4,3.7,2.33685,48.89029,5,3,0.33852,0.4337,677.9629,0.57603,-0.43781,3,33.56,68.35451,1.15558,0.09199,0.1621,-0.05519,-6.8966,0.96668,1.03542,0.7222,0.40362,0.42768,0.43243,0.1736,0.14481,0.63683,0.63528,333439,327023,124916
International Business Machines Corp,0.04444,4,3,,0.26231,Computers/Peripherals,146.35,0.23133,IBM,C,147,IBM   210723C00147000,135659,7/23/2021 12:00:00 AM,192,508,3.85,4.05,2.24211,47.9528,5,3,0.59774,0.67173,513.1215,2.61664,-0.91784,2,141.9298,15.112,0.35261,0.0302,0.03548,-0.00444,-7.23409,0.25051,0.26211,0.15679,0.44198,0.46361,0.46521,0.03822,0.19556,0.13607,0.13452,332523,327092,55591
International Business Machines Corp,0.04444,4,3,,0.26231,Computers/Peripherals,146.35,0.23133,IBM,C,148,IBM   210723C00148000,197342,7/23/2021 12:00:00 AM,83,19,3.4,3.65,1.8751,44.41929,5,3,0.56836,0.6605,549.7603,2.80997,-0.92425,2,142.3798,16.36543,0.31573,0.02713,0.03922,-0.01127,-7.16273,0.24937,0.26402,0.159,0.3867,0.42717,0.43117,0.03559,0.18873,0.12465,0.1231,331590,326846,57764
Invesco Mortgage Capital Inc,0.08824,3,4,,0.56592,R.E.I.T.,3.99,0.37996,IVR,C,4.5,IVR   210730C00004500,41466,7/30/2021 12:00:00 AM,1213,90,0.26,0.28,0.02644,38.70181,5,3,1.66239,1.78471,346.8442,0.6605,-0.47249,1,3.69238,37.53039,0.74061,0.07459,0.21586,-0.12782,-0.58253,0.88024,0.92068,0.33062,0.11845,0.32843,0.33552,0.1514,0.1,0.65352,0.65163,366166,328978,3726
Express Inc,0,3,3,e,0.89795,Retail (SoftLines),5.42,0.79555,EXPR,C,6,EXPR  210730C00006000,278281,7/30/2021 12:00:00 AM,31,50,0.6,0.75,0.20136,48.58782,5,3,1.01094,1.38031,413.9099,0.42472,-0.35267,1,4.82,54.74731,1.16502,0.1107,0.24481,-0.10701,-1.15284,1.15635,1.36875,0.57503,0.29778,0.39591,0.41177,0.23545,0.1,1.1089,1.10701,356463,327946,8921
International Business Machines Corp,0.04444,4,3,,0.26231,Computers/Peripherals,146.35,0.2337,IBM,C,147,IBM   210730C00147000,288384,7/30/2021 12:00:00 AM,28,2,4.15,4.65,2.51572,48.23231,5,3,0.54528,0.71148,466.4263,2.29269,-0.88829,2,141.5051,15.18136,0.31757,0.03311,0.0385,-0.00444,-6.62265,0.24471,0.27103,0.15836,0.44401,0.4637,0.46722,0.04362,0.19556,0.14689,0.145,335498,326616,59452
MicroStrategy Inc,0,3,3,ev,0.50967,Computer Software/Svcs,553.1,0.62035,MSTR,C,585,MSTR  210730C00585000,563945,7/30/2021 12:00:00 AM,0,3,50.4,60.4,19.88031,49.15533,5,3,0.96252,1.27344,403.4713,0.55113,-0.42615,1,502.7,41.98263,0.93832,0.09112,0.16372,-0.05767,-88.35646,0.87505,1.01368,0.44588,0.35504,0.42488,0.43506,0.18145,0.14233,0.64214,0.64024,352529,327755,9637
MicroStrategy Inc,0,3,3,ev,0.50967,Computer Software/Svcs,553.1,0.62035,MSTR,C,590,MSTR  210730C00590000,439408,7/30/2021 12:00:00 AM,4,8,48.6,58.6,18.91924,48.06074,5,3,0.92327,1.22821,416.2795,0.55838,-0.4295,1,504.5,43.77325,0.90158,0.08787,0.16947,-0.06671,-88.2804,0.87528,1.01406,0.4551,0.33672,0.41328,0.42499,0.17909,0.13329,0.66114,0.65925,350649,327559,10322
Catabasis Pharmaceuticals Inc,0,4,4,^,0.80085,Biotechnology,1.94,0.84841,CATB,C,2.5,CATB  210820C00002500,453012,8/20/2021 12:00:00 AM,3,30,0.3,0.35,0.10505,47.39843,5,3,0.76021,0.94607,449.2897,0.29939,-0.26512,2,1.64,83.73099,1.1128,0.15464,0.52439,-0.28866,-0.41853,1.51302,1.67278,0.85957,0.23597,0.34139,0.35583,0.33401,0.1,1.5493,1.54639,349234,327944,45832
Corbus Pharmaceuticals Holdings Inc,0,5,4,e,0.78302,Cannabis,1.93,0.89315,CRBP,C,2.5,CRBP  210820C00002500,170845,8/20/2021 12:00:00 AM,117,73,0.21,0.22,0.11738,40.09833,5,3,0.34812,0.38419,609.4415,0.39337,-0.32537,3,1.72,101.5844,0.74273,0.10881,0.45349,-0.29534,-0.31809,1.23455,1.26759,0.91576,0.24537,0.30462,0.3093,0.25421,0.1,1.09099,1.08808,329330,327095,123981
Genius Brands International Inc,0,5,4,,1.00231,Entertainment,1.87,0.87429,GNUS,C,2.5,GNUS  210820C00002500,90627,8/20/2021 12:00:00 AM,398,74,0.18,0.19,0.09468,37.12775,5,3,0.35177,0.39071,621.5897,0.41292,-0.33678,3,1.69,104.2573,0.64793,0.09626,0.47929,-0.3369,-0.29571,1.21044,1.24531,0.89545,0.21426,0.27904,0.28457,0.24218,0.1,0.96548,0.96257,329904,327128,123622
Infinity Pharmaceuticals Inc,0,4,4,e,0.8638,Drug,3.26,0.8251,INFI,C,4,INFI  210820C00004000,25746,8/20/2021 12:00:00 AM,2151,94,0.4,0.45,0.18169,44.60487,5,3,0.55432,0.67628,495.8761,0.37008,-0.31262,2,2.86,80.47168,0.85082,0.1227,0.3986,-0.22699,-0.55669,1.21929,1.31496,0.78445,0.26303,0.34167,0.35262,0.27021,0.1,1.2299,1.22699,332870,326694,58757
Western Asset Mortgage Capital Corporation,0.06366,4,5,,0.54535,R.E.I.T.,3.64,0.2987,WMC,C,4,WMC   210820C00004000,216002,8/20/2021 12:00:00 AM,65,0,0.2,0.25,0.02388,39.4443,5,3,1.5873,1.97805,266.4176,0.74784,-0.51503,1,3.40191,25.55002,0.41734,0.06541,0.17326,-0.0989,-0.30591,0.58949,0.67852,0.22784,0.13507,0.33498,0.35559,0.13372,0.1011,0.54639,0.54348,371697,329078,20919
Senseonics Holdings Inc,0,4,4,e,0.82329,Medical Supplies  (Noninvasive),3.47,0.8888,SENS,C,4.5,SENS  210820C00004500,151141,8/20/2021 12:00:00 AM,153,130,0.45,0.5,0.18485,43.58091,5,3,0.58441,0.68888,508.3564,0.34215,-0.29328,2,3.02,90.27368,0.90646,0.12968,0.49007,-0.29683,-0.65786,1.36898,1.45924,0.86403,0.23158,0.32166,0.332,0.29227,0.1,1.29974,1.29683,333836,326992,56541
Davids Tea Inc,0,4,4,^,0.81571,Beverage,4.49,0.76094,DTEA,C,5,DTEA  210820C00005000,46150,8/20/2021 12:00:00 AM,1057,13,0.55,0.65,0.26769,49.28412,5,3,0.63416,0.8556,423.3401,0.40008,-0.33511,2,3.94,58.40685,0.8492,0.12249,0.26904,-0.11359,-0.66444,1.01627,1.15398,0.62189,0.33902,0.39973,0.41148,0.24995,0.1,1.22785,1.22494,344570,327332,53206
ENGlobal Corp,0,4,3,e^,0.87352,Engineering and Construction,3.33,0.90612,ENG,C,5,ENG   210820C00005000,72499,8/20/2021 12:00:00 AM,561,1042,0.55,0.6,0.16034,44.46038,5,3,0.75088,0.83954,503.4418,0.27149,-0.24259,2,2.78,108.7815,1.20354,0.16517,0.79856,-0.5015,-0.84841,1.85184,1.94561,1.05766,0.17333,0.29546,0.30447,0.36834,0.1,1.65456,1.65165,343708,327913,46320
LiveXLive Media Inc,0,3,3,^,0.87624,Entertainment Tech,4.38,0.70421,LIVX,C,5,LIVX  210820C00005000,161190,8/20/2021 12:00:00 AM,133,80,0.6,0.7,0.20193,49.59972,5,3,0.98955,1.23176,359.7949,0.35891,-0.30755,1,3.78,54.4183,0.96561,0.13699,0.32275,-0.14155,-0.73388,1.16001,1.30123,0.58305,0.29194,0.39154,0.40306,0.27862,0.1,1.37277,1.36986,350816,327870,9220
AG Mortgage Investment Trust Inc,0.05106,3,4,,0.64954,R.E.I.T.,4.46,0.51338,MITT,C,5,MITT  210820C00005000,11092,8/20/2021 12:00:00 AM,4954,82,0.3,0.35,0.09622,40.2276,5,3,0.80891,0.99357,395.3868,0.63248,-0.46117,1,4.12257,43.21876,0.48976,0.07566,0.21032,-0.12108,-0.43986,0.70629,0.77839,0.39045,0.22465,0.33788,0.35215,0.15811,0.1,0.67556,0.67265,337814,326751,13032
Medicinova Inc,0,3,4,e,0.69032,Biotechnology,3.94,0.83638,MNOV,C,5,MNOV  210820C00005000,222374,8/20/2021 12:00:00 AM,60,196,0.65,0.75,0.19679,48.91367,5,3,0.92758,1.12313,408.4213,0.29056,-0.25876,1,3.29,75.96537,1.20187,0.16497,0.51976,-0.26904,-0.86933,1.54781,1.70483,0.80298,0.23487,0.35382,0.36675,0.34416,0.1,1.65266,1.64975,345563,327576,10253
Spectrum Pharmaceuticals Inc,0,4,4,e,0.69347,Biotechnology,3.92,0.66746,SPPI,C,5,SPPI  210820C00005000,14364,8/20/2021 12:00:00 AM,3883,782,0.45,0.5,0.11238,42.01681,5,3,0.92255,1.04695,414.6436,0.37636,-0.31576,2,3.47,69.4746,0.7889,0.1148,0.44092,-0.27551,-0.67058,1.24393,1.32442,0.64702,0.17969,0.31678,0.32716,0.2657,0.1,1.15087,1.14796,353432,328394,37960
Clearside Biomedical Inc,0,5,4,e,0.8896,Drug,4.5,0.90595,CLSD,C,7.5,CLSD  210820C00007500,174638,8/20/2021 12:00:00 AM,112,15,0.4,0.45,0.19029,31.27599,5,3,0.31219,0.379,709.5408,0.35965,-0.30207,3,4.1,147.3812,0.5935,0.08889,0.82927,-0.66667,-0.84382,1.51958,1.59695,1.15805,0.13968,0.20486,0.21638,0.27805,0.1,0.8918,0.88889,328904,326785,127520
Yiren Digital Ltd,0,3,4,^,0.72331,Internet,5.96,0.69027,YRD,C,7.5,YRD   210820C00007500,48939,8/20/2021 12:00:00 AM,987,47,0.8,0.95,0.25702,45.74416,5,3,0.81505,1.02692,425.0637,0.33271,-0.28887,1,5.16,74.20592,0.94315,0.13423,0.45349,-0.25839,-1.14225,1.34052,1.497,0.73856,0.22428,0.33815,0.35425,0.30056,0.1,1.34519,1.34228,339966,326812,12880
Geo Group Inc New,0,5,5,,0.46562,R.E.I.T.,7.42,0.5108,GEO,C,8,GEO   210820C00008000,101818,8/20/2021 12:00:00 AM,325,182,0.7,0.8,0.24078,47.76659,5,3,1.04462,1.2667,327.7333,0.52973,-0.412,3,6.72,36.35542,0.63368,0.09434,0.19048,-0.07817,-0.8226,0.76847,0.85194,0.37585,0.31746,0.40818,0.41704,0.18877,0.12183,0.77725,0.77434,365867,328879,76592
DouYu International Holdings Ltd,0,5,5,,0.62606,Entertainment Tech,7.82,0.63634,DOYU,C,10,DOYU  210820C00010000,18309,8/20/2021 12:00:00 AM,3062,68,0.45,0.5,0.22949,31.19338,5,3,0.32533,0.39329,625.6584,0.59379,-0.4351,3,7.37,83.68159,0.37144,0.05754,0.35685,-0.27877,-0.8439,0.8704,0.91503,0.65674,0.18073,0.24555,0.25624,0.16841,0.1,0.57836,0.57545,330129,326909,126198
Inovio Pharmaceuticals Inc New,0,5,5,e,0.90639,Biotechnology,8.71,0.8381,INO,C,10,INO   210820C00010000,14719,8/20/2021 12:00:00 AM,3786,28,0.9,1.05,0.53275,45.15084,5,3,0.38655,0.54109,517.3828,0.44384,-0.36062,3,7.81,70.55227,0.70102,0.10333,0.28041,-0.14811,-1.19922,0.9631,1.07044,0.6946,0.31558,0.36458,0.3777,0.22531,0.1,1.0362,1.0333,340866,327351,120425
Eastman Kodak Company,0,3,3,e,0.81959,Diversified Co.,8.9,0.69764,KODK,C,10,KODK  210820C00010000,155340,8/20/2021 12:00:00 AM,144,104,0.96,1.09,0.34842,46.72647,5,3,0.87288,1.05247,378.0432,0.44654,-0.3625,1,7.94,49.78707,0.73552,0.10787,0.25945,-0.1236,-1.19941,0.94517,1.0358,0.50466,0.28934,0.38342,0.39336,0.22395,0.1,1.08156,1.07865,341579,327262,11410
OraSure Technologies Inc,0,4,5,e,0.58479,Medical Supplies  (Noninvasive),9.13,0.5569,OSUR,C,10,OSUR  210820C00010000,121649,8/20/2021 12:00:00 AM,236,29,0.75,0.85,0.29571,44.81602,5,3,0.78685,0.95431,385.108,0.58182,-0.43823,2,8.38,41.66799,0.54445,0.08215,0.19332,-0.09529,-0.94664,0.72857,0.79685,0.40774,0.29702,0.38274,0.39253,0.17187,0.10471,0.78743,0.78452,349612,328032,44439
Provention Bio Inc,0,5,5,e,0.87462,Biotechnology,8.37,0.84861,PRVB,C,12.5,PRVB  210820C00012500,253671,8/20/2021 12:00:00 AM,41,22,0.85,1.05,0.31005,36.58743,5,3,0.49873,0.6626,569.9883,0.34619,-0.29723,3,7.52,112.3518,0.68761,0.10155,0.66223,-0.49343,-1.61905,1.43391,1.59069,0.95675,0.15234,0.24671,0.26849,0.28886,0.1,1.01844,1.01553,347622,327904,110648
Clean Energy Fuels Corp,0,4,3,^,0.71864,Oil & Gas Distro,11.24,0.72058,CLNE,C,13,CLNE  210820C00013000,49742,8/20/2021 12:00:00 AM,963,174,1.5,1.6,0.53985,47.9001,5,3,0.87616,0.96481,398.7159,0.37599,-0.31692,2,9.74,59.95927,0.93686,0.13345,0.3347,-0.15658,-1.8243,1.16596,1.22105,0.62146,0.28577,0.38149,0.38669,0.26596,0.1,1.33743,1.33452,350096,328284,39955
Clean Energy Fuels Corp,0,4,3,^,0.71864,Oil & Gas Distro,11.24,0.72058,CLNE,C,14,CLNE  210820C00014000,121459,8/20/2021 12:00:00 AM,236,104,1.25,1.4,0.44075,42.39674,5,3,0.69995,0.82148,459.8262,0.39181,-0.32599,2,9.99,73.80151,0.76118,0.11121,0.4014,-0.24555,-1.82861,1.17611,1.26019,0.69185,0.21993,0.32478,0.33576,0.25522,0.1,1.11501,1.1121,342714,327702,49158
Service Properties Trust,0.00287,5,5,,0.5537,R.E.I.T.,13.49,0.33406,SVC,C,15,SVC   210820C00015000,395829,8/20/2021 12:00:00 AM,8,5,0.5,0.6,0.12153,33.90379,5,3,0.84683,1.04315,396.0486,1.05623,-0.62148,3,12.98364,31.20598,0.23702,0.03754,0.15521,-0.11193,-0.84674,0.47085,0.5209,0.25495,0.15796,0.29356,0.31177,0.09468,0.1,0.37355,0.37064,361047,328658,86681
Macerich Co,0.03654,5,5,,0.54837,R.E.I.T.,17.7,0.4641,MAC,C,19,MAC   210820C00019000,184512,8/20/2021 12:00:00 AM,100,0,1,1.15,0.45544,41.73166,5,3,0.60687,0.76812,422.8719,0.81932,-0.54592,3,16.59368,36.09616,0.40081,0.0625,0.14373,-0.07345,-1.34814,0.53753,0.59147,0.33452,0.29274,0.36715,0.37887,0.12205,0.12655,0.44934,0.44643,352322,328228,102300
ChemoCentryx Inc,0,5,5,e,0.66237,Biotechnology,12.93,0.70582,CCXI,C,20,CCXI  210820C00020000,41942,8/20/2021 12:00:00 AM,1196,184,2.3,2.6,0.58919,45.85321,5,3,0.83398,0.96752,483.2433,0.25331,-0.22978,3,10.63,108.3277,1.31624,0.17788,0.88147,-0.54679,-3.57636,1.98132,2.12559,1.08034,0.16129,0.29482,0.30757,0.39477,0.1,1.78172,1.77881,359079,328641,87364
IMAX Corporation,0,5,3,,0.4684,Recreation,21.43,0.41575,IMAX,C,22,IMAX  210820C00022000,797696,8/20/2021 12:00:00 AM,0,0,1.3,1.45,0.75969,48.75239,5,3,0.553,0.7061,396.1032,0.91771,-0.59344,3,20.13,26.86609,0.39286,0.06066,0.0929,-0.0266,-1.37586,0.43964,0.48298,0.28309,0.41943,0.44791,0.45256,0.10897,0.1734,0.35275,0.34984,349701,328080,106267
Tenaris,0.0122,5,3,,0.40026,Metal Fabricating,22.13,0.37973,TS,C,22.5,TS    210820C00022500,325413,8/20/2021 12:00:00 AM,18,0,1.15,1.3,0.76318,49.14667,5,3,0.42119,0.58405,419.9792,1.10166,-0.65878,3,20.93562,24.26363,0.34565,0.05397,0.07446,-0.01672,-1.20126,0.36617,0.40813,0.25765,0.44035,0.45795,0.46226,0.09077,0.18328,0.28644,0.28353,343415,327548,117286
IMAX Corporation,0,5,3,,0.4684,Recreation,21.43,0.41575,IMAX,C,23,IMAX  210820C00023000,442045,8/20/2021 12:00:00 AM,4,0,0.95,1.05,0.49456,39.30549,5,3,0.46721,0.56604,473.8997,1.06178,-0.62983,3,20.48,34.00691,0.28219,0.04433,0.12305,-0.07326,-1.31355,0.44392,0.47382,0.30256,0.29025,0.35321,0.36208,0.09418,0.12674,0.35269,0.34978,342416,327778,113336
Wendys Company,0.01674,4,3,,0.38953,Restaurant,23.2,0.27967,WEN,C,24,WEN   210820C00024000,55694,8/20/2021 12:00:00 AM,824,115,0.95,1,0.40816,43.40774,5,3,0.77414,0.84372,370.9372,1.3476,-0.7173,2,22.18616,20.33234,0.27648,0.0437,0.0814,-0.03448,-1.12642,0.3442,0.3577,0.19401,0.33397,0.40447,0.40801,0.07421,0.16552,0.25031,0.2474,343961,327991,45097
Helmerich and Payne Inc,0.02874,5,3,,0.53422,Oilfield Svcs/Equip.,33.56,0.48668,HP,C,35,HP    210820C00035000,298667,8/20/2021 12:00:00 AM,24,212,2,2.15,1.20468,45.43812,5,3,0.44485,0.52782,454.7155,0.88335,-0.57541,3,31.40145,34.01529,0.41425,0.06432,0.11372,-0.04291,-2.3122,0.48641,0.51434,0.33665,0.37407,0.41206,0.41677,0.1132,0.15709,0.38227,0.37936,340021,327689,115229
Tootsie Roll Industries,0.01103,4,3,,0.25457,Food Processing,33.26,0.22501,TR,C,35,TR    210820C00035000,227436,8/20/2021 12:00:00 AM,57,5,1.55,1.85,0.3371,42.66121,5,3,1.40891,1.73625,267.9469,1.03861,-0.62825,2,31.64969,18.43442,0.30839,0.04842,0.10557,-0.05232,-2.02874,0.41821,0.47504,0.17361,0.2392,0.38428,0.39779,0.09628,0.14768,0.31846,0.31555,369167,328976,24061
PetMed Express Inc,0.03683,4,3,,0.52994,Internet,34.3,0.41947,PETS,C,40,PETS  210820C00040000,203674,8/20/2021 12:00:00 AM,77,88,1.5,1.55,0.43609,31.15586,5,3,0.65845,0.68575,486.1112,0.85513,-0.54764,2,32.59234,47.71409,0.31503,0.04979,0.22557,-0.16618,-2.60827,0.62069,0.63091,0.37426,0.1506,0.26651,0.26984,0.11694,0.1,0.44023,0.43732,333595,327471,51688
BCE Inc,0.05593,5,4,,0.19788,Telecommunications Utility,49.7,0.15432,BCE,C,50,BCE   210820C00050000,371870,8/20/2021 12:00:00 AM,10,3,0.85,1,0.57633,43.20183,5,3,0.33384,0.51439,466.4614,3.80139,-0.96833,3,48.39306,11.1093,0.16178,0.0263,0.03274,-0.00604,-1.09166,0.14088,0.15995,0.10562,0.38695,0.41473,0.42477,0.02631,0.19396,0.09108,0.08817,339200,326984,125371
National Beverage Corporation,0,3,3,,0.45845,Beverage,46.53,0.42556,FIZZ,C,50,FIZZ  210820C00050000,331352,8/20/2021 12:00:00 AM,17,10,2.95,3.3,1.11736,43.33125,5,3,0.82262,0.97397,371.5572,0.76399,-0.52407,1,43.58,32.69367,0.41179,0.0634,0.14732,-0.07458,-3.73978,0.56782,0.61497,0.31154,0.2924,0.38217,0.39097,0.13089,0.12542,0.50839,0.50548,336452,326881,12683
Kellogg Company,0.03597,5,3,v,0.23399,Food Processing,64.01,0.21072,K,C,65,K     210820C00065000,136533,8/20/2021 12:00:00 AM,189,134,1.45,1.6,0.99396,42.54923,5,3,0.31317,0.41547,489.4984,2.72095,-0.91369,3,62.18152,15.47447,0.17697,0.02857,0.04492,-0.01547,-1.80608,0.191,0.20588,0.14545,0.37783,0.40634,0.41299,0.03675,0.18453,0.12567,0.12276,332010,326793,127420
Regency Centers Corporation,0.03629,5,3,,0.35241,R.E.I.T.,64.66,0.26941,REG,C,65,REG   210820C00065000,176737,8/20/2021 12:00:00 AM,109,2,2.2,2.7,1.64498,48.9541,5,3,0.29343,0.55776,430.0348,1.73735,-0.81282,3,62.07427,17.2157,0.25056,0.03999,0.04663,-0.00526,-2.40274,0.23556,0.2837,0.18212,0.45525,0.46537,0.47124,0.05756,0.19474,0.17762,0.17471,341884,326598,129423
CH Robinson Worldwide Inc,0.02156,5,3,,0.25182,Industrial Services,95.35,0.24821,CHRW,C,97.5,CHRW  210820C00097500,118827,8/20/2021 12:00:00 AM,246,163,2.85,3,1.72461,43.1559,5,3,0.43572,0.49317,452.9763,1.99414,-0.83893,3,92.16207,18.17748,0.20899,0.03343,0.0576,-0.02255,-3.38678,0.24792,0.25784,0.17268,0.37162,0.40977,0.41318,0.05015,0.17745,0.17135,0.16844,337780,327633,116022
Cassava Sciences Inc,0,3,3,e,1.04634,Drug,77.62,1.01204,SAVA,C,115,SAVA  210820C00115000,136581,8/20/2021 12:00:00 AM,189,43,15,16.8,3.94217,48.28981,5,3,0.8931,1.02867,461.255,0.24616,-0.22446,1,62.62,101.3644,1.4572,0.19325,0.83647,-0.48158,-21.80106,2.0039,2.14741,1.05853,0.18163,0.31552,0.32702,0.40625,0.1,1.9354,1.93249,340066,327388,10950
Cassava Sciences Inc,0,3,3,e,1.04634,Drug,77.62,1.01204,SAVA,C,120,SAVA  210820C00120000,148955,8/20/2021 12:00:00 AM,158,38,14.5,16.4,3.85398,46.92186,5,3,0.82924,0.96564,485.011,0.24617,-0.22443,1,63.12,109.4078,1.39747,0.18681,0.90114,-0.54599,-22.13255,2.03609,2.18792,1.11308,0.1688,0.30006,0.31283,0.40623,0.1,1.87098,1.86808,335801,326950,12509
Simon Property Group Inc,0.03978,5,4,,0.45469,R.E.I.T.,130.66,0.2845,SPG,C,135,SPG   210820C00135000,138694,8/20/2021 12:00:00 AM,183,83,3.7,4.1,2.23052,39.65526,5,3,0.37748,0.47761,489.0211,1.87374,-0.81346,3,126.1056,21.96325,0.21707,0.03486,0.06987,-0.03322,-5.00495,0.27073,0.29041,0.19654,0.32433,0.37041,0.37891,0.05337,0.16678,0.1727,0.16979,336742,327293,121262
MicroStrategy Inc,0,3,3,ev,0.50967,Computer Software/Svcs,553.1,0.59552,MSTR,C,600,MSTR  210820C00600000,444164,8/20/2021 12:00:00 AM,4,9,58.8,68.7,22.0151,48.91136,5,3,0.95827,1.21127,342.5957,0.46828,-0.37737,1,494.3,41.39504,0.72365,0.10631,0.21384,-0.08479,-68.98189,0.85682,0.96752,0.43754,0.3291,0.41063,0.42071,0.21355,0.11521,0.9257,0.92279,349943,327738,9690
Geron Corp,0,4,3,e,0.68187,Biotechnology,1.57,0.69811,GERN,C,2,GERN  210917C00002000,14001,9/17/2021 12:00:00 AM,3980,47,0.2,0.25,0.0853,44.97452,5,3,0.57212,0.80888,401.3196,0.33454,-0.29136,2,1.37,70.56406,0.60551,0.12739,0.45985,-0.27389,-0.20527,1.08868,1.25263,0.69249,0.24216,0.32821,0.34951,0.29892,0.1,1.27815,1.27389,341952,326875,57464
ENGlobal Corp,0,4,3,e^,0.87352,Engineering and Construction,3.33,0.90831,ENG,C,5,ENG   210917C00005000,7809,9/17/2021 12:00:00 AM,6599,1046,0.6,0.7,0.2056,47.03764,5,3,0.6739,0.83434,426.8991,0.2516,-0.22937,2,2.73,94.01702,0.91159,0.18018,0.8315,-0.5015,-0.62593,1.60458,1.75838,0.95859,0.19641,0.30486,0.32067,0.39746,0.1,1.80607,1.8018,343427,327560,50742
Sirius XM Holdings Inc,0.00915,3,4,,0.28523,Entertainment,6.37,0.24212,SIRI,C,7,SIRI  210917C00007000,2167,9/17/2021 12:00:00 AM,17195,417,0.25,0.3,0.06648,35.7186,5,3,0.85227,1.06035,317.9215,1.04342,-0.61964,1,6.10595,24.57692,0.17858,0.04145,0.146,-0.0989,-0.27748,0.38242,0.42538,0.20646,0.18142,0.31161,0.32937,0.09584,0.1011,0.39247,0.3882,342045,327130,11899
Geo Group Inc New,0,5,5,,0.46562,R.E.I.T.,7.42,0.50238,GEO,C,9,GEO   210917C00009000,20536,9/17/2021 12:00:00 AM,2725,32,0.7,0.8,0.22673,41.06724,5,3,0.75537,0.90319,358.5116,0.44938,-0.36163,3,6.72,52.10311,0.43205,0.09434,0.33929,-0.21294,-0.71422,0.83805,0.90862,0.47742,0.21032,0.3232,0.3361,0.22253,0.1,0.94766,0.9434,357203,328542,92285
Century Casinos Inc,0,3,3,ev,0.58352,Hotel/Gaming,13.83,0.48467,CNTY,C,15,CNTY  210917C00015000,123404,9/17/2021 12:00:00 AM,229,0,1.25,1.45,0.50729,46.9965,5,3,0.82408,1.04075,303.4861,0.54141,-0.41817,1,12.58,33.52668,0.41214,0.09038,0.19237,-0.0846,-1.03809,0.62305,0.69706,0.34157,0.3232,0.40071,0.41107,0.1847,0.1154,0.78748,0.78321,340843,326899,12637
Service Properties Trust,0.00287,5,5,,0.5537,R.E.I.T.,13.49,0.32965,SVC,C,15,SVC   210917C00015000,23815,9/17/2021 12:00:00 AM,2334,10,0.65,0.8,0.18084,37.48584,5,3,0.85388,1.10115,312.9971,0.8449,-0.55241,3,12.83067,28.00634,0.21284,0.04888,0.16892,-0.11193,-0.70364,0.44849,0.50831,0.24192,0.19404,0.32076,0.34062,0.11836,0.1,0.48611,0.48184,362490,328666,86291
Macerich Co,0.03654,5,5,,0.54837,R.E.I.T.,17.7,0.48155,MAC,C,19,MAC   210917C00019000,18927,9/17/2021 12:00:00 AM,2966,51,1.35,1.5,0.64909,44.9333,5,3,0.61763,0.74686,348.0024,0.63703,-0.46631,3,16.19407,34.73689,0.37901,0.08508,0.17089,-0.07345,-1.15109,0.55103,0.59505,0.34064,0.32603,0.39022,0.39816,0.15698,0.12655,0.60695,0.60268,351468,328257,101511
Macerich Co,0.03654,5,5,,0.54837,R.E.I.T.,17.7,0.48155,MAC,C,20,MAC   210917C00020000,11201,9/17/2021 12:00:00 AM,4908,16,1.05,1.2,0.48369,37.92531,5,3,0.4963,0.62011,404.491,0.69501,-0.48845,3,16.49407,42.43265,0.29811,0.06813,0.21001,-0.12994,-1.10761,0.55233,0.59803,0.36913,0.24225,0.32017,0.33305,0.14388,0.1,0.59749,0.59322,345403,327896,110867
Intercept Pharmaceuticals Inc,0,5,5,,0.6427,Biotechnology,20.54,0.657,ICPT,C,22.5,ICPT  210917C00022500,219040,9/17/2021 12:00:00 AM,63,0,2.45,2.9,1.41938,49.93503,5,3,0.48528,0.69566,376.1964,0.41765,-0.34653,3,18.09,49.29267,0.56174,0.11928,0.24378,-0.09542,-1.96989,0.78968,0.90153,0.53167,0.36965,0.41136,0.42221,0.23943,0.10458,1.14486,1.1406,349215,327850,111769
IMAX Corporation,0,5,3,,0.4684,Recreation,21.43,0.42644,IMAX,C,23,IMAX  210917C00023000,196854,9/17/2021 12:00:00 AM,84,0,1.2,1.35,0.70521,42.22841,5,3,0.40626,0.52657,397.4281,0.85728,-0.56144,3,20.23,32.36707,0.24603,0.056,0.13693,-0.07326,-1.07573,0.42545,0.46185,0.30254,0.32736,0.37524,0.38478,0.11665,0.12674,0.44609,0.44183,339941,327452,118653
Helmerich and Payne Inc,0.02874,5,3,,0.53422,Oilfield Svcs/Equip.,33.56,0.4847,HP,C,35,HP    210917C00035000,92099,9/17/2021 12:00:00 AM,387,0,2.45,2.6,1.54121,47.26355,5,3,0.42185,0.49106,383.0282,0.73006,-0.51268,3,30.87746,32.50812,0.35539,0.07993,0.13197,-0.04291,-1.87075,0.47329,0.49633,0.33287,0.3923,0.42378,0.42728,0.13698,0.15709,0.46899,0.46472,337642,327554,117224
Tootsie Roll Industries,0.01103,4,3,,0.25457,Food Processing,33.26,0.22566,TR,C,35,TR    210917C00035000,72402,9/17/2021 12:00:00 AM,562,64,1.9,2.25,0.46778,44.78383,5,3,1.39233,1.71827,220.7242,0.86151,-0.56678,2,31.27155,17.06589,0.26233,0.05978,0.11873,-0.05232,-1.62721,0.39928,0.45368,0.1669,0.27338,0.40056,0.41228,0.11607,0.14768,0.39108,0.38681,368920,328962,24395
PetMed Express Inc,0.03683,4,3,,0.52994,Internet,34.3,0.44299,PETS,C,40,PETS  210917C00040000,28648,9/17/2021 12:00:00 AM,1903,101,1.95,2.3,0.68791,35.58019,5,3,0.61077,0.76422,386.6809,0.66594,-0.47371,2,32.04543,43.71481,0.28685,0.06573,0.24536,-0.16618,-2.25307,0.59025,0.64648,0.36644,0.18941,0.29241,0.30895,0.15016,0.1,0.57278,0.56851,339187,327182,54643
BCE Inc,0.05593,5,4,,0.19788,Telecommunications Utility,49.7,0.15562,BCE,C,50,BCE   210917C00050000,109408,9/17/2021 12:00:00 AM,287,0,1,1.15,0.69847,43.03573,5,3,0.3025,0.45065,397.9633,3.09375,-0.9389,3,48.02982,11.24306,0.1411,0.03361,0.04018,-0.00604,-0.89629,0.13882,0.15461,0.10658,0.38548,0.41157,0.42047,0.03232,0.19396,0.108,0.10373,334694,326676,128506
AMC Networks Inc,0,3,4,,0.44293,Entertainment,63.02,0.38518,AMCX,C,67.5,AMCX  210917C00067500,351751,9/17/2021 12:00:00 AM,13,0,5.8,6.2,1.78759,47.71707,5,3,1.21689,1.33552,253.3508,0.56703,-0.43173,1,57.22,26.52487,0.42043,0.09203,0.17966,-0.07109,-4.48348,0.60734,0.63984,0.27396,0.31604,0.4145,0.41878,0.17636,0.12891,0.7182,0.71393,354910,328477,6527
AMC Networks Inc,0,3,4,,0.44293,Entertainment,63.02,0.38518,AMCX,C,70,AMCX  210917C00070000,162496,9/17/2021 12:00:00 AM,131,0,5,5.4,1.37145,43.10468,5,3,1.07396,1.18572,284.011,0.59785,-0.44475,1,58.02,30.99741,0.35744,0.07934,0.20648,-0.11076,-4.43572,0.61016,0.64304,0.2942,0.24271,0.3683,0.3748,0.16727,0.1,0.79767,0.7934,348753,328138,8071
MicroStrategy Inc,0,3,3,ev,0.50967,Computer Software/Svcs,553.1,0.57908,MSTR,C,610,MSTR  210917C00610000,487984,9/17/2021 12:00:00 AM,2,1,70.2,77.8,25.76649,49.90277,5,3,0.98235,1.14753,292.2476,0.4059,-0.33771,1,482.9,39.37735,0.60296,0.12692,0.2632,-0.10287,-54.93431,0.84141,0.91152,0.42445,0.32658,0.41034,0.41713,0.24637,0.1,1.27348,1.26921,346857,327845,9307
Athersys Inc,0,4,4,e^,0.72298,Biotechnology,1.44,0.7099,ATHX,C,2,ATHX  211015C00002000,25335,10/15/2021 12:00:00 AM,2186,47,0.2,0.25,0.06628,44.21573,5,3,0.68632,0.92294,344.8222,0.29868,-0.26583,2,1.24,68.15081,0.50751,0.13889,0.6129,-0.38889,-0.16644,1.11248,1.26858,0.65971,0.19265,0.30334,0.32582,0.33481,0.1,1.39451,1.38889,348120,327637,49975
Genius Brands International Inc,0,5,4,,1.00231,Entertainment,1.87,0.91908,GNUS,C,2.5,GNUS  211015C00002500,5738,10/15/2021 12:00:00 AM,8539,118,0.3,0.31,0.19202,45.98668,5,3,0.29267,0.31928,467.588,0.29979,-0.26307,3,1.57,89.74214,0.60125,0.16043,0.59236,-0.3369,-0.21402,1.15978,1.18366,0.8972,0.28674,0.33161,0.3348,0.33357,0.1,1.6099,1.60428,323429,326591,129500
Senseonics Holdings Inc,0,4,4,e,0.82329,Medical Supplies  (Noninvasive),3.47,0.89641,SENS,C,5,SENS  211015C00005000,15044,10/15/2021 12:00:00 AM,3701,826,0.65,0.75,0.27271,48.53759,5,3,0.57612,0.72294,388.4089,0.25134,-0.2289,2,2.82,83.24236,0.72527,0.18732,0.77305,-0.44092,-0.48911,1.37669,1.50494,0.87347,0.23257,0.32153,0.33581,0.39786,0.1,1.87882,1.8732,336358,326918,57172
Express Inc,0,3,3,e,0.89795,Retail (SoftLines),5.42,0.8424,EXPR,C,7,EXPR  211015C00007000,54724,10/15/2021 12:00:00 AM,845,45,0.95,1.1,0.33189,49.68922,5,3,0.80449,0.99287,317.3131,0.27622,-0.24808,1,4.47,60.89747,0.66873,0.17528,0.566,-0.29151,-0.66013,1.17947,1.3026,0.65363,0.24858,0.35336,0.36666,0.36203,0.1,1.75839,1.75277,337763,326696,13151
Provention Bio Inc,0,5,5,e,0.87462,Biotechnology,8.37,0.85892,PRVB,C,12.5,PRVB  211015C00012500,94851,10/15/2021 12:00:00 AM,367,0,1.2,1.45,0.6526,42.87071,5,3,0.34131,0.48939,456.3269,0.28547,-0.25496,3,7.17,96.47762,0.52662,0.14337,0.74338,-0.49343,-1.04147,1.22318,1.35822,0.91193,0.22088,0.28316,0.30277,0.3503,0.1,1.43932,1.43369,337531,327039,124658
Alector Inc,0,5,4,e,0.79338,Biotechnology,21.24,0.78621,ALEC,C,30,ALEC  211015C00030000,109734,10/15/2021 12:00:00 AM,285,0,3.2,3.9,1.61149,45.12795,5,3,0.4196,0.59623,417.1169,0.28412,-0.25459,3,18.04,84.97241,0.55815,0.15066,0.66297,-0.41243,-2.6062,1.1871,1.3348,0.83622,0.23559,0.30587,0.32584,0.35196,0.1,1.51222,1.50659,344084,327535,117423
National Beverage Corporation,0,3,3,,0.45845,Beverage,46.53,0.42621,FIZZ,C,50,FIZZ  211015C00050000,207440,10/15/2021 12:00:00 AM,73,2,4.6,5.1,1.88626,48.59602,5,3,0.88013,1.03973,257.4105,0.52158,-0.40742,1,41.93,28.48637,0.3452,0.09886,0.19246,-0.07458,-2.73003,0.56263,0.61039,0.29925,0.34716,0.41721,0.42361,0.19172,0.12542,0.79384,0.78821,340778,327309,11244
Simon Property Group Inc,0.03978,5,4,,0.45469,R.E.I.T.,130.66,0.29323,SPG,C,135,SPG   211015C00135000,42992,10/15/2021 12:00:00 AM,1157,18,5.5,6.25,3.68921,43.06345,5,3,0.32003,0.45074,352.1251,1.21297,-0.6813,3,123.5081,21.16774,0.17805,0.05474,0.09126,-0.03322,-3.71041,0.26501,0.29125,0.20076,0.3629,0.39524,0.40449,0.08244,0.16678,0.25801,0.25239,334705,326866,126713
MicroStrategy Inc,0,3,3,ev,0.50967,Computer Software/Svcs,553.1,0.57025,MSTR,C,630,MSTR  211015C00630000,371698,10/15/2021 12:00:00 AM,10,1,76,85.9,27.43118,49.61361,5,3,0.93009,1.11564,268.7029,0.36516,-0.31088,1,477.1,40.05345,0.50123,0.13741,0.32048,-0.13903,-47.49412,0.82851,0.90816,0.42926,0.30338,0.39486,0.40389,0.27385,0.1,1.3797,1.37407,345142,327594,10199
Regulus Therapeutics Inc,0,4,4,,0.95691,Biotechnology,0.98,0.91749,RGLS,C,2.5,RGLS  211119C00002500,21502,11/19/2021 12:00:00 AM,2599,239,0.2,0.25,0.05286,44.55592,5,3,0.59728,0.77389,407.8932,0.19815,-0.18914,2,0.78,116.7868,0.6198,0.20408,2.20513,-1.55102,-0.15918,1.81683,2.01771,1.13745,0.10203,0.21327,0.237,0.50467,0.1,2.04814,2.04082,339789,327089,55629
Inovio Pharmaceuticals Inc New,0,5,5,e,0.90639,Biotechnology,8.71,0.84755,INO,C,11,INO   211119C00011000,18767,11/19/2021 12:00:00 AM,2992,0,1.52,1.69,0.86866,49.84971,5,3,0.41753,0.52518,353.2213,0.28561,-0.25427,3,7.19,65.62258,0.51101,0.17451,0.5299,-0.26292,-0.78267,1.00163,1.07769,0.7066,0.30942,0.36281,0.37214,0.35013,0.1,1.75244,1.74512,339863,327525,117601
Inovio Pharmaceuticals Inc New,0,5,5,e,0.90639,Biotechnology,8.71,0.84755,INO,C,12,INO   211119C00012000,36833,11/19/2021 12:00:00 AM,1408,6,1.39,1.45,0.74067,45.26935,5,3,0.40517,0.44156,382.0166,0.29493,-0.25942,3,7.32,75.43201,0.45901,0.15959,0.63934,-0.37773,-0.79069,1.0458,1.07288,0.74425,0.25653,0.32079,0.32501,0.33906,0.1,1.60319,1.59587,334013,327447,118754
Wendys Company,0.01674,4,3,,0.38953,Restaurant,23.2,0.28313,WEN,C,24,WEN   211119C00024000,95230,11/19/2021 12:00:00 AM,365,11,1.65,2,0.80982,49.01635,5,3,0.74161,1.04821,220.1837,0.72015,-0.5112,2,21.38933,18.23326,0.20182,0.07805,0.12061,-0.03448,-0.76705,0.33634,0.39555,0.19312,0.39368,0.43846,0.44761,0.13886,0.16552,0.43701,0.42969,353500,327880,46827
Wendys Company,0.01674,4,3,,0.38953,Restaurant,23.2,0.28313,WEN,C,25,WEN   211119C00025000,87445,11/19/2021 12:00:00 AM,421,14,1.35,1.6,0.54456,42.24184,5,3,0.71992,0.93397,245.8308,0.78567,-0.53252,2,21.68933,21.54272,0.16609,0.06511,0.15109,-0.07759,-0.75162,0.34641,0.38952,0.20141,0.28307,0.36935,0.38336,0.12728,0.12241,0.48267,0.47535,348663,327791,48045
CH Robinson Worldwide Inc,0.02156,5,3,,0.25182,Industrial Services,95.35,0.24967,CHRW,C,97.5,CHRW  211119C00097500,13098,11/19/2021 12:00:00 AM,4226,22,4.8,5.1,3.1433,47.12269,5,3,0.40316,0.47557,283.2256,1.12861,-0.66333,3,89.69954,16.71511,0.1497,0.05926,0.08567,-0.02255,-2.17731,0.23952,0.25188,0.1707,0.41386,0.43837,0.44137,0.0886,0.17745,0.29101,0.28369,336587,327438,118921
Sirius XM Holdings Inc,0.00915,3,4,,0.28523,Entertainment,6.37,0.24285,SIRI,C,7,SIRI  211217C00007000,39368,12/17/2021 12:00:00 AM,1294,36,0.4,0.45,0.12265,41.32469,5,3,0.92439,1.08125,210.3454,0.72665,-0.50551,1,5.94142,20.03327,0.14577,0.06728,0.17702,-0.0989,-0.18985,0.3548,0.38372,0.18437,0.2426,0.35841,0.36868,0.13762,0.1011,0.6298,0.62112,343270,327563,10311
Geo Group Inc New,0,5,5,,0.46562,R.E.I.T.,7.42,0.48712,GEO,C,9,GEO   211217C00009000,61627,12/17/2021 12:00:00 AM,714,7,1.1,1.25,0.33472,48.47563,5,3,0.97992,1.16437,222.212,0.32675,-0.28398,3,6.32,37.49352,0.35491,0.14825,0.42405,-0.21294,-0.48289,0.77801,0.85049,0.39295,0.25144,0.36754,0.37845,0.30604,0.1,1.49116,1.48248,363909,328822,79675
EMCORE Corporation,0,3,3,e,0.52703,Semiconductor,10.63,0.52828,EMKR,C,12.5,EMKR  211217C00012500,44214,12/17/2021 12:00:00 AM,1115,31,1.5,1.7,0.57161,48.8085,5,3,0.81483,0.98565,236.1868,0.34804,-0.2988,1,9.13,37.38402,0.33501,0.14111,0.36911,-0.17592,-0.63875,0.71568,0.78304,0.39435,0.28932,0.3798,0.38986,0.28732,0.1,1.41978,1.4111,337282,326807,12886
Service Properties Trust,0.00287,5,5,,0.5537,R.E.I.T.,13.49,0.32271,SVC,C,15,SVC   211217C00015000,70863,12/17/2021 12:00:00 AM,581,8,1.2,1.35,0.36391,45.01811,5,3,1.03435,1.21156,198.9182,0.53557,-0.41308,3,12.27101,23.05778,0.20197,0.09036,0.22191,-0.11193,-0.52539,0.4607,0.50083,0.22646,0.26658,0.37968,0.38906,0.18672,0.1,0.89823,0.88955,364835,328868,77043
Macerich Co,0.03654,5,5,,0.54837,R.E.I.T.,17.7,0.51097,MAC,C,19,MAC   211217C00019000,87243,12/17/2021 12:00:00 AM,423,0,2,2.2,1.15349,49.38836,5,3,0.49578,0.61216,267.1459,0.44992,-0.36508,3,15.38282,33.17968,0.2963,0.13091,0.22811,-0.07345,-0.79123,0.52952,0.57072,0.35401,0.37329,0.41448,0.42056,0.22226,0.12655,0.90154,0.89286,344958,327893,110912
IMAX Corporation,0,5,3,,0.4684,Recreation,21.43,0.44473,IMAX,C,23,IMAX  211217C00023000,177422,12/17/2021 12:00:00 AM,108,0,2,2.2,1.28353,48.2422,5,3,0.39306,0.50201,278.5327,0.55508,-0.42583,3,19.43,29.39364,0.20989,0.09333,0.18374,-0.07326,-0.78161,0.42721,0.46062,0.30667,0.38637,0.41788,0.42376,0.18015,0.12674,0.74506,0.73638,338376,327387,119839
Helmerich and Payne Inc,0.02874,5,3,,0.53422,Oilfield Svcs/Equip.,33.56,0.48162,HP,C,37.5,HP    211217C00037500,217455,12/17/2021 12:00:00 AM,64,0,2.85,3.1,1.71229,43.16766,5,3,0.37078,0.45052,305.5394,0.54267,-0.41553,3,30.23699,36.2443,0.21798,0.09902,0.2352,-0.1174,-1.30843,0.47207,0.49953,0.34438,0.31464,0.36236,0.36964,0.18427,0.1,0.85791,0.84923,334677,327248,121895
BCE Inc,0.05593,5,4,,0.19788,Telecommunications Utility,49.7,0.15704,BCE,C,50,BCE   211217C00050000,190557,12/17/2021 12:00:00 AM,91,0,1.4,1.55,0.94964,42.58113,5,3,0.31803,0.42253,282.6603,1.98873,-0.83683,3,46.93679,11.48803,0.11503,0.0556,0.06263,-0.00604,-0.65693,0.1424,0.15369,0.10804,0.37171,0.40193,0.409,0.05028,0.19396,0.15391,0.14523,332589,326842,126915
Hexcel Corporation,0,5,3,,0.4065,Chemical (Diversified),62.01,0.30588,HXL,C,65,HXL   211217C00065000,99307,12/17/2021 12:00:00 AM,340,0,4.9,5.5,2.59484,48.94806,5,3,0.64175,0.80774,224.516,0.6738,-0.48816,3,57.11,19.72874,0.17495,0.07902,0.13815,-0.04822,-1.86308,0.3426,0.37724,0.20868,0.39634,0.4364,0.4422,0.14841,0.15178,0.52929,0.52061,353867,328316,99715
AMC Networks Inc,0,3,4,,0.44293,Entertainment,63.02,0.38121,AMCX,C,70,AMCX  211217C00070000,250070,12/17/2021 12:00:00 AM,43,0,7.6,8.7,2.47159,49.29138,5,3,1.09441,1.32371,191.743,0.41566,-0.34419,1,55.42,25.59189,0.27963,0.1206,0.26308,-0.11076,-3.07144,0.57079,0.63328,0.27253,0.30681,0.40475,0.41399,0.24058,0.1,1.21465,1.20597,354477,328196,7828
AMC Networks Inc,0,3,4,,0.44293,Entertainment,63.02,0.38121,AMCX,C,72.5,AMCX  211217C00072500,176042,12/17/2021 12:00:00 AM,110,0,6.9,7.5,2.06136,45.64331,5,3,1.01397,1.13391,210.7827,0.43988,-0.35706,1,56.12,28.75368,0.25071,0.10949,0.29187,-0.15043,-3.00069,0.57529,0.60955,0.28565,0.25554,0.3721,0.37906,0.22733,0.1,1.10357,1.09489,346156,327956,8881
Paychex  Inc,0.02543,5,3,,0.26949,IT Service,103.87,0.20947,PAYX,C,105,PAYX  211217C00105000,216126,12/17/2021 12:00:00 AM,65,0,4.8,5.4,3.3822,48.69685,5,3,0.34936,0.49729,255.6453,1.24562,-0.70106,3,97.77462,13.47468,0.12423,0.05868,0.07233,-0.01088,-1.85297,0.19138,0.21236,0.14183,0.44152,0.45659,0.46087,0.08028,0.18912,0.25303,0.24435,338052,327107,123841
Surgalign Holdings Inc,0,4,3,e,0.58852,Medical Supplies,1.33,0.66467,SRGA,C,2.5,SRGA  220121C00002500,56806,1/21/2022 12:00:00 AM,802,116,0.3,0.35,0.10971,49.09245,5,3,0.57268,0.71464,322.1631,0.20704,-0.19408,2,1.03,81.77449,0.49678,0.22556,1.42718,-0.8797,-0.13689,1.36417,1.48731,0.86742,0.175,0.27617,0.29286,0.48301,0.1,2.26602,2.25564,335720,326883,57417
T2 Biosystems Inc,0,5,4,e,0.99163,Medical Supplies  (Noninvasive),1.23,0.89791,TTOO,C,2.5,TTOO  220121C00002500,6156,1/21/2022 12:00:00 AM,8086,182,0.25,0.3,0.1175,46.03195,5,3,0.38579,0.5229,371.4214,0.2122,-0.19881,3,0.98,97.54025,0.4351,0.20325,1.55102,-1.03252,-0.1254,1.3525,1.48632,0.97598,0.17484,0.24988,0.26957,0.47126,0.1,2.0429,2.03252,339730,327344,120493
Sirius XM Holdings Inc,0.00915,3,4,,0.28523,Entertainment,6.37,0.24296,SIRI,C,7,SIRI  220121C00007000,1825,1/21/2022 12:00:00 AM,19193,114,0.5,0.6,0.14351,44.60613,5,3,1.08213,1.37033,171.5735,0.58468,-0.44015,1,5.83583,18.54771,0.15443,0.08386,0.19787,-0.0989,-0.19237,0.37647,0.42858,0.18081,0.25946,0.37837,0.39277,0.17103,0.1011,0.78678,0.7764,356118,328159,7980
Enel Americas SA,0.04529,5,5,,0.31956,Power,6.8,0.35978,ENIA,C,7.5,ENIA  220121C00007500,237574,1/21/2022 12:00:00 AM,50,4,0.45,0.55,0.2729,40.9789,5,3,0.3379,0.52225,276.2072,0.62537,-0.45847,3,6.16944,30.08218,0.16616,0.09273,0.20766,-0.10294,-0.19686,0.36823,0.41897,0.27523,0.29402,0.34278,0.36098,0.15991,0.1,0.67214,0.66176,339693,327019,124967
Annaly Capital Management Inc,0.09442,5,3,,0.3076,R.E.I.T.,9.19,0.19216,NLY,C,9,NLY   220121C00009000,18521,1/21/2022 12:00:00 AM,3029,15,0.43,0.45,0.25475,46.82,5,3,0.51016,0.56802,222.7334,1.16866,-0.67507,3,8.25125,12.84888,0.14115,0.10215,0.08276,0.02067,-0.1489,0.19703,0.20458,0.13047,0.40473,0.43657,0.43889,0.08557,0.2,0.14095,0.23395,342513,327942,109677
Geo Group Inc New,0,5,5,,0.46562,R.E.I.T.,7.42,0.48392,GEO,C,10,GEO   220121C00010000,8278,1/21/2022 12:00:00 AM,6284,210,1.05,1.15,0.33814,44.1258,5,3,0.74851,0.84657,249.995,0.31797,-0.27618,3,6.37,47.01917,0.28114,0.14151,0.56986,-0.34771,-0.43843,0.79456,0.83912,0.45442,0.2039,0.31796,0.32698,0.31449,0.1,1.42547,1.41509,355325,328531,92717
Inovio Pharmaceuticals Inc New,0,5,5,e,0.90639,Biotechnology,8.71,0.84937,INO,C,13,INO   220121C00013000,21586,1/21/2022 12:00:00 AM,2589,25,1.62,1.82,0.88701,47.50835,5,3,0.37694,0.47691,334.9832,0.25183,-0.22846,3,7.09,73.22099,0.38972,0.18599,0.83357,-0.49254,-0.67859,1.03718,1.11248,0.75325,0.24941,0.31164,0.32349,0.39709,0.1,1.87031,1.85993,336677,327289,121315
Inovio Pharmaceuticals Inc New,0,5,5,e,0.90639,Biotechnology,8.71,0.84937,INO,C,14,INO   220121C00014000,510672,1/21/2022 12:00:00 AM,1,10,1.48,1.67,0.81906,44.3305,5,3,0.33199,0.42356,357.1816,0.2572,-0.23226,3,7.23,81.24861,0.34914,0.16992,0.93638,-0.60735,-0.67928,1.04977,1.12194,0.78812,0.22088,0.2818,0.29447,0.3888,0.1,1.70957,1.6992,332661,326971,125552
Helmerich and Payne Inc,0.02874,5,3,,0.53422,Oilfield Svcs/Equip.,33.56,0.48104,HP,C,37.5,HP    220121C00037500,57198,1/21/2022 12:00:00 AM,795,2,3,3.4,1.94525,44.13148,5,3,0.31602,0.43367,286.7402,0.50984,-0.39807,3,29.9945,35.28925,0.19618,0.10624,0.24394,-0.1174,-1.16616,0.44888,0.48901,0.34109,0.32642,0.36625,0.37686,0.19614,0.1,0.9043,0.89392,333432,326822,127113
CH Robinson Worldwide Inc,0.02156,5,3,,0.25182,Industrial Services,95.35,0.24995,CHRW,C,97.5,CHRW  220121C00097500,214706,1/21/2022 12:00:00 AM,66,1,5.5,5.8,3.87258,48.04071,5,3,0.33339,0.39475,251.2133,0.97837,-0.61466,3,88.64471,16.38738,0.12597,0.07032,0.09778,-0.02255,-1.77101,0.22709,0.23754,0.17031,0.4253,0.44384,0.44629,0.10221,0.17745,0.33544,0.32506,330284,326983,125412
Paychex  Inc,0.02543,5,3,,0.26949,IT Service,103.87,0.20969,PAYX,C,105,PAYX  220121C00105000,89916,1/21/2022 12:00:00 AM,403,0,5.3,5.8,3.72201,49.07301,5,3,0.35642,0.46872,236.2758,1.13034,-0.66744,3,97.02134,13.38625,0.11714,0.06593,0.08014,-0.01088,-1.70259,0.19253,0.20847,0.14194,0.44383,0.45853,0.46169,0.08847,0.18912,0.28018,0.2698,336017,327153,123209
Simon Property Group Inc,0.03978,5,4,,0.45469,R.E.I.T.,130.66,0.29983,SPG,C,135,SPG   220121C00135000,13152,1/21/2022 12:00:00 AM,4214,2341,8.1,8.8,5.51233,45.82627,5,3,0.32883,0.41733,261.2321,0.82691,-0.55325,3,119.5126,20.50777,0.1525,0.08532,0.12482,-0.03322,-2.84587,0.27164,0.28973,0.20442,0.38535,0.41319,0.41853,0.12093,0.16678,0.38207,0.3717,332155,326945,125851
AbbVie Inc,0.04501,3,3,,0.28678,Drug,114.69,0.29702,ABBV,C,195,ABBV1 220121C00195000,415638,1/21/2022 12:00:00 AM,6,0,22,26.95,2.40161,47.36505,5,3,1.28532,1.56027,211.3947,0.22314,-0.20829,1,89.6634,51.58127,0.44984,0.21821,1.13018,-0.70024,-10.60997,1.20937,1.35487,0.52919,0.0886,0.27744,0.29908,0.44815,0.1,1.92859,1.91821,361487,328581,5914
Wendys Company,0.01674,4,3,,0.38953,Restaurant,23.2,0.28398,WEN,C,25,WEN   220218C00025000,535342,2/18/2022 12:00:00 AM,1,0,1.8,2.25,0.80743,46.02463,5,3,0.69358,1.0002,190.616,0.59322,-0.44619,2,21.14251,19.79697,0.1436,0.08869,0.17932,-0.07759,-0.60814,0.33543,0.39616,0.19806,0.32298,0.3931,0.40917,0.16857,0.12241,0.64554,0.6338,351604,327681,49555
CH Robinson Worldwide Inc,0.02156,5,3,,0.25182,Industrial Services,95.35,0.25003,CHRW,C,97.5,CHRW  220218C00097500,625384,2/18/2022 12:00:00 AM,0,0,6.2,6.6,4.1597,48.96308,5,3,0.39381,0.47042,225.4218,0.85979,-0.57054,3,87.78701,16.08703,0.12645,0.07932,0.10796,-0.02255,-1.75156,0.23724,0.25028,0.17021,0.42883,0.44881,0.45146,0.11631,0.17745,0.37817,0.36643,336162,327390,119768
CH Robinson Worldwide Inc,0.02156,5,3,,0.25182,Industrial Services,95.35,0.25003,CHRW,C,100,CHRW  220218C00100000,870828,2/18/2022 12:00:00 AM,0,0,5.1,5.5,3.39131,43.61845,5,3,0.32785,0.4037,250.3396,0.94817,-0.5974,3,88.88701,18.26449,0.10679,0.06778,0.12233,-0.04877,-1.68246,0.23228,0.24555,0.17493,0.36232,0.39539,0.40093,0.10547,0.15123,0.36541,0.35368,331038,326938,125955
Wendys Company,0.01674,4,3,,0.38953,Restaurant,23.2,0.28424,WEN,C,25,WEN   220414C00025000,55893,4/14/2022 12:00:00 AM,819,4,2.05,2.25,0.94762,46.7742,5,3,0.69399,0.81753,181.0588,0.56327,-0.42924,2,20.83399,19.41953,0.13586,0.10198,0.19565,-0.07759,-0.5261,0.33375,0.35809,0.19702,0.33868,0.40299,0.40947,0.17754,0.12241,0.73623,0.72183,342487,327685,49525
Simon Property Group Inc,0.03978,5,4,,0.45469,R.E.I.T.,130.66,0.30347,SPG,C,135,SPG   220617C00135000,156922,6/17/2022 12:00:00 AM,141,18,11.3,14,7.41448,49.1837,5,3,0.37968,0.64186,186.0528,0.54864,-0.42409,3,114.2193,19.43912,0.1355,0.12583,0.17038,-0.03322,-2.47853,0.285,0.33916,0.20657,0.39537,0.42374,0.4358,0.18227,0.16678,0.53604,0.51854,346559,327305,121057
Annaly Capital Management Inc,0.09442,5,3,,0.3076,R.E.I.T.,9.19,0.19291,NLY,C,10,NLY   230120C00010000,5619,1/20/2023 12:00:00 AM,8674,102,0.37,0.41,0.12201,29.84369,5,3,0.53709,0.61303,172.1137,0.72297,-0.49394,3,7.44591,19.84514,0.12091,0.18978,0.28331,-0.08814,-0.09305,0.23479,0.24639,0.15275,0.14198,0.24287,0.25326,0.13832,0.11186,0.38795,0.35992,345005,328034,107472
Kellogg Company,0.03597,5,3,v,0.23399,Food Processing,64.01,0.21186,K,C,65,K     230120C00065000,70615,1/20/2023 12:00:00 AM,584,0,4.7,5.2,3.25538,48.06429,5,3,0.33002,0.44421,156.9092,0.67952,-0.48975,3,55.66394,13.93897,0.08601,0.13039,0.1529,-0.01547,-0.67511,0.19276,0.20931,0.14493,0.40408,0.42758,0.43325,0.14716,0.18453,0.42593,0.3979,334234,326954,125741
Kellogg Company,0.03597,5,3,v,0.23399,Food Processing,64.01,0.21186,K,C,67.5,K     230120C00067500,97477,1/20/2023 12:00:00 AM,351,0,3.9,4.3,2.58968,42.18679,5,3,0.29909,0.38874,172.3694,0.73346,-0.50934,3,56.46394,16.03674,0.07694,0.11789,0.1799,-0.05452,-0.65265,0.19459,0.20802,0.14979,0.33173,0.36883,0.37702,0.13634,0.14548,0.44684,0.41881,329724,326653,128847
Simon Property Group Inc,0.03978,5,4,,0.45469,R.E.I.T.,130.66,0.30548,SPG,C,145,SPG   230120C00145000,198741,1/20/2023 12:00:00 AM,82,0,10.75,12.95,6.77363,42.81575,5,3,0.31587,0.48584,174.9668,0.49497,-0.38956,3,111.6792,22.62272,0.09639,0.14527,0.27223,-0.10975,-1.86779,0.28111,0.31742,0.21363,0.30243,0.34708,0.36383,0.20203,0.1,0.85078,0.82275,337294,326820,127130
