Company,DIV'D,CMRK,TechRank,^vCM,HISTVO,INDUST,CMPRICE,VOLF,TKR,C/P,STRIKE,OPTKR,Record Number,EXPDAY,OI,VOL,BID,ASK,EST,DLTA,Bid oprk,Ask oprk,Bid UN/OV,Ask UN/OV,RVOPT,10%,-10%,CCMPRK,CCMPBE,CCMPRV,CCPWPA,CCPWPT,CCPWMX,I/OTM,THETA,Bid Implied,Ask Implied,VOLFADJ,PrtbStrk VOLF,Bid PrtbStrk Implied,Ask PrtbStrk Implied,PctDble,Margin,Yld Margin,Max Margin,ROBUY,ROWRT,ROCCMP,07/06/2021
Nabriva Therapeutics PLC,0,3,3,,0.77658,Drug,1.26,0.72328,NBRV,P,2.5,NBRV1 210716P00002500,822782,7/16/2021 12:00:00 AM,0,0,2,2.5,1.24017,31.78875,5,3,5.01469,5.01469,559.6047,-0.19958,-0.16393,5,0.50133,97.87343,50.45406,0.60317,4.00053,0.98413,-3.5348,9.99996,9.99996,1.66259,0.99116,0.65335,0.65335,-0.61002,0.2,3.01641,7.93651,376825,307661,376780
Atossa Therapeutics Inc,0,2,3,,1.07883,Medical Supplies  (Noninvasive),5.62,1.2377,ATOS,P,5,ATOS  210716P00005000,3016,7/16/2021 12:00:00 AM,14690,533,0.45,0.55,0.21011,30.72895,5,3,0.58335,0.8182,804.0955,-0.29818,0.4009,3,4.55267,70.69024,3.29942,0.19092,0.09943,-0.11032,-3.282,1.9669,2.25864,1.24224,0.29304,0.36546,0.38229,0.24944,0.1,0.80125,0.80071,337795,303397,284203
Nabriva Therapeutics PLC,0,3,3,,0.77658,Drug,1.26,0.72328,NBRV,P,5,NBRV1 210716P00005000,920575,7/16/2021 12:00:00 AM,0,0,4.3,5,3.73765,47.0372,5,3,2.88248,2.88248,497.7078,-0.1171,-0.09159,5,0.70267,224.3552,26.56315,0.44444,6.14339,2.96825,-3.93248,9.99996,9.99996,2.57566,0.99897,0.7863,0.7863,-1.09182,0.2,2.22276,17.06349,373917,307629,373720
Atossa Therapeutics Inc,0,2,3,,1.07883,Medical Supplies  (Noninvasive),5.62,1.2377,ATOS,P,5.5,ATOS  210716P00005500,9375,7/16/2021 12:00:00 AM,6126,280,0.75,0.8,0.38204,40.21457,5,3,0.8449,0.96038,623.6963,-0.25701,0.33029,4,4.75293,85.41352,5.25693,0.15534,0.15843,-0.02135,-3.72926,2.11597,2.24842,1.14693,0.45578,0.47599,0.47741,0.30277,0.17865,0.74755,0.74701,346627,306847,307115
ICON PLC,0,3,1,,0.28771,Medical Services,213.53,0.27699,ICLR,P,195,ICLR1 210716P00195000,862033,7/16/2021 12:00:00 AM,0,0,25.5,29.7,0.74275,33.43942,5,3,4.78347,5.52617,202.3854,-0.23089,0.29063,5,169.604,25.95394,5.00965,0.20673,0.15098,-0.08678,-157.7567,2.42397,2.73525,0.41912,0.10474,0.41411,0.42375,0.34409,0.11322,1.0553,1.05477,376993,307659,376965
ICON PLC,0,3,1,,0.28771,Medical Services,213.53,0.27699,ICLR,P,200,ICLR1 210716P00200000,862034,7/16/2021 12:00:00 AM,0,0,30.5,34.7,0.90522,35.30547,5,3,6.37976,7.24477,151.9777,-0.20854,0.25704,5,169.6067,23.04924,5.98847,0.20673,0.18047,-0.06336,-171.903,2.60166,2.90661,0.35254,0.14045,0.44191,0.44797,0.38905,0.13664,1.04591,1.04538,377317,307668,377297
GameStop Corp Holding Company,0,2,2,e,0.91019,Retail (Hardlines),198.31,0.65126,GME,P,190,GME   210806P00190000,247532,8/6/2021 12:00:00 AM,52,5,21.15,23.4,6.49694,38.18096,5,3,1.47474,1.69966,283.7469,-0.29409,0.39189,5,169.1448,31.58626,1.44644,0.15011,0.12681,-0.0419,-39.95816,1.10554,1.20602,0.44673,0.36868,0.4461,0.45057,0.25517,0.1581,0.67615,0.6746,367118,307500,357647
Spectrum Pharmaceuticals Inc,0,3,4,e^,0.69667,Biotechnology,3.59,0.64654,SPPI,P,3,SPPI  210820P00003000,49186,8/20/2021 12:00:00 AM,1079,2,0.25,0.3,0.06931,25.63015,5,3,0.83903,1.0497,363.4044,-0.28808,0.39016,4,2.75669,27.46555,0.73904,0.23621,0.09314,-0.16435,-0.49603,1.06419,1.1861,0.57867,0.18812,0.31521,0.33298,0.25631,0.1,0.69861,0.69638,336367,303583,340132
Ardelyx Inc,0,3,3,e,0.70377,Biotechnology,7.95,0.74146,ARDX,P,7.5,ARDX  210820P00007500,106819,8/20/2021 12:00:00 AM,339,0,1,1.25,0.44288,36.03028,5,3,0.88535,1.28269,282.9814,-0.22917,0.28378,4,6.51673,39.75408,1.23844,0.18462,0.15608,-0.0566,-1.40611,1.12331,1.36005,0.59581,0.38743,0.43971,0.45014,0.35239,0.1434,0.87942,0.87719,350187,304690,351823
Groupon Inc,0,2,2,,0.70116,Internet,43.09,0.56114,GRPN,P,38,GRPN  210820P00038000,532714,8/20/2021 12:00:00 AM,1,0,1.92,2.44,0.73235,26.9538,5,3,0.58486,0.81878,444.7782,-0.42565,0.66616,3,36.16477,21.96085,0.43995,0.16491,0.05545,-0.11812,-4.04602,0.69729,0.80021,0.43997,0.20637,0.30264,0.32623,0.15011,0.1,0.44781,0.44558,337837,303446,284300
Cassava Sciences Inc,0,3,3,e,1.05624,Drug,90.07,1.14709,SAVA,P,85,SAVA  210820P00085000,184017,8/20/2021 12:00:00 AM,113,3,17.8,20,8.77402,34.14187,5,3,0.8316,1.03784,275.3217,-0.15033,0.17669,4,67.38961,57.48795,2.11947,0.25614,0.26711,-0.05629,-22.1972,1.66538,1.85291,0.90925,0.42607,0.45947,0.46356,0.56595,0.14371,1.37739,1.37515,335464,303339,339375
Cassava Sciences Inc,0,3,3,e,1.05624,Drug,90.07,1.14709,SAVA,P,90,SAVA  210820P00090000,153988,8/20/2021 12:00:00 AM,168,52,21,22.3,11.273,37.70258,5,3,0.87235,0.99136,262.3537,-0.14494,0.17008,4,69.20076,62.79853,2.43263,0.23616,0.30658,-0.00078,-22.66896,1.68407,1.79111,0.89944,0.49624,0.49799,0.49811,0.58795,0.19922,1.17254,1.17031,331386,304395,336147
Cassava Sciences Inc,0,3,3,e,1.05624,Drug,90.07,1.14709,SAVA,P,95,SAVA  210820P00095000,420690,8/20/2021 12:00:00 AM,6,0,24,25.5,14.32165,41.12473,5,3,0.84389,0.97687,252.1495,-0.13897,0.16144,4,71.21192,69.03623,2.14892,0.21172,0.34026,0.05474,-23.11535,1.67149,1.79203,0.9065,0.56303,0.53429,0.53198,0.61944,0.2,1.06085,1.3323,330031,303698,335060
Cassava Sciences Inc,0,3,3,e,1.05624,Drug,90.07,1.14709,SAVA,P,100,SAVA  210820P00100000,167186,8/20/2021 12:00:00 AM,141,0,27.7,29.5,17.85893,43.95478,5,3,0.83416,0.98801,238.5854,-0.12935,0.14838,4,72.52307,75.51919,1.96792,0.19729,0.38536,0.11025,-23.97099,1.7017,1.84444,0.92778,0.62201,0.56727,0.56211,0.67396,0.2,0.98869,1.53769,331077,303429,335867
GameStop Corp Holding Company,0,2,2,e,0.91019,Retail (Hardlines),198.31,0.68626,GME,P,195,GME   210820P00195000,208812,8/20/2021 12:00:00 AM,83,0,30.3,31.55,11.10634,39.90337,5,3,1.50774,1.60674,221.1877,-0.2282,0.2867,5,165.135,34.28291,1.47747,0.17171,0.1862,-0.01669,-34.51873,1.16344,1.20937,0.46394,0.45393,0.48159,0.48229,0.34879,0.18331,0.83575,0.83352,365775,307516,354528
GameStop Corp Holding Company,0,2,2,e,0.91019,Retail (Hardlines),198.31,0.68626,GME,P,200,GME   210820P00200000,76687,8/20/2021 12:00:00 AM,579,21,33.35,34.55,13.66288,42.20192,5,3,1.5264,1.62049,212.5077,-0.22093,0.27471,5,167.0961,36.18814,1.52514,0.15965,0.20235,0.00852,-35.11063,1.16985,1.21342,0.46305,0.51518,0.50601,0.50579,0.36402,0.2,0.80048,0.84086,365982,307523,355018
ICON PLC,0,3,1,,0.28771,Medical Services,213.53,0.28748,ICLR,P,210,ICLR1 210820P00210000,771473,8/20/2021 12:00:00 AM,0,0,40.5,44.8,5.03468,38.09902,5,3,5.266,5.91726,81.18355,-0.17453,0.20888,5,169.9684,16.13423,1.91362,0.20843,0.24117,-0.01653,-46.72625,1.43291,1.58184,0.22868,0.40795,0.48518,0.48658,0.47873,0.18347,1.03603,1.0338,377095,307664,377068
ICON PLC,0,3,1,,0.28771,Medical Services,213.53,0.28748,ICLR,P,220,ICLR1 210820P00220000,563859,8/20/2021 12:00:00 AM,0,0,50.5,54.8,10.50909,40.36867,5,3,5.74542,6.37576,70.74254,-0.15137,0.17741,5,169.9908,17.37198,2.07887,0.2062,0.30017,0.0303,-51.68004,1.5675,1.71398,0.23238,0.63111,0.51979,0.5181,0.56366,0.2,1.03323,1.1825,377181,307666,377146
ICON PLC,0,3,1,,0.28771,Medical Services,213.53,0.28748,ICLR,P,230,ICLR1 210820P00230000,933097,8/20/2021 12:00:00 AM,0,0,60.5,64.8,18.75796,42.19016,5,3,5.22209,5.7566,72.46802,-0.134,0.15459,5,170.0131,21.18883,2.07887,0.2062,0.35916,0.07713,-55.99732,1.68743,1.83239,0.2712,0.77295,0.54788,0.54411,0.64688,0.2,1.03323,1.41666,377052,307662,377025
Fuel Tech Inc,0,3,4,e,0.81786,Environmental,2.2,0.77835,FTEK,P,2,FTEK  210917P00002000,117924,9/17/2021 12:00:00 AM,285,0,0.3,0.4,0.11867,32.52067,5,3,0.93169,1.4431,209.0296,-0.18899,0.22256,5,1.70718,33.03498,0.88813,0.23086,0.18006,-0.09091,-0.28395,1.05961,1.34014,0.54854,0.34442,0.41789,0.43491,0.44931,0.10909,1.25359,1.25,356316,305539,357446
Curis Inc,0,1,1,e,0.8932,Biotechnology,7.54,0.85098,CRIS,P,7.5,CRIS  210917P00007500,80387,9/17/2021 12:00:00 AM,540,0,1.35,1.6,1.02143,39.27765,5,3,0.31671,0.56031,293.8629,-0.18418,0.21952,3,6.17691,57.18098,1.10043,0.18794,0.2231,-0.00531,-0.97578,1.03512,1.22662,0.78614,0.48996,0.49238,0.49357,0.45553,0.19469,0.92321,0.91962,337192,302850,151711
GameStop Corp Holding Company,0,2,2,e,0.91019,Retail (Hardlines),198.31,0.73728,GME,P,195,GME   210917P00195000,281978,9/17/2021 12:00:00 AM,35,3,40.95,42.8,15.59658,37.45903,5,3,1.47516,1.58497,164.4055,-0.16252,0.19393,5,154.7498,34.55457,1.32885,0.22677,0.26941,-0.01669,-28.25971,1.23295,1.28765,0.49813,0.46373,0.48533,0.48595,0.51564,0.18331,1.13007,1.12649,365421,307501,353800
GameStop Corp Holding Company,0,2,2,e,0.91019,Retail (Hardlines),198.31,0.73728,GME,P,200,GME   210917P00200000,73371,9/17/2021 12:00:00 AM,620,1,44.2,45.85,18.21645,39.12846,5,3,1.49285,1.58963,159.4265,-0.1583,0.18785,5,156.5177,36.04239,1.36351,0.21436,0.28729,0.00852,-28.69306,1.23997,1.28811,0.49741,0.50872,0.5035,0.50337,0.53233,0.2,1.0754,1.11442,365503,307508,353952
SeaChange International Inc,0,3,3,,0.70315,Entertainment Tech,1.17,0.75068,SEAC,P,1,SEAC  211015P00001000,51652,10/15/2021 12:00:00 AM,1015,0,0.2,0.25,0.05943,27.91554,5,3,1.20256,1.62795,152.8849,-0.13621,0.15569,5,0.80495,29.24256,0.91231,0.32119,0.25495,-0.1453,-0.13656,1.24592,1.48655,0.56567,0.29405,0.40288,0.41836,0.64232,0.1,1.71435,1.7094,361439,307166,362085
Braemar Hotels and Resorts Inc,0,1,3,,0.68385,R.E.I.T.,6.05,0.58056,BHR,P,5,BHR   211015P00005000,83409,10/15/2021 12:00:00 AM,511,1,0.3,0.4,0.16011,23.26372,5,3,0.33586,0.55768,350.3197,-0.33811,0.48091,3,4.72473,19.90125,0.24611,0.22809,0.06878,-0.17355,-0.31167,0.6171,0.71957,0.46195,0.21161,0.27442,0.30358,0.20794,0.1,0.50081,0.49587,337004,303479,150888
Orbital Energy Group Inc,0,3,3,e,0.88392,Electrical Equipment,4.25,0.78197,OEG,P,5,OEG   211015P00005000,54688,10/15/2021 12:00:00 AM,944,0,1.55,1.7,1.0497,45.6221,5,3,0.8768,1.13885,142.4134,-0.11282,0.12655,4,3.47473,54.28608,0.84748,0.18824,0.45422,0.17647,-0.54613,1.20594,1.37432,0.64255,0.67864,0.59761,0.58585,0.79021,0.2,0.94612,1.82353,342572,304489,345248
EyePoint Pharmaceuticals Inc,0,3,3,e,0.77464,Drug,8.83,0.70781,EYPT,P,10,EYPT  211015P00010000,481693,10/15/2021 12:00:00 AM,2,0,2.85,3.2,1.87954,44.0913,5,3,0.83112,1.13314,150.5601,-0.12147,0.13684,4,7.19946,51.39902,0.85851,0.19026,0.40355,0.1325,-1.09293,1.15269,1.34281,0.6295,0.64022,0.57773,0.56683,0.73079,0.2,0.95625,1.61382,342211,303322,344952
Penn National Gaming Inc,0,2,3,,0.63866,Hotel/Gaming,74.7,0.40142,PENN,P,70,PENN  211015P00070000,53185,10/15/2021 12:00:00 AM,982,6,6.2,6.35,2.17404,35.0675,5,3,1.01334,1.05011,217.7671,-0.3493,0.49667,4,64.14624,18.05392,0.36545,0.15086,0.10212,-0.06292,-3.89523,0.55973,0.56995,0.27801,0.3171,0.40658,0.40823,0.20134,0.13708,0.61042,0.60547,350962,307255,318511
Trinity Biotech PLC,0,3,3,,0.78847,Medical Supplies  (Noninvasive),2.8,0.68294,TRIB,P,2.5,TRIB  211119P00002500,114081,11/19/2021 12:00:00 AM,303,0,0.6,0.65,0.21678,29.6169,5,3,1.15628,1.3097,135.6201,-0.12327,0.1433,4,1.91661,30.13629,0.85904,0.32807,0.32243,-0.10714,-0.25847,1.18481,1.26911,0.54947,0.36078,0.43436,0.43869,0.69785,0.1,2.1495,2.14286,351366,307061,352868
Spectrum Pharmaceuticals Inc,0,3,4,e^,0.69667,Biotechnology,3.59,0.66079,SPPI,P,4,SPPI  211119P00004000,225390,11/19/2021 12:00:00 AM,68,0,1,1.3,0.64372,43.6234,5,3,0.88429,1.63548,117.0586,-0.13204,0.14196,5,3.02657,37.27378,0.54167,0.16435,0.33998,0.11421,-0.31646,0.86941,1.21601,0.4614,0.64023,0.57556,0.55418,0.70444,0.2,0.82837,1.39276,361616,304665,362257
China Automotive Systems Inc,0,3,4,,0.64592,Auto Parts,5.02,0.57401,CAAS,P,5,CAAS  211119P00005000,165670,11/19/2021 12:00:00 AM,144,0,0.85,1.1,0.44561,39.1623,5,3,0.86871,1.41501,145.4894,-0.18645,0.21916,5,4.18322,28.0946,0.56339,0.17995,0.21146,-0.00398,-0.34349,0.72392,0.93555,0.38739,0.48213,0.49043,0.4926,0.45629,0.19602,0.87046,0.86382,355391,304309,356549
Hersha Hospitality Trust,0,1,2,,0.60714,R.E.I.T.,10.73,0.55659,HT,P,10,HT    211119P00010000,94919,11/19/2021 12:00:00 AM,416,0,0.95,1.15,0.6241,34.60329,5,3,0.3519,0.56584,255.1815,-0.30417,0.41077,3,9.11644,24.70162,0.29737,0.16321,0.11162,-0.06803,-0.47456,0.52113,0.6036,0.38548,0.37203,0.40459,0.41742,0.24344,0.13197,0.67755,0.6709,337618,303905,153561
Kaleyra Inc,0,2,3,v,0.52607,Financial Svcs. (Div.),12.4,0.45439,KLR,P,10,KLR   211119P00010000,101957,11/19/2021 12:00:00 AM,369,0,0.8,1.05,0.25997,23.32463,5,3,0.6572,0.92976,231.5,-0.27246,0.36105,4,9.26644,17.04685,0.24937,0.26471,0.0936,-0.19355,-0.58207,0.65403,0.7616,0.39466,0.17953,0.28998,0.3173,0.27697,0.1,0.6518,0.64516,344988,305130,302661
Kaleyra Inc,0,2,3,v,0.52607,Financial Svcs. (Div.),12.4,0.45439,KLR,P,12.5,KLR   211119P00012500,194112,11/19/2021 12:00:00 AM,101,0,2,2.55,0.93693,40.98077,5,3,1.15682,1.76436,127.5317,-0.20448,0.24485,5,10.58304,23.26266,0.4998,0.15323,0.19712,0.00806,-0.77718,0.66113,0.84736,0.30653,0.50295,0.50137,0.50107,0.40842,0.2,0.77277,0.80645,367979,307376,359463
Oramed Pharmaceuticals Inc,0,3,3,e,0.59625,Biotechnology,12.38,0.68947,ORMP,P,12.5,ORMP  211119P00012500,152979,11/19/2021 12:00:00 AM,170,0,2.95,3.3,1.64951,37.64915,5,3,0.81632,1.04114,149.9504,-0.13864,0.16091,4,9.63304,37.69238,0.80721,0.22859,0.31554,0.00969,-1.05809,0.98194,1.10348,0.54062,0.50362,0.50199,0.50177,0.62145,0.2,1.14962,1.19144,335712,302833,339595
Maxar Technologies Inc,0.001,1,5,,0.7433,Aerospace/Defense,38.93,0.68274,MAXR,P,35,MAXR  211119P00035000,192149,11/19/2021 12:00:00 AM,103,0,3.8,4.2,2.52681,31.50396,5,3,0.31797,0.41677,274.1202,-0.26678,0.35249,3,31.43252,27.89034,0.34219,0.20521,0.12844,-0.10095,-1.94258,0.63007,0.6773,0.47806,0.35021,0.38517,0.39298,0.28369,0.1,0.98275,0.97611,323691,302889,107775
ArcBest Corporation,0.0055,1,1,,0.4952,Trucking,58.45,0.4893,ARCB,P,55,ARCB  211119P00055000,492817,11/19/2021 12:00:00 AM,2,0,5.1,6.1,3.06145,35.80288,5,3,0.45389,0.6745,237.1358,-0.31853,0.43561,3,50.2654,22.51603,0.29,0.15292,0.10885,-0.05902,-2.46388,0.49374,0.56866,0.3396,0.3766,0.41439,0.42553,0.22956,0.14098,0.62558,0.61893,344683,305819,186945
RCI Hospitality Holdings Inc,0.00242,2,2,e,0.58836,Restaurant,65.31,0.5468,RICK,P,60,RICK  211119P00060000,370941,11/19/2021 12:00:00 AM,12,0,7.1,8,3.43697,33.51148,5,3,0.66392,0.82494,207.4186,-0.25432,0.33012,3,53.29861,23.78694,0.37528,0.19666,0.14086,-0.0813,-3.41505,0.63778,0.6995,0.3833,0.34992,0.40838,0.41634,0.30292,0.1187,0.92254,0.91589,338294,305257,285401
RCI Hospitality Holdings Inc,0.00242,2,2,e,0.58836,Restaurant,65.31,0.5468,RICK,P,65,RICK  211119P00065000,250352,11/19/2021 12:00:00 AM,50,0,9.6,10.5,5.50836,40.98594,5,3,0.70766,0.86455,182.9823,-0.23692,0.29855,3,55.83183,28.01161,0.47937,0.15838,0.17993,-0.00475,-3.56335,0.63023,0.68813,0.36906,0.48149,0.48916,0.49007,0.33495,0.19525,0.75947,0.75282,340995,305864,292375
CVR Partners LP,0,2,1,^,0.62658,Chemical (Basic),64.1,0.54053,UAN,P,65,UAN   211119P00065000,883835,11/19/2021 12:00:00 AM,0,0,13.2,15.1,6.88393,39.69619,5,3,0.96612,1.2622,141.8143,-0.16568,0.19564,4,52.23183,31.16004,0.65033,0.19189,0.26147,0.01404,-4.76014,0.8334,0.9589,0.42388,0.51121,0.5057,0.50496,0.51113,0.2,0.96608,1.02964,358522,307184,337632
CVR Partners LP,0,2,1,^,0.62658,Chemical (Basic),64.1,0.54053,UAN,P,70,UAN   211119P00070000,321934,11/19/2021 12:00:00 AM,22,0,16.3,18.7,10.07943,44.76594,5,3,0.92232,1.28001,131.6625,-0.15279,0.17643,4,54.16505,35.80529,0.53368,0.16225,0.31018,0.09204,-4.92027,0.83027,0.98476,0.43191,0.62083,0.56358,0.55367,0.56679,0.2,0.81788,1.27145,359018,307106,338847
Expedia Group Inc,0,1,3,,0.42224,Internet,165.18,0.41535,EXPE,P,150,EXPE  211119P00150000,144976,11/19/2021 12:00:00 AM,192,0,9.2,9.45,5.42109,29.87779,5,3,0.35964,0.38295,308.2497,-0.42247,0.65967,3,141.7965,17.02149,0.19178,0.15424,0.07198,-0.0919,-5.12282,0.41828,0.42545,0.30764,0.29228,0.3438,0.3463,0.15159,0.1081,0.52188,0.51523,319710,304083,98197
Fuel Tech Inc,0,3,4,e,0.81786,Environmental,2.2,0.79608,FTEK,P,2,FTEK  211217P00002000,99505,12/17/2021 12:00:00 AM,385,0,0.45,0.55,0.21002,30.53302,5,3,0.82556,1.17715,137.2036,-0.12633,0.14368,4,1.566,31.03003,0.65993,0.30346,0.29832,-0.09091,-0.16684,1.00185,1.1948,0.54879,0.38974,0.43905,0.44884,0.69598,0.10909,1.883,1.875,344849,303147,347198
Ashford Hospitality Trust Inc,0,3,5,^,0.87369,R.E.I.T.,3,0.96887,AHT,P,2.5,AHT   211217P00002500,5751,12/17/2021 12:00:00 AM,9155,665,0.7,0.75,0.28743,25.29271,5,3,0.89793,1.00928,135.4543,-0.09801,0.11216,4,1.82,32.60231,0.87797,0.408,0.39689,-0.16667,-0.25856,1.32107,1.39858,0.69606,0.34212,0.41517,0.4198,0.89161,0.1,2.34133,2.33333,332951,304949,337412
National CineMedia Inc,0.03945,3,3,e,0.6329,Advertising,4.8,0.57076,NCMI,P,5,NCMI  211217P00005000,188959,12/17/2021 12:00:00 AM,107,20,1.1,1.25,0.63445,42.74247,5,3,0.95096,1.2615,123.8811,-0.15882,0.18563,4,3.94001,30.7445,0.52819,0.1875,0.29005,0.04167,-0.29841,0.75779,0.87841,0.38842,0.5769,0.5396,0.53417,0.53871,0.2,0.9455,1.14583,349241,305782,350962
RYB Education Inc,0,3,4,,0.61946,Educational Services,4.27,0.6305,RYB,P,5,RYB   211217P00005000,512254,12/17/2021 12:00:00 AM,1,0,1.5,1.8,0.97616,44.30828,5,3,1.00725,1.58375,97.9867,-0.11042,0.11996,5,3.54001,37.69158,0.50437,0.18033,0.43657,0.17096,-0.34506,0.92205,1.18687,0.45936,0.6862,0.59548,0.57446,0.83361,0.2,0.90964,1.75644,360423,306336,361132
Curis Inc,0,1,1,e,0.8932,Biotechnology,7.54,0.85381,CRIS,P,7.5,CRIS  211217P00007500,59635,12/17/2021 12:00:00 AM,838,0,2.1,2.3,1.51687,34.34379,5,3,0.38712,0.52312,172.5719,-0.11038,0.12592,3,5.46001,50.1642,0.87797,0.29182,0.39689,-0.00531,-0.62528,1.09409,1.20136,0.78875,0.48998,0.49278,0.49342,0.79417,0.19469,1.43852,1.43052,334198,304732,139844
Century Casinos Inc,0,2,2,e,0.58627,Hotel/Gaming,13.21,0.4747,CNTY,P,10,CNTY  211217P00010000,261675,12/17/2021 12:00:00 AM,44,0,0.85,1.1,0.26513,20.43993,5,3,0.62509,0.86018,219.3113,-0.24424,0.3163,3,9.23001,15.99424,0.2232,0.31534,0.1009,-0.243,-0.54429,0.68668,0.78602,0.42255,0.15671,0.26753,0.29394,0.31615,0.1,0.65145,0.64345,340732,304455,291620
Curis Inc,0,1,1,e,0.8932,Biotechnology,7.54,0.85381,CRIS,P,10,CRIS  211217P00010000,188075,12/17/2021 12:00:00 AM,108,0,3.9,4.1,3.32007,48.37765,5,3,0.34965,0.46958,139.7358,-0.08685,0.09592,3,6.18001,73.97212,0.53991,0.19098,0.64735,0.32626,-0.67564,1.11439,1.21342,0.82569,0.68942,0.64288,0.63167,1.0425,0.2,0.96291,2.58621,329243,303839,123464
Century Casinos Inc,0,2,2,e,0.58627,Hotel/Gaming,13.21,0.4747,CNTY,P,12.5,CNTY  211217P00012500,270188,12/17/2021 12:00:00 AM,40,0,1.8,2.25,0.75654,35.53578,5,3,0.96733,1.38568,140.6078,-0.20979,0.25695,4,10.80002,21.41031,0.38983,0.19801,0.17623,-0.05375,-0.67721,0.64007,0.77618,0.32535,0.38624,0.44158,0.45177,0.38917,0.14625,0.93968,0.93168,361620,307188,345077
Tanger Factory Outlet Centers,0.03767,1,3,,0.51144,R.E.I.T.,18.69,0.4926,SKT,P,16,SKT   211217P00016000,284848,12/17/2021 12:00:00 AM,33,1,1.35,1.5,0.72506,27.98382,5,3,0.42194,0.51962,250.3424,-0.30683,0.42501,3,14.77802,19.14508,0.22155,0.22416,0.10015,-0.14393,-0.66447,0.52532,0.56141,0.36944,0.27784,0.33928,0.34909,0.23529,0.1,0.73031,0.72231,333895,305380,138731
Tanger Factory Outlet Centers,0.03767,1,3,,0.51144,R.E.I.T.,18.69,0.4926,SKT,P,17,SKT   211217P00017000,159398,12/17/2021 12:00:00 AM,156,0,1.8,2,0.98175,33.84341,5,3,0.53077,0.65899,211.3164,-0.2833,0.37799,3,15.33602,21.6297,0.27966,0.19473,0.12642,-0.09042,-0.72726,0.5283,0.57255,0.34512,0.35586,0.40462,0.41187,0.26456,0.10958,0.88691,0.87891,343787,306492,182355
Tanger Factory Outlet Centers,0.03767,1,3,,0.51144,R.E.I.T.,18.69,0.4926,SKT,P,18,SKT   211217P00018000,130217,12/17/2021 12:00:00 AM,236,0,2.3,2.45,1.37235,39.70706,5,3,0.58119,0.67561,191.2798,-0.26892,0.35009,3,15.84402,24.5397,0.34177,0.16798,0.1545,-0.03692,-0.75104,0.52769,0.5592,0.33373,0.44931,0.46789,0.46969,0.28564,0.16308,0.76259,0.75459,344748,306776,187297
Liquidity Services Inc,0,2,2,e,0.57074,Internet,22.21,0.59971,LQDT,P,20,LQDT  211217P00020000,508110,12/17/2021 12:00:00 AM,1,0,3,3.3,1.39258,31.69597,5,3,0.7144,0.84684,177.6433,-0.20076,0.24937,3,17.16003,25.01752,0.40807,0.24258,0.18447,-0.0995,-1.17379,0.73071,0.78716,0.42622,0.34691,0.40919,0.4156,0.40101,0.1005,1.35209,1.34409,339824,305955,289290
Liquidity Services Inc,0,2,2,e,0.57074,Internet,22.21,0.59971,LQDT,P,22.5,LQDT  211217P00022500,712140,12/17/2021 12:00:00 AM,0,0,4.3,4.9,2.46467,40.16449,5,3,0.77355,1.0304,146.002,-0.17762,0.21211,4,18.38003,30.09361,0.5051,0.18055,0.24427,0.01306,-1.28122,0.71758,0.8215,0.4046,0.50729,0.50411,0.50359,0.47146,0.2,0.91075,0.96803,350087,306453,316286
Superior Group of Companies Inc,0.02008,2,2,e,0.54797,Industrial Services,24.1,0.44651,SGC,P,22.5,SGC   211217P00022500,476037,12/17/2021 12:00:00 AM,3,0,2.35,2.7,1.22175,35.64326,5,3,0.618,0.8083,193.8839,-0.29142,0.38952,3,20.33003,20.29752,0.27569,0.1719,0.12463,-0.06639,-0.91087,0.49755,0.55607,0.30751,0.37181,0.4199,0.42824,0.25673,0.13361,0.73782,0.72981,337047,304291,282473
MGM Resorts International,0.00023,1,3,,0.49666,Hotel/Gaming,42.42,0.40685,MGM,P,37,MGM   211217P00037000,28040,12/17/2021 12:00:00 AM,2137,8,2.25,2.29,1.15245,26.03062,5,3,0.40645,0.42065,282.0308,-0.39312,0.60166,3,35.04605,14.75985,0.16093,0.18881,0.07275,-0.12777,-1.14955,0.43064,0.43499,0.30619,0.24122,0.30875,0.31051,0.16621,0.1,0.53841,0.53041,324157,305115,108923
MGM Resorts International,0.00023,1,3,,0.49666,Hotel/Gaming,42.42,0.40685,MGM,P,38,MGM   211217P00038000,135635,12/17/2021 12:00:00 AM,218,0,2.59,2.64,1.35158,29.0217,5,3,0.44435,0.46164,262.74,-0.38389,0.57598,3,35.71405,15.88777,0.1795,0.17325,0.08114,-0.1042,-1.19883,0.42698,0.43209,0.29562,0.27648,0.34061,0.34239,0.17362,0.1,0.61856,0.61056,328495,305707,121129
MGM Resorts International,0.00023,1,3,,0.49666,Hotel/Gaming,42.42,0.40685,MGM,P,39,MGM   211217P00039000,74474,12/17/2021 12:00:00 AM,606,0,2.98,3.05,1.60313,32.1612,5,3,0.47955,0.50343,244.74,-0.37258,0.54728,3,36.33205,17.11393,0.20071,0.15887,0.09073,-0.08062,-1.24664,0.42515,0.43201,0.28735,0.31705,0.37384,0.37578,0.18272,0.11938,0.59647,0.58847,332458,306104,133738
Spirit Aerosystems Holdings Inc,0.00085,2,3,,0.54978,Aerospace/Defense,46.37,0.39683,SPR,P,42.5,SPR   211217P00042500,245665,12/17/2021 12:00:00 AM,53,0,3.7,4,1.61932,32.48264,5,3,0.68479,0.78091,204.4886,-0.32991,0.46276,3,39.14006,16.75924,0.22865,0.17125,0.10336,-0.08346,-1.54959,0.4694,0.49618,0.27861,0.30647,0.38199,0.38818,0.21609,0.11654,0.69268,0.68468,334872,305592,277080
ArcBest Corporation,0.0055,1,1,,0.4952,Trucking,58.45,0.48935,ARCB,P,50,ARCB  211217P00050000,421392,12/17/2021 12:00:00 AM,6,0,3.6,4.5,2.16313,26.38503,5,3,0.31089,0.4968,270.0461,-0.32151,0.45009,3,46.80007,18.46854,0.18933,0.21416,0.08559,-0.14457,-1.97097,0.49549,0.56576,0.37798,0.26234,0.31374,0.33542,0.22218,0.1,0.62391,0.61591,331886,302639,131674
ArcBest Corporation,0.0055,1,1,,0.4952,Trucking,58.45,0.48935,ARCB,P,55,ARCB  211217P00055000,421393,12/17/2021 12:00:00 AM,6,0,5.6,6,3.4524,35.73727,5,3,0.43645,0.51743,227.4322,-0.3075,0.41867,3,49.84008,22.38543,0.26847,0.16283,0.12136,-0.05902,-2.09092,0.48588,0.51327,0.33825,0.38523,0.41952,0.42376,0.23885,0.14098,0.68761,0.67961,333690,305614,138035
AMC Networks Inc,0,3,4,,0.45183,Entertainment,65.45,0.43535,AMCX,P,57.5,AMCX  211217P00057500,407465,12/17/2021 12:00:00 AM,8,0,6.3,7.9,2.2169,29.7589,5,3,0.84571,1.16333,169.6028,-0.24298,0.31083,4,51.66008,18.22732,0.28989,0.22572,0.13105,-0.12147,-2.93383,0.61047,0.71552,0.33075,0.26818,0.36881,0.38751,0.32172,0.1,0.97057,0.96257,344042,303738,346530
AMC Networks Inc,0,3,4,,0.45183,Entertainment,65.45,0.43535,AMCX,P,60,AMCX  211217P00060000,281976,12/17/2021 12:00:00 AM,35,0,8.2,9.2,2.77048,33.12238,5,3,1.10834,1.30972,144.8107,-0.22206,0.28011,4,52.28008,19.10303,0.36788,0.21656,0.1663,-0.08327,-3.18002,0.65662,0.71934,0.31144,0.32513,0.41486,0.42219,0.357,0.11673,1.0813,1.0733,351369,306890,352870
Century Communities Inc,0.00902,2,3,ev,0.51196,Homebuilding,63.01,0.44034,CCS,P,60,CCS   211217P00060000,254831,12/17/2021 12:00:00 AM,48,0,6.2,7.8,3.48468,37.21573,5,3,0.56652,0.89914,187.9375,-0.29027,0.38316,4,54.28008,20.77189,0.27263,0.15417,0.12324,-0.04777,-2.38911,0.47215,0.5724,0.3014,0.39708,0.43386,0.44536,0.26099,0.15223,0.65437,0.64637,343188,302843,298041
RCI Hospitality Holdings Inc,0.00242,2,2,e,0.58836,Restaurant,65.31,0.55305,RICK,P,60,RICK  211217P00060000,183684,12/17/2021 12:00:00 AM,114,0,7.8,8.8,3.97009,33.4141,5,3,0.62682,0.7893,189.0096,-0.23299,0.2965,3,52.68008,23.85519,0.34825,0.20874,0.15743,-0.0813,-3.043,0.62717,0.68981,0.38552,0.36174,0.41392,0.42163,0.33726,0.1187,1.01419,1.00619,335563,304490,278736
AMC Networks Inc,0,3,4,,0.45183,Entertainment,65.45,0.43535,AMCX,P,62.5,AMCX  211217P00062500,416708,12/17/2021 12:00:00 AM,7,0,9.4,10.5,3.56903,36.40357,5,3,1.17427,1.39643,133.6714,-0.21465,0.26742,5,53.60009,20.18847,0.4093,0.1967,0.18503,-0.04507,-3.26355,0.65113,0.71766,0.29947,0.39404,0.45081,0.45535,0.37395,0.15493,0.93502,0.92702,354692,307114,355906
AMC Networks Inc,0,3,4,,0.45183,Entertainment,65.45,0.43535,AMCX,P,65,AMCX  211217P00065000,526371,12/17/2021 12:00:00 AM,1,0,11.1,12.2,4.64739,39.44595,5,3,1.27815,1.49891,121.3606,-0.2003,0.24534,5,54.42009,21.4849,0.47326,0.18447,0.21394,-0.00688,-3.42404,0.67005,0.73498,0.29412,0.46997,0.48681,0.48797,0.4076,0.19312,0.88617,0.87816,358123,307274,359056
RCI Hospitality Holdings Inc,0.00242,2,2,e,0.58836,Restaurant,65.31,0.55305,RICK,P,65,RICK  211217P00065000,334120,12/17/2021 12:00:00 AM,19,0,10.4,11.3,6.10576,40.31108,5,3,0.67119,0.81322,168.5083,-0.21749,0.27005,3,55.12009,27.8654,0.43906,0.17199,0.19848,-0.00475,-3.16981,0.62382,0.67684,0.37328,0.48146,0.48891,0.48977,0.3703,0.19525,0.82356,0.81556,337438,305367,283342
AMC Networks Inc,0,3,4,,0.45183,Entertainment,65.45,0.43535,AMCX,P,67.5,AMCX  211217P00067500,445033,12/17/2021 12:00:00 AM,4,0,12.3,13.2,6.0156,42.90342,5,3,1.22052,1.39734,120.7585,-0.19953,0.243,5,55.74009,23.41494,0.42847,0.15661,0.23083,0.03132,-3.36456,0.65441,0.70652,0.29471,0.54588,0.5207,0.51917,0.41151,0.2,0.79104,0.93965,354726,307195,355930
Allakos Inc,0,3,3,e,0.69231,Biotechnology,85.5,0.69846,ALLK,P,75,ALLK  211217P00075000,520980,12/17/2021 12:00:00 AM,1,0,18.5,23.3,8.40508,27.87223,5,3,0.81785,1.21765,131.9639,-0.10871,0.12045,4,57.1001,32.10054,0.74202,0.34718,0.33543,-0.12281,-7.12525,1.13056,1.3792,0.62192,0.36976,0.42744,0.44041,0.83019,0.1,2.17174,2.16374,347029,302886,349071
Allakos Inc,0,3,3,e,0.69231,Biotechnology,85.5,0.69846,ALLK,P,80,ALLK  211217P00080000,735363,12/17/2021 12:00:00 AM,0,0,21.5,25.9,10.55262,30.61679,5,3,0.85571,1.21312,125.4363,-0.10494,0.11696,4,59.14011,34.61455,0.8307,0.32379,0.37552,-0.06433,-7.34958,1.13293,1.35113,0.61051,0.428,0.46105,0.46732,0.85499,0.13567,1.86145,1.85345,346779,303997,348865
Allakos Inc,0,3,3,e,0.69231,Biotechnology,85.5,0.69846,ALLK,P,85,ALLK  211217P00085000,613212,12/17/2021 12:00:00 AM,0,0,24,28.7,13.12719,33.50901,5,3,0.82206,1.19243,122.5608,-0.10354,0.11487,4,61.68012,37.60704,0.88804,0.29455,0.40144,-0.00585,-7.45415,1.10424,1.3287,0.60604,0.48643,0.49255,0.49381,0.87051,0.19415,1.45378,1.44578,345680,303032,347922
AeroVironment Inc,0,1,4,^,0.47043,Aerospace/Defense,96.72,0.43514,AVAV,P,85,AVAV  211217P00085000,363149,12/17/2021 12:00:00 AM,13,0,5.3,6,3.22167,27.13761,5,3,0.30622,0.40546,287.5605,-0.37947,0.56859,3,80.38012,16.46248,0.1648,0.18397,0.0745,-0.12117,-2.74659,0.42789,0.4604,0.32758,0.26671,0.31675,0.32884,0.17587,0.1,0.55597,0.54797,322421,302465,104486
AeroVironment Inc,0,1,4,^,0.47043,Aerospace/Defense,96.72,0.43514,AVAV,P,90,AVAV  211217P00090000,265907,12/17/2021 12:00:00 AM,42,0,7.2,7.9,4.44939,33.75622,5,3,0.38481,0.48131,247.9694,-0.35973,0.51778,3,83.52012,19.07789,0.21006,0.15192,0.09496,-0.06948,-2.95424,0.42263,0.45208,0.30519,0.34829,0.38913,0.39618,0.19313,0.13052,0.57834,0.57034,330409,304679,127042
Madrigal Pharmaceuticals Inc,0,3,3,e,0.62877,Drug,97.2,0.56642,MDGL,P,100,MDGL  211217P00100000,427412,12/17/2021 12:00:00 AM,6,0,22.2,24.9,12.69497,39.86714,5,3,0.83174,1.07252,136.0412,-0.15222,0.17827,4,78.60014,32.821,0.56931,0.19959,0.29335,0.02881,-6.33192,0.81432,0.92136,0.44456,0.5272,0.51486,0.51313,0.56095,0.2,1.00594,1.14198,338117,303346,341564
Chembio Diagnostics Inc,0,3,4,e,0.69399,Medical Supplies  (Noninvasive),2.85,0.64738,CEMI,P,2.5,CEMI  220121P00002500,106278,1/21/2022 12:00:00 AM,343,0,0.5,0.65,0.20079,28.92829,5,3,0.90097,1.35619,122.0097,-0.13514,0.15318,5,2.02425,24.48351,0.47395,0.30794,0.2597,-0.12281,-0.16864,0.8688,1.07685,0.45703,0.33872,0.41339,0.42993,0.65282,0.1,1.76408,1.75439,353239,305004,354502
Hallmark Financial Services Inc,0,3,3,e,0.60388,Insurance (Prop/Cas.),4.38,0.54936,HALL,P,5,HALL  220121P00005000,704586,1/21/2022 12:00:00 AM,0,100,1.3,1.55,0.866,45.87149,5,3,0.87298,1.37433,101.6979,-0.13362,0.14953,5,3.74849,32.95017,0.35311,0.15525,0.36105,0.14155,-0.24829,0.72651,0.92098,0.38789,0.66542,0.59023,0.57141,0.66875,0.2,0.78595,1.48402,353917,304411,355163
EyePoint Pharmaceuticals Inc,0,3,3,e,0.77464,Drug,8.83,0.73104,EYPT,P,10,EYPT  220121P00010000,463020,1/21/2022 12:00:00 AM,3,0,3.7,3.9,2.34522,37.45548,5,3,0.82294,0.94873,103.7093,-0.08252,0.09202,4,6.39699,44.5096,0.7506,0.28652,0.597,0.1325,-0.71509,1.16978,1.2505,0.6417,0.59543,0.5527,0.54932,1.08669,0.2,1.44231,2.09513,327180,303060,332836
Tanger Factory Outlet Centers,0.03767,1,3,,0.51144,R.E.I.T.,18.69,0.49565,SKT,P,17,SKT   220121P00017000,36103,1/21/2022 12:00:00 AM,1597,0,2,2.15,1.14176,34.09985,5,3,0.5046,0.59208,193.7217,-0.26279,0.34447,3,15.16488,21.75634,0.26103,0.20713,0.14303,-0.09042,-0.63647,0.51838,0.54852,0.34453,0.37119,0.41353,0.41821,0.2903,0.10958,0.98626,0.97656,339506,306320,161996
Meridian Bioscience Inc,0,3,4,,0.49897,Medical Supplies  (Noninvasive),22,0.4588,VIVO,P,17.5,VIVO  220121P00017500,333742,1/21/2022 12:00:00 AM,19,0,2.15,2.55,0.6353,23.97644,5,3,0.8328,1.03664,162.7478,-0.20134,0.25149,4,15.51973,17.23418,0.27332,0.31197,0.14976,-0.20455,-0.91297,0.7114,0.79052,0.38815,0.20321,0.32528,0.34177,0.39763,0.1,0.98697,0.97727,335376,303383,339311
Meridian Bioscience Inc,0,3,4,,0.49897,Medical Supplies  (Noninvasive),22,0.4588,VIVO,P,20,VIVO  220121P00020000,275582,1/21/2022 12:00:00 AM,37,0,2.8,3.7,1.09146,32.21916,5,3,0.91052,1.38495,132.1758,-0.19901,0.24022,5,17.39397,19.39116,0.31479,0.22788,0.17249,-0.09091,-0.96902,0.62092,0.77511,0.325,0.33124,0.40964,0.42739,0.41628,0.10909,1.17637,1.16667,354323,305201,355539
Devon Energy Corp,0.01507,2,3,,0.55618,Natural Gas (Div.),28.62,0.55314,DVN,P,22,DVN1  220121P00022000,851475,1/21/2022 12:00:00 AM,0,0,6.95,8.45,1.47893,21.20141,5,3,1.61798,2.07714,78.01541,-0.07507,0.08192,5,15.26337,21.07185,0.86047,0.48384,0.47149,-0.23131,-2.27933,1.40507,1.6515,0.5367,0.25277,0.39963,0.41435,1.22065,0.1,2.43807,2.42837,371032,307546,365705
Meridian Bioscience Inc,0,3,4,,0.49897,Medical Supplies  (Noninvasive),22,0.4588,VIVO,P,22.5,VIVO  220121P00022500,385194,1/21/2022 12:00:00 AM,10,0,4.4,5,2.16531,40.65347,5,3,1.12295,1.42963,109.6563,-0.17447,0.2079,5,18.31822,23.31778,0.41093,0.17727,0.25279,0.02273,-1.04738,0.65754,0.75253,0.30973,0.52222,0.51047,0.50915,0.48101,0.2,0.89606,1,355885,306950,357043
Devon Energy Corp,0.01507,2,3,,0.55618,Natural Gas (Div.),28.62,0.55314,DVN,P,25,DVN1  220121P00025000,514816,1/21/2022 12:00:00 AM,1,0,9.75,11.25,2.31515,23.39579,5,3,2.117,2.58712,58.25407,-0.06074,0.06624,5,15.49247,21.4665,1.1845,0.47685,0.64904,-0.12648,-2.61335,1.54438,1.77731,0.49547,0.35471,0.45242,0.45863,1.50971,0.1,3.41641,3.40671,373758,307609,371057
Norwegian Cruise Line Holdings Ltd,0,3,3,,0.64559,Recreation,28.58,0.42826,NCLH,P,27.5,NCLH  220121P00027500,4785,1/21/2022 12:00:00 AM,10429,504,3.65,3.75,1.7782,37.48339,5,3,0.80167,0.8447,157.0846,-0.2545,0.32904,4,24.11671,20.18064,0.297,0.1752,0.16274,-0.03779,-0.99301,0.5238,0.53631,0.29073,0.41135,0.45051,0.45166,0.30391,0.16221,0.79702,0.78732,314785,302308,323355
TripAdvisor Inc,0,1,3,,0.53441,Internet,39.85,0.50906,TRIP,P,37.5,TRIP  220121P00037500,181389,1/21/2022 12:00:00 AM,117,0,4.3,4.6,2.75859,35.36627,5,3,0.40276,0.48075,207.2892,-0.2753,0.36401,3,33.5637,22.93437,0.25407,0.17657,0.13922,-0.05897,-1.29435,0.49122,0.51853,0.35018,0.39285,0.42315,0.42716,0.27472,0.14103,0.77482,0.76512,330362,305037,126868
TripAdvisor Inc,0,1,3,,0.53441,Internet,39.85,0.50906,TRIP,P,39,TRIP  220121P00039000,90008,1/21/2022 12:00:00 AM,453,0,5.05,5.3,3.40018,39.37162,5,3,0.42026,0.48422,195.0056,-0.26566,0.34526,3,34.32825,25.13513,0.28917,0.15775,0.15845,-0.02133,-1.31915,0.48962,0.51167,0.34474,0.45125,0.46563,0.46711,0.28964,0.17867,0.71897,0.70927,330713,305350,127936
MGM Resorts International,0.00023,1,3,,0.49666,Hotel/Gaming,42.42,0.41038,MGM,P,40,MGM   220121P00040000,10294,1/21/2022 12:00:00 AM,5666,0,3.75,3.85,2.19801,35.38267,5,3,0.4741,0.50433,209.3251,-0.33339,0.4661,3,36.63795,18.52807,0.20649,0.15515,0.11315,-0.05705,-1.13805,0.41683,0.42538,0.28277,0.37207,0.41239,0.41412,0.21455,0.14295,0.6281,0.6184,332533,306054,134009
Criteo SA,0,2,3,,0.52679,Advertising,44.3,0.53622,CRTO,P,42.5,CRTO  220121P00042500,530202,1/21/2022 12:00:00 AM,1,0,6.2,6.5,3.62662,36.89251,5,3,0.56688,0.63323,175.4615,-0.22891,0.28941,3,36.71219,24.9776,0.32941,0.19029,0.1805,-0.04063,-1.69895,0.57285,0.59711,0.3656,0.425,0.45197,0.45391,0.34553,0.15937,0.88789,0.87819,319753,302864,244427
National Beverage Corporation,0,3,3,,0.46188,Beverage,45.08,0.42831,FIZZ,P,42.5,FIZZ  220121P00042500,353394,1/21/2022 12:00:00 AM,15,0,6.1,6.5,2.49327,35.30777,5,3,0.984,1.09296,139.5606,-0.22482,0.28412,4,36.81219,19.36435,0.32354,0.20225,0.17728,-0.05723,-1.76367,0.58758,0.61985,0.29616,0.37711,0.43731,0.44055,0.35197,0.14277,0.95749,0.94779,339577,306147,342824
Spirit Aerosystems Holdings Inc,0.00085,2,3,,0.54978,Aerospace/Defense,46.37,0.3958,SPR,P,44,SPR   220121P00044000,477845,1/21/2022 12:00:00 AM,3,0,4.8,5.1,2.37123,36.2691,5,3,0.70149,0.78742,171.9706,-0.29289,0.39293,3,39.62674,18.18895,0.24117,0.16432,0.13215,-0.05111,-1.41497,0.46078,0.48405,0.27081,0.37913,0.42823,0.43165,0.2545,0.14889,0.70495,0.69525,335434,305795,278376
National Beverage Corporation,0,3,3,,0.46188,Beverage,45.08,0.42831,FIZZ,P,44.5,FIZZ  220121P00044500,339501,1/21/2022 12:00:00 AM,18,0,7.2,7.5,3.32281,39.23086,5,3,1.03362,1.11421,129.8559,-0.21564,0.26843,4,37.73159,21.04809,0.36998,0.18228,0.20273,-0.01287,-1.80502,0.58918,0.61253,0.28972,0.45795,0.47929,0.48008,0.37254,0.18713,0.86318,0.85349,340971,306510,343929
Criteo SA,0,2,3,,0.52679,Advertising,44.3,0.53622,CRTO,P,45,CRTO  220121P00045000,761437,1/21/2022 12:00:00 AM,0,0,7.5,7.9,4.86695,42.02765,5,3,0.56319,0.64943,162.8474,-0.21703,0.26911,3,37.93644,28.15697,0.34863,0.1535,0.2097,0.0158,-1.73492,0.56553,0.59673,0.36178,0.50891,0.5057,0.5054,0.3716,0.2,0.77719,0.8465,321736,302727,248446
National Beverage Corporation,0,3,3,,0.46188,Beverage,45.08,0.42831,FIZZ,P,45,FIZZ  220121P00045000,284500,1/21/2022 12:00:00 AM,34,0,7.5,7.8,3.56826,40.18359,5,3,1.04219,1.12267,127.4973,-0.21265,0.26358,4,37.93644,21.51608,0.3827,0.17784,0.2097,-0.00177,-1.81801,0.59048,0.61375,0.28914,0.47862,0.48953,0.48992,0.37939,0.19823,0.849,0.8393,341559,306576,344384
Sunrun Inc,0,3,4,,0.64021,Power,55.87,0.68201,RUN,P,45,RUN1  220121P00045000,751160,1/21/2022 12:00:00 AM,0,0,15.9,17.2,5.39939,22.01762,5,3,1.17976,1.33391,95.08398,-0.07044,0.07873,5,29.53644,28.06921,1.01486,0.48885,0.55609,-0.19456,-4.61856,1.50059,1.60671,0.68842,0.32866,0.41937,0.42463,1.27019,0.1,2.85559,2.84589,352373,307128,353771
Spirit Aerosystems Holdings Inc,0.00085,2,3,,0.54978,Aerospace/Defense,46.37,0.3958,SPR,P,45,SPR   220121P00045000,32801,1/21/2022 12:00:00 AM,1790,0,5.2,5.7,2.77716,38.70792,5,3,0.6863,0.82807,165.0926,-0.28573,0.37823,3,40.23644,19.2493,0.25614,0.15139,0.14035,-0.02954,-1.43683,0.45284,0.49091,0.26854,0.42179,0.45343,0.45702,0.26439,0.17046,0.66759,0.65789,338532,305611,285951
AMC Entertainment Holdings Inc,0,3,3,e,0.89922,Recreation,52.36,1.12727,AMC,P,50,AMC   220121P00050000,43586,1/21/2022 12:00:00 AM,1259,0,21.05,21.55,9.97043,26.16007,5,3,1.0655,1.11734,91.20445,-0.06111,0.06786,4,29.43493,37.00051,1.34469,0.4568,0.73681,-0.04507,-4.86666,1.57757,1.61716,0.76377,0.46068,0.48094,0.4814,1.47371,0.15493,2.60462,2.59492,341185,306696,344099
Sunrun Inc,0,3,4,,0.64021,Power,55.87,0.68201,RUN,P,50,RUN1  220121P00050000,899355,1/21/2022 12:00:00 AM,0,0,20.2,21.6,7.46035,24.0414,5,3,1.35498,1.51705,80.13949,-0.06117,0.06776,5,30.28493,29.88747,1.25478,0.47632,0.68755,-0.10507,-5.09465,1.58092,1.68972,0.67131,0.40404,0.45892,0.46156,1.4758,0.1,3.62523,3.61554,358672,307346,359546
AMC Entertainment Holdings Inc,0,3,3,e,0.89922,Recreation,52.36,1.12727,AMC,P,55,AMC   220121P00055000,54457,1/21/2022 12:00:00 AM,950,32,24.85,25.15,12.94677,28.71642,5,3,1.09412,1.12385,85.0908,-0.05729,0.06329,4,30.68342,40.52791,1.36209,0.42418,0.83391,0.05042,-5.11227,1.59595,1.61861,0.76211,0.5279,0.51333,0.51315,1.58002,0.2,2.13059,2.37299,341648,306844,344453
Louisiana Pacific Corp,0.01062,3,1,,0.41687,Paper/Forest Products,58.57,0.35029,LPX,P,55,LPX   220121P00055000,275173,1/21/2022 12:00:00 AM,37,0,5.6,6.1,2.43454,35.70131,5,3,0.81959,0.94757,161.7141,-0.30465,0.41358,4,49.93342,16.07683,0.22458,0.16626,0.12306,-0.06095,-1.72276,0.44247,0.47359,0.24317,0.35534,0.41923,0.42447,0.24179,0.13905,0.69732,0.68762,327048,302942,332733
Sunrun Inc,0,3,4,,0.64021,Power,55.87,0.68201,RUN,P,55,RUN1  220121P00055000,461793,1/21/2022 12:00:00 AM,3,0,24.8,26.2,10.03296,25.60741,5,3,1.50451,1.66281,69.23899,-0.05356,0.05896,5,30.73342,31.51561,1.51638,0.46916,0.83089,-0.01557,-5.5202,1.66447,1.76968,0.66459,0.47942,0.49178,0.49227,1.69609,0.18443,2.41653,2.40683,362202,307414,362845
Sunrun Inc,0,3,4,,0.64021,Power,55.87,0.68201,RUN,P,60,RUN1  220121P00060000,384916,1/21/2022 12:00:00 AM,10,0,29.5,30.9,13.08691,26.8745,5,3,1.61249,1.76653,61.48275,-0.04759,0.0521,5,31.08192,33.15119,1.53574,0.45409,0.97691,0.07392,-5.89099,1.74023,1.84284,0.66612,0.54972,0.51908,0.51801,1.91949,0.2,2.28015,2.64006,364222,307452,364741
Atkore Inc,0,1,2,e,0.49787,Metal Fabricating,69.14,0.4578,ATKR,P,65,ATKR  220121P00065000,432646,1/21/2022 12:00:00 AM,5,1,6.5,7.4,4.11849,35.21225,5,3,0.39936,0.54928,207.1738,-0.3011,0.40689,3,59.13041,20.60764,0.22048,0.16359,0.12081,-0.05988,-2.06123,0.44224,0.48962,0.31603,0.38003,0.41362,0.42186,0.24577,0.14012,0.68063,0.67093,336346,304969,148207
Sunrun Inc,0,3,4,,0.64021,Power,55.87,0.68201,RUN,P,65,RUN1  220121P00065000,634209,1/21/2022 12:00:00 AM,0,0,34.2,35.7,16.55721,27.93467,5,3,1.6773,1.83737,55.86154,-0.04287,0.04665,5,31.43041,34.86298,1.50318,0.44872,1.12009,0.16342,-6.21497,1.80431,1.91219,0.67393,0.61178,0.54223,0.53986,2.14341,0.2,2.2533,3.06068,365455,307482,365822
Allakos Inc,0,3,3,e,0.69231,Biotechnology,85.5,0.69869,ALLK,P,75,ALLK  220121P00075000,515866,1/21/2022 12:00:00 AM,1,0,20.5,24.8,9.54335,27.12997,5,3,0.81341,1.14435,118.0436,-0.09741,0.10833,4,55.2274,31.13214,0.70417,0.37227,0.38585,-0.12281,-6.20822,1.1237,1.32877,0.61966,0.3795,0.43283,0.44312,0.92314,0.1,2.40736,2.39766,342904,302734,345550
Penn National Gaming Inc,0,2,3,,0.63866,Hotel/Gaming,74.7,0.41476,PENN,P,75,PENN  220121P00075000,76500,1/21/2022 12:00:00 AM,581,0,12.05,12.3,5.9344,41.15782,5,3,1.0064,1.04785,131.5956,-0.22559,0.28234,4,63.6774,21.32661,0.35835,0.1573,0.20112,0.00402,-2.84283,0.56141,0.57301,0.27981,0.48904,0.49454,0.49465,0.35418,0.2,0.79618,0.80656,350851,307247,318260
Live Nation Entertainment Inc,0,2,3,,0.41263,Entertainment,86.09,0.33293,LYV,P,80,LYV   220121P00080000,81869,1/21/2022 12:00:00 AM,525,0,6.8,7.2,2.93465,33.56823,5,3,0.72587,0.79927,182.0676,-0.34566,0.49146,3,73.97589,14.60156,0.18724,0.15943,0.10259,-0.07074,-2.2308,0.40539,0.42263,0.23489,0.31642,0.39096,0.39531,0.20347,0.12926,0.62077,0.61107,336344,306069,280760
Allakos Inc,0,3,3,e,0.69231,Biotechnology,85.5,0.69869,ALLK,P,85,ALLK  220121P00085000,495943,1/21/2022 12:00:00 AM,2,0,26,30.3,14.41099,32.37498,5,3,0.80297,1.11481,110.8379,-0.09357,0.10389,4,59.82438,36.34631,0.82194,0.31964,0.45038,-0.00585,-6.4813,1.09303,1.28208,0.60624,0.48617,0.49233,0.49346,0.96258,0.19415,1.57596,1.56627,341012,302350,343963
Madrigal Pharmaceuticals Inc,0,3,3,e,0.62877,Drug,97.2,0.57682,MDGL,P,95,MDGL  220121P00095000,444071,1/21/2022 12:00:00 AM,5,0,22.1,24.5,11.24199,35.17655,5,3,0.87637,1.07467,123.6984,-0.13615,0.15862,4,73.82137,29.52354,0.57096,0.2597,0.31285,-0.02263,-5.69742,0.85041,0.94028,0.45322,0.4613,0.47935,0.48133,0.63046,0.17737,1.2916,1.2819,338272,304479,341695
Madrigal Pharmaceuticals Inc,0,3,3,e,0.62877,Drug,97.2,0.57682,MDGL,P,100,MDGL  220121P00100000,523747,1/21/2022 12:00:00 AM,1,0,24.6,28,13.99003,38.14247,5,3,0.83351,1.10745,118.629,-0.1317,0.15139,4,76.36986,31.96763,0.54535,0.22428,0.33596,0.02881,-5.80744,0.82981,0.95379,0.45258,0.52226,0.51214,0.51057,0.66054,0.2,1.1311,1.26543,340559,303405,343573
Madrigal Pharmaceuticals Inc,0,3,3,e,0.62877,Drug,97.2,0.57682,MDGL,P,105,MDGL  220121P00105000,928693,1/21/2022 12:00:00 AM,0,0,28.9,31,17.15039,40.71414,5,3,0.90408,1.06877,112.0338,-0.12345,0.1417,4,77.11836,34.40495,0.52371,0.21708,0.38946,0.08025,-5.99052,0.86887,0.94402,0.45632,0.57918,0.54179,0.53847,0.70569,0.2,1.09509,1.48663,337834,305057,341344
Madrigal Pharmaceuticals Inc,0,3,3,e,0.62877,Drug,97.2,0.57682,MDGL,P,115,MDGL  220121P00115000,714383,1/21/2022 12:00:00 AM,0,0,35.9,38,24.50944,45.92488,5,3,0.84329,0.99833,106.4117,-0.1136,0.12865,4,80.21534,40.34501,0.4353,0.18621,0.46355,0.18313,-6.10911,0.87444,0.94799,0.47439,0.6741,0.5967,0.58933,0.77728,0.2,0.94077,1.84671,332029,303688,336654
Expedia Group Inc,0,1,3,,0.42224,Internet,165.18,0.41509,EXPE,P,150,EXPE  220121P00150000,27059,1/21/2022 12:00:00 AM,2221,0,11.4,11.7,7.09934,30.73022,5,3,0.34046,0.36359,248.2302,-0.36318,0.53051,3,140.0548,17.0712,0.16781,0.17061,0.09195,-0.0919,-4.05496,0.40211,0.40905,0.29998,0.31639,0.36075,0.36302,0.1885,0.1081,0.64814,0.63844,317293,303620,92859
Expedia Group Inc,0,1,3,,0.42224,Internet,165.18,0.41509,EXPE,P,155,EXPE  220121P00155000,70411,1/21/2022 12:00:00 AM,660,0,13.5,13.8,8.54603,34.65165,5,3,0.38257,0.4055,227.9057,-0.35062,0.49939,3,143.0033,18.58163,0.19182,0.15306,0.1051,-0.06163,-4.20997,0.40035,0.40699,0.28957,0.36617,0.40231,0.40387,0.20024,0.13837,0.60035,0.59065,322428,304627,104503
Teladoc Health Inc,0,3,5,,0.5656,Healthcare Information,161.13,0.59193,TDOC,P,185,TDOC1 220121P00185000,484863,1/21/2022 12:00:00 AM,2,0,76.5,80.3,41.94721,35.14683,5,3,1.26184,1.40792,78.81001,-0.06879,0.07605,5,110.2943,38.24756,0.90295,0.32663,0.71477,0.14814,-14.52231,1.32915,1.41499,0.58764,0.61611,0.55193,0.5488,1.31487,0.2,1.64285,2.37386,355131,307252,356303
Teladoc Health Inc,0,3,5,,0.5656,Healthcare Information,161.13,0.59193,TDOC,P,190,TDOC1 220121P00190000,645331,1/21/2022 12:00:00 AM,0,0,81.5,84.95,45.60781,35.66227,5,3,1.29946,1.43073,75.75935,-0.06581,0.07261,5,110.3427,39.03499,0.90295,0.32663,0.76085,0.17917,-14.86145,1.35914,1.43673,0.59107,0.63853,0.56126,0.55798,1.37718,0.2,1.64285,2.52901,355921,307295,357071
Teladoc Health Inc,0,3,5,,0.5656,Healthcare Information,161.13,0.59193,TDOC,P,195,TDOC1 220121P00195000,736058,1/21/2022 12:00:00 AM,0,0,86.5,89.9,49.38958,36.08523,5,3,1.33253,1.4605,72.80669,-0.06292,0.06923,5,110.3912,39.75991,0.90295,0.32663,0.80693,0.2102,-15.21004,1.38783,1.46397,0.59499,0.65952,0.56996,0.56636,1.44444,0.2,1.64285,2.68417,356894,307328,357949
Teladoc Health Inc,0,3,5,,0.5656,Healthcare Information,161.13,0.59193,TDOC,P,200,TDOC1 220121P00200000,250824,1/21/2022 12:00:00 AM,50,0,91.5,94.85,53.28062,36.47731,5,3,1.36163,1.48625,70.16903,-0.06027,0.06618,5,110.4397,40.48441,0.90295,0.32663,0.85302,0.24123,-15.54183,1.41537,1.49006,0.59932,0.67913,0.57809,0.57422,1.51108,0.2,1.64285,2.83932,357736,307351,358713
Teladoc Health Inc,0,3,5,,0.5656,Healthcare Information,161.13,0.59193,TDOC,P,210,TDOC1 220121P00210000,888271,1/21/2022 12:00:00 AM,0,0,101,104.75,61.35123,37.29346,5,3,1.39087,1.52717,66.02077,-0.05594,0.06113,5,111.0367,42.06081,0.89052,0.32353,0.9363,0.3033,-16.1136,1.45611,1.53912,0.60903,0.71433,0.59358,0.58862,1.63577,0.2,1.62734,3.13412,358935,307370,359802
Boeing Co,0,2,3,,0.46197,Aerospace/Defense,234.98,0.32243,BA,P,215,BA    220121P00215000,38548,1/21/2022 12:00:00 AM,1474,10,14.6,14.95,6.56207,30.91615,5,3,0.59503,0.62004,212.2876,-0.39858,0.60387,3,202.4852,13.09413,0.15066,0.15686,0.08255,-0.08503,-5.20976,0.3648,0.37052,0.22871,0.28023,0.35756,0.35966,0.1656,0.11497,0.55012,0.54042,318080,303725,241122
Chembio Diagnostics Inc,0,3,4,e,0.69399,Medical Supplies  (Noninvasive),2.85,0.65296,CEMI,P,2.5,CEMI  220218P00002500,720116,2/18/2022 12:00:00 AM,0,0,0.55,0.7,0.22279,28.41716,5,3,0.91953,1.34773,110.6591,-0.12248,0.138,5,1.97764,24.14459,0.46923,0.32685,0.29311,-0.12281,-0.15698,0.8807,1.07716,0.45881,0.34759,0.41913,0.43373,0.72462,0.1,1.94088,1.92982,352895,305336,354227
Hersha Hospitality Trust,0,1,2,,0.60714,R.E.I.T.,10.73,0.57557,HT,P,10,HT    220218P00010000,564390,2/18/2022 12:00:00 AM,0,0,1.3,1.5,0.90257,34.26824,5,3,0.32298,0.48531,193.732,-0.23327,0.29612,3,8.81056,25.08118,0.25691,0.20025,0.16048,-0.06803,-0.35468,0.52288,0.58704,0.39523,0.39706,0.42182,0.43027,0.3377,0.13197,0.92914,0.91808,330801,303062,128287
Kaleyra Inc,0,2,3,v,0.52607,Financial Svcs. (Div.),12.4,0.48181,KLR,P,10,KLR   220218P00010000,627210,2/18/2022 12:00:00 AM,0,0,1.25,1.55,0.44159,24.71203,5,3,0.72324,0.97576,156.9386,-0.19749,0.24389,4,8.86056,17.57346,0.2464,0.30541,0.15391,-0.19355,-0.46043,0.66174,0.75871,0.38401,0.22808,0.33271,0.35302,0.41002,0.1,1.01912,1.00806,347475,306051,309247
Kaleyra Inc,0,2,3,v,0.52607,Financial Svcs. (Div.),12.4,0.48181,KLR,P,12.5,KLR   220218P00012500,777032,2/18/2022 12:00:00 AM,0,0,2.65,2.9,1.2468,38.5156,5,3,1.12928,1.33467,104.0576,-0.15833,0.18742,4,9.98821,23.18354,0.43214,0.20565,0.28009,0.00806,-0.55946,0.6921,0.75886,0.32504,0.4953,0.49779,0.49799,0.53357,0.2,1.03928,1.06855,360450,307359,342334
Builders First Source Inc,0,1,3,,0.49792,Building Materials,41.97,0.49298,BLDR,P,40,BLDR  220218P00040000,730356,2/18/2022 12:00:00 AM,0,0,4.5,4.8,3.22199,36.53708,5,3,0.30419,0.37545,207.859,-0.28556,0.38014,3,35.94226,22.81673,0.22063,0.16521,0.13782,-0.04694,-1.13889,0.4398,0.46383,0.33722,0.41221,0.43246,0.43593,0.26306,0.15306,0.71155,0.7005,318777,302398,96109
Builders First Source Inc,0,1,3,,0.49792,Building Materials,41.97,0.49298,BLDR,P,41,BLDR  220218P00041000,846516,2/18/2022 12:00:00 AM,0,0,5,5.3,3.66052,39.17339,5,3,0.31391,0.38424,199.1266,-0.27809,0.36552,3,36.45331,24.23962,0.24004,0.1533,0.14995,-0.02311,-1.15501,0.43903,0.46253,0.33414,0.44812,0.46047,0.46247,0.27358,0.17689,0.68455,0.67349,319868,302757,98578
Harley Davidson Inc,0.01309,2,2,,0.45002,Recreation,45.98,0.39359,HOG,P,43,HOG   220218P00043000,827932,2/18/2022 12:00:00 AM,0,0,4.8,5,2.42783,35.41767,5,3,0.65557,0.71027,167.5784,-0.28512,0.38059,3,38.67543,17.83149,0.21886,0.18026,0.13671,-0.06481,-1.25427,0.4501,0.46497,0.27187,0.3725,0.42213,0.42459,0.26275,0.13519,0.78326,0.7722,328366,305093,262393
Louisiana Pacific Corp,0.01062,3,1,,0.41687,Paper/Forest Products,58.57,0.35057,LPX,P,55,LPX   220218P00055000,474222,2/18/2022 12:00:00 AM,3,0,6,7.3,2.66702,35.67944,5,3,0.80859,1.12118,141.5272,-0.27301,0.35699,4,49.6081,16.03064,0.21373,0.17445,0.13351,-0.06095,-1.67198,0.4388,0.51464,0.24262,0.36278,0.42305,0.43428,0.28012,0.13905,0.7478,0.73674,341447,302548,344306
Louisiana Pacific Corp,0.01062,3,1,,0.41687,Paper/Forest Products,58.57,0.35057,LPX,P,57.5,LPX   220218P00057500,867359,2/18/2022 12:00:00 AM,0,0,7.2,8.3,3.67035,40.28285,5,3,0.83128,1.09182,133.8061,-0.26587,0.34337,4,50.93575,17.69462,0.24685,0.15226,0.1542,-0.01827,-1.67691,0.43438,0.49618,0.2372,0.45147,0.47346,0.47676,0.29123,0.18173,0.68749,0.67644,339483,303326,342746
CVR Partners LP,0,2,1,^,0.62658,Chemical (Basic),64.1,0.55808,UAN,P,60,UAN   220218P00060000,836351,2/18/2022 12:00:00 AM,0,0,13.4,15.8,6.38555,32.26985,5,3,0.85356,1.15228,116.5396,-0.13215,0.15255,4,47.26339,26.41885,0.47804,0.28407,0.29861,-0.06396,-3.35921,0.81944,0.9515,0.44209,0.41262,0.45258,0.45914,0.65552,0.13604,1.54775,1.5367,354907,306872,328862
RCI Hospitality Holdings Inc,0.00242,2,2,e,0.58836,Restaurant,65.31,0.56234,RICK,P,65,RICK  220218P00065000,511129,2/18/2022 12:00:00 AM,1,0,11.7,13.3,7.26582,38.90681,5,3,0.58358,0.79706,143.4119,-0.18496,0.2231,3,54.01867,27.34789,0.36911,0.19495,0.23057,-0.00475,-2.60098,0.60108,0.68211,0.37957,0.48099,0.48799,0.48942,0.44824,0.19525,0.92856,0.9175,336189,303408,280329
CVR Partners LP,0,2,1,^,0.62658,Chemical (Basic),64.1,0.55808,UAN,P,65,UAN   220218P00065000,890751,2/18/2022 12:00:00 AM,0,0,16.5,18.9,8.90575,36.43604,5,3,0.88537,1.17359,107.3629,-0.12362,0.14137,4,49.21867,29.52534,0.53262,0.24337,0.35126,0.01404,-3.50723,0.825,0.95112,0.43758,0.50333,0.50177,0.50153,0.70738,0.2,1.22791,1.28705,355691,306998,330723
CVR Partners LP,0,2,1,^,0.62658,Chemical (Basic),64.1,0.55808,UAN,P,70,UAN   220218P00070000,593295,2/18/2022 12:00:00 AM,0,0,19.9,22.2,12.03153,40.37342,5,3,0.88694,1.15219,100.9988,-0.11565,0.1311,4,50.87395,33.05163,0.46505,0.21841,0.40826,0.09204,-3.6137,0.83416,0.95142,0.44207,0.58721,0.54649,0.54078,0.7628,0.2,1.1031,1.55226,354904,307003,328856
Boeing Co,0,2,3,,0.46197,Aerospace/Defense,234.98,0.32254,BA,P,220,BA    220218P00220000,202518,2/18/2022 12:00:00 AM,91,0,18.25,18.55,8.71251,34.09856,5,3,0.63819,0.65796,182.9137,-0.36172,0.52189,3,204.1824,14.11744,0.16251,0.15247,0.10151,-0.06375,-5.02682,0.36625,0.37067,0.22357,0.33165,0.39521,0.39643,0.19161,0.13625,0.58108,0.57003,322736,304756,250497
Ruths Hospitality Group Inc,0,3,3,ev,0.55827,Restaurant,22.78,0.40918,RUTH,P,22.5,RUTH  220520P00022500,308397,5/20/2022 12:00:00 AM,25,0,3.9,4.5,2.01124,37.87099,5,3,0.83187,1.09981,105.7547,-0.18698,0.22607,4,18.94806,19.39275,0.25761,0.19896,0.22515,-0.01229,-0.62796,0.50655,0.58064,0.27652,0.45712,0.47656,0.47955,0.44234,0.18771,0.92754,0.91207,340028,303349,343173
Louisiana Pacific Corp,0.01062,3,1,,0.41687,Paper/Forest Products,58.57,0.35113,LPX,P,57.5,LPX   220520P00057500,778195,5/20/2022 12:00:00 AM,0,0,8.7,9.8,4.39151,39.1547,5,3,0.86267,1.08502,108.6751,-0.22011,0.27416,4,49.68949,17.21792,0.22169,0.18228,0.19375,-0.01827,-1.39008,0.44231,0.49511,0.23746,0.45584,0.47626,0.47879,0.36475,0.18173,0.83283,0.81736,339002,304169,342355
Winnebago Industries Inc,0.0075,2,3,,0.52922,Recreation,66.7,0.46195,WGO,P,65,WGO   220617P00065000,690900,6/17/2022 12:00:00 AM,0,0,11.1,11.5,6.77796,37.63445,5,3,0.55948,0.61173,128.3889,-0.19886,0.2448,3,54.99376,21.78198,0.23432,0.20873,0.22276,-0.02549,-1.58727,0.4874,0.50373,0.31254,0.45361,0.47021,0.47118,0.4085,0.17451,0.97044,0.95361,317038,302583,239017
Applied Materials Inc,0.00674,1,4,,0.41876,Semiconductor Equip,139.8,0.3638,AMAT,P,135,AMAT  220617P00135000,61685,6/17/2022 12:00:00 AM,800,0,16.9,17.15,12.21807,37.9171,5,3,0.31634,0.33339,165.6211,-0.27003,0.35375,3,120.3717,20.13468,0.16822,0.17205,0.15993,-0.03433,-2.50123,0.37746,0.38235,0.28675,0.43556,0.45096,0.45158,0.28268,0.16567,0.74653,0.72971,313129,302834,84885
Boeing Co,0,2,3,,0.46197,Aerospace/Defense,234.98,0.32279,BA,P,225,BA    220617P00225000,87833,6/17/2022 12:00:00 AM,472,0,26.05,26.4,13.39051,36.41753,5,3,0.67075,0.6891,134.2727,-0.28278,0.37586,3,202.7361,14.84824,0.15543,0.17016,0.14776,-0.04247,-4.04407,0.36785,0.37189,0.22017,0.38953,0.43332,0.43404,0.26605,0.15753,0.72058,0.70375,326188,305360,257714
Boeing Co,0,2,3,,0.46197,Aerospace/Defense,234.98,0.32279,BA,P,230,BA    220617P00230000,76968,6/17/2022 12:00:00 AM,576,0,28.55,28.9,15.48414,38.73334,5,3,0.67965,0.6978,129.3828,-0.27604,0.3628,3,205.3202,15.68915,0.16677,0.15952,0.15855,-0.02119,-4.08885,0.36739,0.37136,0.21873,0.42883,0.45748,0.45794,0.27563,0.17881,0.69633,0.6795,327079,305509,259640
AMC Entertainment Holdings Inc,0,3,3,e,0.89922,Recreation,52.36,1.02925,AMC,P,50,AMC   220715P00050000,107944,7/15/2022 12:00:00 AM,333,0,26.05,27.5,12.42094,20.80213,5,3,1.11765,1.25457,52.60237,-0.03898,0.04259,4,24.85925,26.82974,1.07638,0.56077,1.10587,-0.04507,-2.90516,1.47488,1.57024,0.69647,0.46371,0.48284,0.48389,2.34791,0.15493,3.22948,3.21129,348884,306929,350679
AMC Entertainment Holdings Inc,0,3,3,e,0.89922,Recreation,52.36,1.02925,AMC,P,55,AMC   220715P00055000,79868,7/15/2022 12:00:00 AM,545,15,30.05,32.5,15.47782,21.93169,5,3,1.14244,1.36732,47.38388,-0.03524,0.03841,5,25.95017,28.21959,1.087,0.52349,1.22259,0.05042,-3.06941,1.48861,1.64486,0.69482,0.51756,0.5082,0.50742,2.60363,0.2,2.63564,2.86956,353664,307017,354907
AMC Entertainment Holdings Inc,0,3,3,e,0.89922,Recreation,52.36,1.02925,AMC,P,60,AMC   220715P00060000,215767,7/15/2022 12:00:00 AM,76,0,34,36.7,18.94066,23.428,5,3,1.12816,1.36459,45.21696,-0.03336,0.03624,5,27.0911,30.43731,1.00451,0.50344,1.32588,0.14591,-3.19021,1.49303,1.6589,0.70156,0.56591,0.53108,0.52798,2.75908,0.2,2.53537,3.24675,353543,306974,354798
NVIDIA Corporation,0.0008,1,5,,0.47706,Semiconductor,830.57,0.45531,NVDA,P,840,NVDA  220916P00840000,225723,9/16/2022 12:00:00 AM,67,2,143.8,145.45,106.7052,40.25477,5,3,0.34124,0.35638,132.1002,-0.20777,0.25664,3,714.0416,22.90049,0.17854,0.16178,0.22779,0.01135,-14.33307,0.41203,0.41668,0.3072,0.48934,0.49205,0.49214,0.38965,0.2,0.83014,0.86567,316407,303643,90950
Hersha Hospitality Trust,0,1,2,,0.60714,R.E.I.T.,10.73,0.5936,HT,P,10,HT    221216P00010000,771705,12/16/2022 12:00:00 AM,0,0,2.15,2.5,1.51649,31.33055,5,3,0.33676,0.52565,108.8927,-0.13423,0.15634,3,8.10653,23.48282,0.20668,0.29406,0.29954,-0.06803,-0.22308,0.54104,0.61749,0.40474,0.42182,0.44135,0.44856,0.63965,0.13197,1.54401,1.51836,334431,303503,140681
Alliance Data Systems,0.00806,2,1,,0.54202,Information Services,103.52,0.42041,ADS,P,105,ADS   221216P00105000,572680,12/16/2022 12:00:00 AM,0,0,24.6,26,13.88197,37.65617,5,3,0.79182,0.89725,80.30261,-0.14076,0.16505,3,83.09355,19.77646,0.21611,0.22334,0.33162,0.0143,-2.03007,0.50816,0.53806,0.2836,0.50026,0.50015,0.50014,0.60589,0.2,1.14235,1.18818,343071,306574,297734
Athersys Inc,0,3,3,e^,0.72166,Biotechnology,1.46,0.71462,ATHX,P,2,ATHX  230120P00002000,75933,1/20/2023 12:00:00 AM,588,0,1.1,1.25,0.70959,29.30942,5,3,1.08412,1.55303,34.7457,-0.03526,0.03793,5,0.9547,27.82766,0.42038,0.38356,1.24957,0.36986,-0.05801,1.06853,1.30894,0.5127,0.67397,0.58564,0.57009,2.6364,0.2,1.94516,3.76712,359648,306789,360436
Ford Motor Company,0,3,3,,0.35267,Automotive,14.7,0.31322,F,P,15,F     230120P00015000,3436,1/20/2023 12:00:00 AM,13304,0,3.1,3.2,1.4789,38.57562,5,3,1.07893,1.14678,70.77004,-0.16473,0.19694,4,12.31025,15.09664,0.16997,0.19048,0.28785,0.02041,-0.23388,0.43934,0.45368,0.21133,0.48915,0.49478,0.49494,0.50778,0.2,0.97973,1.05442,343048,306766,345682
Tanger Factory Outlet Centers,0.03767,1,3,,0.51144,R.E.I.T.,18.69,0.5058,SKT,P,20,SKT   230120P00020000,179019,1/20/2023 12:00:00 AM,121,0,5.3,5.7,4.15552,43.92933,5,3,0.37904,0.51256,90.60258,-0.13135,0.15121,3,15.247,28.17172,0.19336,0.21348,0.38789,0.07009,-0.34239,0.47756,0.5238,0.3463,0.59059,0.56596,0.56018,0.66131,0.2,1.09477,1.41787,333256,304548,136491
Norwegian Cruise Line Holdings Ltd,0,3,3,,0.64559,Recreation,28.58,0.42304,NCLH,P,25,NCLH  230120P00025000,9275,1/20/2023 12:00:00 AM,6181,0,4.95,5,2.05293,28.26012,5,3,0.82688,0.84097,88.43359,-0.14868,0.17783,4,20.73375,15.30861,0.17747,0.32581,0.27423,-0.12526,-0.50801,0.5344,0.53852,0.29252,0.32879,0.40414,0.40486,0.56235,0.1,1.75933,1.73198,314253,303191,322977
Norwegian Cruise Line Holdings Ltd,0,3,3,,0.64559,Recreation,28.58,0.42304,NCLH,P,27.5,NCLH  230120P00027500,7444,1/20/2023 12:00:00 AM,7402,74,6.25,6.5,3.06642,33.24799,5,3,0.84513,0.91273,79.4566,-0.13754,0.16191,4,22.00213,17.64422,0.20804,0.28382,0.32147,-0.03779,-0.53899,0.52876,0.54813,0.28657,0.42665,0.46009,0.46149,0.61762,0.16221,1.3755,1.34814,323263,303727,329773
Norwegian Cruise Line Holdings Ltd,0,3,3,,0.64559,Recreation,28.58,0.42304,NCLH,P,30,NCLH  230120P00030000,19603,1/20/2023 12:00:00 AM,3123,0,7.75,8.05,4.38074,38.05313,5,3,0.85229,0.93005,73.04893,-0.1279,0.14843,4,23.0705,20.11883,0.20181,0.22148,0.37566,0.04969,-0.55671,0.52883,0.55103,0.2855,0.52375,0.51283,0.51231,0.67372,0.2,1.13477,1.35584,325226,303918,331276
Norwegian Cruise Line Holdings Ltd,0,3,3,,0.64559,Recreation,28.58,0.42304,NCLH,P,32.5,NCLH  230120P00032500,15517,1/20/2023 12:00:00 AM,3926,0,9.35,9.65,5.96841,42.71544,5,3,0.83151,0.90614,68.78583,-0.12007,0.13769,4,24.03888,22.79739,0.1695,0.18999,0.43124,0.13716,-0.56015,0.52784,0.54935,0.2882,0.6112,0.56128,0.5589,0.72624,0.2,0.97732,1.63576,322503,303336,329200
Maxar Technologies Inc,0.001,1,5,,0.7433,Aerospace/Defense,38.93,0.72809,MAXR,P,35,MAXR  230120P00035000,238793,1/20/2023 12:00:00 AM,57,0,9.3,10.1,6.64093,28.10141,5,3,0.32163,0.4204,104.1481,-0.10524,0.12089,3,26.65725,25.88504,0.25189,0.36719,0.38922,-0.10095,-0.88656,0.65739,0.70652,0.49741,0.41533,0.43573,0.44016,0.82718,0.1,2.41625,2.3889,324126,303018,108837
TripAdvisor Inc,0,1,3,,0.53441,Internet,39.85,0.50959,TRIP,P,38,TRIP  230120P00038000,30998,1/20/2023 12:00:00 AM,1912,0,7.7,8.4,5.20904,33.27628,5,3,0.39483,0.50713,106.2198,-0.15131,0.17979,3,31.33931,21.35105,0.18216,0.267,0.28148,-0.04642,-0.69885,0.48328,0.52219,0.34648,0.43098,0.4504,0.45408,0.55621,0.15358,1.28552,1.25817,332776,304894,134859
Builders First Source Inc,0,1,3,,0.49792,Building Materials,41.97,0.49938,BLDR,P,40,BLDR  230120P00040000,354104,1/20/2023 12:00:00 AM,15,0,7.6,8.6,5.34994,33.50595,5,3,0.34455,0.49938,109.8763,-0.15923,0.18981,3,33.49401,21.0951,0.1695,0.25537,0.26192,-0.04694,-0.70717,0.45712,0.50976,0.33998,0.42918,0.4472,0.45263,0.52684,0.15306,1.21041,1.18306,332109,303714,132477
Maxar Technologies Inc,0.001,1,5,,0.7433,Aerospace/Defense,38.93,0.72809,MAXR,P,40,MAXR  230120P00040000,244697,1/20/2023 12:00:00 AM,54,0,12.4,13,9.35416,33.76243,5,3,0.34294,0.41207,94.29579,-0.09705,0.1103,3,28.69401,30.7088,0.28337,0.29104,0.47663,0.02749,-0.93544,0.6596,0.69355,0.49116,0.50086,0.50064,0.50061,0.90663,0.2,1.48253,1.5926,323188,303679,106398
TripAdvisor Inc,0,1,3,,0.53441,Internet,39.85,0.50959,TRIP,P,40,TRIP  230120P00040000,26774,1/20/2023 12:00:00 AM,2246,1,8.85,9.65,6.2142,36.25704,5,3,0.40606,0.53113,99.95032,-0.14424,0.16953,3,32.24401,23.09977,0.19845,0.21832,0.31146,0.00376,-0.7172,0.48374,0.52677,0.34404,0.478,0.48435,0.48563,0.58988,0.2,1.11894,1.11041,334891,305106,142440
Builders First Source Inc,0,1,3,,0.49792,Building Materials,41.97,0.49938,BLDR,P,42,BLDR  230120P00042000,394255,1/20/2023 12:00:00 AM,10,1,8.7,9.4,6.33897,36.70419,5,3,0.35198,0.45763,106.8024,-0.15633,0.18568,3,34.44871,22.92381,0.1862,0.20658,0.28861,0.00071,-0.7066,0.45597,0.4916,0.33726,0.47467,0.48126,0.48262,0.53856,0.2,1.06023,1.03645,328100,303911,119922
Harley Davidson Inc,0.01309,2,2,,0.45002,Recreation,45.98,0.39409,HOG,P,42,HOG   230120P00042000,378848,1/20/2023 12:00:00 AM,11,0,7.6,8.1,3.88537,32.33018,5,3,0.67823,0.76975,93.6225,-0.16897,0.2043,3,35.54871,16.21778,0.16068,0.2792,0.24828,-0.08656,-0.74111,0.4546,0.47939,0.27088,0.3859,0.4314,0.43491,0.48948,0.11344,1.48441,1.45706,333905,305487,274897
MGM Resorts International,0.00023,1,3,,0.49666,Hotel/Gaming,42.42,0.42173,MGM,P,42,MGM   230120P00042000,88583,1/20/2023 12:00:00 AM,466,0,7.8,8.05,5.11902,36.91664,5,3,0.46831,0.51247,104.8484,-0.17948,0.21766,3,35.34871,19.49267,0.1653,0.22113,0.25542,-0.0099,-0.63516,0.41866,0.43125,0.28513,0.45849,0.4717,0.47253,0.45943,0.1901,0.99461,0.96726,333246,305996,136467
TripAdvisor Inc,0,1,3,,0.53441,Internet,39.85,0.50959,TRIP,P,42,TRIP  230120P00042000,207477,1/20/2023 12:00:00 AM,85,0,10.05,10.55,7.35425,39.44039,5,3,0.40527,0.48156,97.59704,-0.14117,0.16518,3,33.09871,25.1301,0.17772,0.19824,0.3419,0.05395,-0.71325,0.48351,0.50976,0.34407,0.52349,0.51672,0.51586,0.6054,0.2,1.01857,1.26098,330432,305087,127122
Builders First Source Inc,0,1,3,,0.49792,Building Materials,41.97,0.49938,BLDR,P,45,BLDR  230120P00045000,304435,1/20/2023 12:00:00 AM,27,0,10.5,11,8.07534,41.36234,5,3,0.34935,0.42231,101.4139,-0.14908,0.1751,3,35.73076,25.87904,0.15782,0.17798,0.3317,0.07219,-0.70728,0.45589,0.48054,0.33786,0.54017,0.52979,0.52827,0.5711,0.2,0.91727,1.25089,324354,303833,109423
Harley Davidson Inc,0.01309,2,2,,0.45002,Recreation,45.98,0.39409,HOG,P,45,HOG   230120P00045000,202681,1/20/2023 12:00:00 AM,90,0,9.2,9.7,5.22437,36.77096,5,3,0.6969,0.78571,86.86484,-0.16062,0.19169,3,37.03076,18.13217,0.18401,0.24875,0.28433,-0.02131,-0.7591,0.45185,0.4755,0.26628,0.46549,0.47965,0.48066,0.52168,0.17869,1.14712,1.11977,335300,305741,278031
Spirit Aerosystems Holdings Inc,0.00085,2,3,,0.54978,Aerospace/Defense,46.37,0.39262,SPR,P,45,SPR   230120P00045000,61545,1/20/2023 12:00:00 AM,802,0,9.3,9.8,4.73701,34.59478,5,3,0.79584,0.88446,83.02466,-0.15397,0.18316,3,36.93076,17.03921,0.18629,0.25746,0.28785,-0.02954,-0.79839,0.47764,0.50121,0.26597,0.43272,0.46241,0.46417,0.54596,0.17046,1.20397,1.17662,342305,306595,295658
National Beverage Corporation,0,3,3,,0.46188,Beverage,45.08,0.42863,FIZZ,P,47,FIZZ  230120P00047000,770183,1/20/2023 12:00:00 AM,0,0,13,14.9,6.80953,35.68671,5,3,0.987,1.30115,62.00781,-0.10851,0.12301,4,35.28546,19.11618,0.2286,0.24579,0.4097,0.04259,-1.00348,0.57476,0.66563,0.28926,0.51593,0.50802,0.50692,0.81297,0.2,1.25628,1.44188,351010,306174,352543
Harley Davidson Inc,0.01309,2,2,,0.45002,Recreation,45.98,0.39409,HOG,P,47,HOG   230120P00047000,536094,1/20/2023 12:00:00 AM,1,0,10.4,10.9,6.30244,39.62956,5,3,0.7024,0.78959,82.91933,-0.1543,0.18241,3,37.88546,19.51829,0.18356,0.204,0.3115,0.02218,-0.76855,0.45277,0.47596,0.26596,0.51787,0.5105,0.50999,0.54821,0.2,1.04736,1.13093,335586,305804,278786
National Beverage Corporation,0,3,3,,0.46188,Beverage,45.08,0.42863,FIZZ,P,50,FIZZ  230120P00050000,770184,1/20/2023 12:00:00 AM,0,0,15,16.9,8.68837,38.66679,5,3,0.97646,1.27946,59.35878,-0.10315,0.11617,4,36.36751,20.93091,0.20408,0.2236,0.45592,0.10914,-1.0208,0.57774,0.66631,0.29231,0.58309,0.54227,0.53667,0.86083,0.2,1.14536,1.66371,350041,306076,351678
Harley Davidson Inc,0.01309,2,2,,0.45002,Recreation,45.98,0.39409,HOG,P,50,HOG   230120P00050000,345231,1/20/2023 12:00:00 AM,16,0,12.1,12.7,8.17752,44.01972,5,3,0.65451,0.75553,79.93564,-0.14796,0.17303,3,39.26751,21.92427,0.15567,0.17573,0.34661,0.08743,-0.76021,0.44498,0.47215,0.26895,0.59072,0.55514,0.55198,0.57793,0.2,0.90599,1.31579,332640,305071,271990
Spirit Aerosystems Holdings Inc,0.00085,2,3,,0.54978,Aerospace/Defense,46.37,0.39262,SPR,P,50,SPR   230120P00050000,210415,1/20/2023 12:00:00 AM,82,0,12.1,13.2,7.46792,41.04329,5,3,0.76535,0.95029,74.20584,-0.13951,0.1621,4,39.26751,20.19634,0.16233,0.18266,0.34661,0.07828,-0.82739,0.46909,0.51823,0.26572,0.55936,0.53371,0.53052,0.61691,0.2,0.94066,1.30472,346102,306403,305683
Penn National Gaming Inc,0,2,3,,0.63866,Hotel/Gaming,74.7,0.42546,PENN,P,75,PENN  230120P00075000,196637,1/20/2023 12:00:00 AM,98,0,19.9,20.25,9.61981,34.63595,5,3,1.01616,1.05175,68.79563,-0.11991,0.13883,4,57.15126,18.41863,0.24791,0.26238,0.38851,0.00402,-1.55125,0.57896,0.58918,0.28716,0.47393,0.48706,0.48729,0.72032,0.2,1.33926,1.33199,351037,307257,318720
Live Nation Entertainment Inc,0,2,3,,0.41263,Entertainment,86.09,0.33043,LYV,P,80,LYV   230120P00080000,249144,1/20/2023 12:00:00 AM,51,0,13.6,14.7,5.69434,32.29851,5,3,0.90151,1.02686,83.56111,-0.17822,0.21718,4,68.58801,13.6515,0.15025,0.25606,0.23217,-0.07074,-1.3234,0.434,0.46261,0.22824,0.3613,0.42595,0.43048,0.46046,0.12926,1.24949,1.22214,349927,307045,315853
Penn National Gaming Inc,0,2,3,,0.63866,Hotel/Gaming,74.7,0.42546,PENN,P,80,PENN  230120P00080000,226120,1/20/2023 12:00:00 AM,67,0,23.1,23.45,12.45812,37.92706,5,3,1.01993,1.05416,65.01714,-0.11373,0.13051,4,59.08801,20.19195,0.22015,0.23829,0.43333,0.07095,-1.58425,0.58071,0.59055,0.28749,0.54589,0.52276,0.52238,0.76621,0.2,1.21878,1.54618,351144,307261,318995
Live Nation Entertainment Inc,0,2,3,,0.41263,Entertainment,86.09,0.33043,LYV,P,82.5,LYV   230120P00082500,380601,1/20/2023 12:00:00 AM,11,0,14.8,15.9,6.64814,34.34902,5,3,0.91055,1.03473,80.8898,-0.17521,0.21223,4,69.95639,14.34262,0.15918,0.24096,0.24596,-0.0417,-1.33435,0.43079,0.45879,0.22548,0.40147,0.44804,0.45119,0.47118,0.1583,1.11335,1.086,350285,307079,316787
Live Nation Entertainment Inc,0,2,3,,0.41263,Entertainment,86.09,0.33043,LYV,P,85,LYV   230120P00085000,193186,1/20/2023 12:00:00 AM,102,0,16.2,17.4,7.73928,36.32889,5,3,0.92804,1.06172,77.52914,-0.16994,0.20428,4,71.12476,15.05294,0.17008,0.22819,0.26282,-0.01266,-1.35605,0.4314,0.46131,0.22375,0.44269,0.4702,0.47213,0.48952,0.18734,1.03181,1.00446,351458,307125,319838
Penn National Gaming Inc,0,2,3,,0.63866,Hotel/Gaming,74.7,0.42546,PENN,P,85,PENN  230120P00085000,305490,1/20/2023 12:00:00 AM,26,0,26.45,26.8,15.69963,41.08727,5,3,1.00786,1.04128,62.07009,-0.10817,0.12304,4,60.87476,22.06082,0.19621,0.2162,0.4791,0.13788,-1.60152,0.58216,0.59185,0.28994,0.61122,0.55595,0.55504,0.81277,0.2,1.10834,1.77041,350564,307248,317525
Live Nation Entertainment Inc,0,2,3,,0.41263,Entertainment,86.09,0.33043,LYV,P,90,LYV   230120P00090000,262478,1/20/2023 12:00:00 AM,44,0,19,20.2,10.3333,40.33994,5,3,0.9224,1.05236,73.50049,-0.16266,0.19321,4,73.46151,16.66338,0.15524,0.17528,0.29496,0.04542,-1.36495,0.42881,0.4578,0.22306,0.52454,0.51277,0.51196,0.51758,0.2,0.90376,1.1035,351064,307108,318786
Alliance Data Systems,0.00806,2,1,,0.54202,Information Services,103.52,0.42022,ADS,P,95,ADS   230120P00095000,801619,1/20/2023 12:00:00 AM,0,0,19.9,21.2,9.43878,31.46602,5,3,0.79692,0.89726,83.7366,-0.14405,0.1706,3,77.69826,16.74808,0.18919,0.30189,0.29233,-0.0823,-1.8948,0.51647,0.54531,0.28742,0.38894,0.43763,0.4409,0.58617,0.1177,1.66064,1.63329,343072,306599,297737
Alliance Data Systems,0.00806,2,1,,0.54202,Information Services,103.52,0.42022,ADS,P,100,ADS   230120P00100000,351955,1/20/2023 12:00:00 AM,15,0,22.6,24,11.66697,34.31236,5,3,0.80642,0.91186,79.65379,-0.13901,0.16344,4,80.13501,18.07308,0.20666,0.27967,0.31934,-0.034,-1.93494,0.5138,0.54379,0.28443,0.44434,0.46912,0.47082,0.61183,0.166,1.34253,1.31518,343961,306648,300019
Alliance Data Systems,0.00806,2,1,,0.54202,Information Services,103.52,0.42022,ADS,P,105,ADS   230120P00105000,202257,1/20/2023 12:00:00 AM,91,0,25.3,26.5,14.25751,37.26979,5,3,0.79289,0.8809,77.53526,-0.13617,0.15923,3,82.57176,19.56457,0.21112,0.2301,0.34479,0.0143,-1.93771,0.50823,0.53318,0.28347,0.49921,0.49956,0.49958,0.62801,0.2,1.17785,1.22199,342068,306579,295066
Zillow Group Inc,0,1,4,,0.53725,Internet,115.78,0.59989,Z,P,105,Z     230120P00105000,32244,1/20/2023 12:00:00 AM,1827,0,24.4,25.7,15.93147,29.49844,5,3,0.407,0.47029,104.877,-0.12622,0.14771,3,83.47176,22.58761,0.21362,0.3312,0.33008,-0.09311,-2.33161,0.58178,0.60795,0.41349,0.40387,0.43134,0.43427,0.67702,0.10689,1.99891,1.97156,329326,305124,123683
Alliance Data Systems,0.00806,2,1,,0.54202,Information Services,103.52,0.42022,ADS,P,110,ADS   230120P00110000,401001,1/20/2023 12:00:00 AM,9,0,28.4,29.6,17.194,40.02818,5,3,0.78747,0.87361,74.5528,-0.13111,0.15211,3,84.60852,21.07335,0.19155,0.21175,0.37539,0.0626,-1.95496,0.50816,0.53265,0.28429,0.55158,0.52891,0.52759,0.65743,0.2,1.08608,1.37172,341631,306544,293913
Zillow Group Inc,0,1,4,,0.53725,Internet,115.78,0.59989,Z,P,110,Z     230120P00110000,38317,1/20/2023 12:00:00 AM,1486,0,26.85,28.4,18.19745,31.7978,5,3,0.40592,0.47996,101.1584,-0.12367,0.144,3,86.15852,24.03442,0.22668,0.30918,0.35026,-0.04992,-2.36759,0.57384,0.60406,0.40816,0.43847,0.45615,0.45834,0.69447,0.15008,1.57258,1.54523,330292,305100,126628
Zillow Group Inc,0,1,4,,0.53725,Internet,115.78,0.59989,Z,P,115,Z     230120P00115000,24042,1/20/2023 12:00:00 AM,2532,0,30.05,31.5,20.75264,33.93199,5,3,0.42663,0.49457,96.19242,-0.11884,0.13745,3,88.09527,25.47036,0.24663,0.29363,0.38109,-0.00674,-2.42593,0.57827,0.60581,0.40534,0.47301,0.48108,0.48194,0.72752,0.19326,1.37031,1.34296,331668,305463,130987
Zillow Group Inc,0,1,4,,0.53725,Internet,115.78,0.59989,Z,P,120,Z     230120P00120000,14943,1/20/2023 12:00:00 AM,4062,45,32.8,34.35,23.58682,36.20747,5,3,0.41355,0.48461,93.91131,-0.11652,0.13408,3,90.48202,27.13682,0.22981,0.24685,0.4035,0.03645,-2.43886,0.57209,0.60085,0.40472,0.5067,0.50474,0.50451,0.74582,0.2,1.26159,1.41648,330744,305250,128061
Zillow Group Inc,0,1,4,,0.53725,Internet,115.78,0.59989,Z,P,125,Z     230120P00125000,48641,1/20/2023 12:00:00 AM,1094,0,35.5,37.45,26.68536,38.47676,5,3,0.38749,0.47487,92.14053,-0.1142,0.13087,3,92.91877,28.93238,0.20773,0.22698,0.424,0.07963,-2.44083,0.56339,0.59887,0.40605,0.53888,0.52804,0.52639,0.7641,0.2,1.16226,1.53308,329826,304743,125076
Applied Materials Inc,0.00674,1,4,,0.41876,Semiconductor Equip,139.8,0.36389,AMAT,P,140,AMAT  230120P00140000,181001,1/20/2023 12:00:00 AM,118,0,24.95,25.55,18.28515,39.18771,5,3,0.35077,0.38258,114.0913,-0.1942,0.23749,3,118.879,20.71361,0.15692,0.17704,0.24421,0.00143,-1.92358,0.38555,0.39463,0.28543,0.48257,0.48709,0.48739,0.42106,0.2,0.91254,0.89235,319669,303881,98105
Expedia Group Inc,0,1,3,,0.42224,Internet,165.18,0.41472,EXPE,P,165,EXPE  230120P00165000,179785,1/20/2023 12:00:00 AM,120,0,29.85,32.65,20.28156,37.62347,5,3,0.43357,0.56151,103.7575,-0.18088,0.21893,3,139.6628,19.52798,0.16064,0.20915,0.24822,-0.00109,-2.44724,0.4018,0.43766,0.28028,0.46747,0.4773,0.47915,0.45676,0.19891,0.93586,0.90851,337291,305565,152115
Expedia Group Inc,0,1,3,,0.42224,Internet,165.18,0.41472,EXPE,P,170,EXPE  230120P00170000,97039,1/20/2023 12:00:00 AM,402,0,33.05,36,22.93529,39.69458,5,3,0.45119,0.58455,98.84905,-0.17354,0.20805,3,141.5995,20.56547,0.1511,0.1709,0.26868,0.02918,-2.49495,0.406,0.44331,0.27977,0.50162,0.50112,0.50102,0.48066,0.2,0.88187,1.00042,338963,305789,159530
Signature Bank,0.00912,2,3,,0.39455,Bank,244.78,0.37462,SBNY,P,250,SBNY  230120P00250000,533188,1/20/2023 12:00:00 AM,1,0,47.8,50.9,31.20713,40.61434,5,3,0.55764,0.663,93.40532,-0.181,0.21811,3,209.0375,19.01052,0.15398,0.17395,0.26375,0.02133,-3.54373,0.39371,0.42034,0.25276,0.50996,0.50639,0.50599,0.45849,0.2,0.89711,0.97639,323289,302514,251674
MicroStrategy Inc,0,3,3,e,0.52346,Computer Software/Svcs,644.52,0.60276,MSTR,P,650,MSTR  230120P00650000,336369,1/20/2023 12:00:00 AM,19,0,229.6,242.8,121.5154,30.36219,5,3,0.89942,1.01531,62.60872,-0.07834,0.08786,4,438.1776,22.87454,0.36271,0.34773,0.5735,0.0085,-17.67717,0.77274,0.81989,0.40683,0.48511,0.49216,0.49261,1.13814,0.2,1.76601,1.78117,333500,304971,337831
MicroStrategy Inc,0,3,3,e,0.52346,Computer Software/Svcs,644.52,0.60276,MSTR,P,660,MSTR  230120P00660000,871416,1/20/2023 12:00:00 AM,0,0,235.8,250.4,127.203,30.88523,5,3,0.89683,1.02405,61.8454,-0.07748,0.08678,4,442.2511,23.25658,0.35382,0.34184,0.58322,0.02402,-17.79818,0.77129,0.82302,0.40662,0.49715,0.4985,0.49859,1.15227,0.2,1.73653,1.82927,334280,304928,338437
MicroStrategy Inc,0,3,3,e,0.52346,Computer Software/Svcs,644.52,0.60276,MSTR,P,670,MSTR  230120P00670000,719619,1/20/2023 12:00:00 AM,0,0,243.2,257,133.0897,31.40111,5,3,0.9027,1.02201,61.12461,-0.07664,0.08568,4,445.1246,23.64911,0.34783,0.3378,0.59717,0.03953,-17.91489,0.77381,0.82233,0.40669,0.50901,0.50474,0.50446,1.16714,0.2,1.71636,1.88668,334114,305034,338304
MicroStrategy Inc,0,3,3,e,0.52346,Computer Software/Svcs,644.52,0.60276,MSTR,P,680,MSTR  230120P00680000,541748,1/20/2023 12:00:00 AM,1,0,249.2,263.5,139.1685,31.97563,5,3,0.89497,1.01757,60.77212,-0.07617,0.08509,4,449.3981,24.10133,0.33876,0.3316,0.60581,0.05505,-17.97529,0.77129,0.82119,0.40702,0.52068,0.51092,0.51025,1.17523,0.2,1.68533,1.93322,333702,304901,337993
MicroStrategy Inc,0,3,3,e,0.52346,Computer Software/Svcs,644.52,0.60276,MSTR,P,700,MSTR  230120P00700000,397385,1/20/2023 12:00:00 AM,9,0,263.6,277.8,151.8872,32.97436,5,3,0.89496,1.01489,59.54701,-0.07448,0.08297,4,455.5451,24.94021,0.32633,0.32291,0.63138,0.08608,-18.18804,0.77396,0.82294,0.40843,0.54331,0.52289,0.52153,1.2052,0.2,1.64188,2.04493,333463,304900,337805
NVIDIA Corporation,0.0008,1,5,,0.47706,Semiconductor,830.57,0.4553,NVDA,P,800,NVDA  230120P00800000,56406,1/20/2023 12:00:00 AM,905,0,139.3,141.05,98.66745,35.12319,5,3,0.34157,0.35637,119.7696,-0.18793,0.23022,3,682.5801,20.12039,0.15415,0.23187,0.23819,-0.03681,-12.07253,0.415,0.41958,0.30934,0.4343,0.45093,0.45146,0.43436,0.16319,1.05506,1.02771,316406,303649,90947
NVIDIA Corporation,0.0008,1,5,,0.47706,Semiconductor,830.57,0.4553,NVDA,P,820,NVDA  230120P00820000,409953,1/20/2023 12:00:00 AM,7,0,150.2,152.15,108.3121,36.90289,5,3,0.34709,0.36342,116.1047,-0.18365,0.22353,3,692.2271,21.04558,0.16282,0.22092,0.2516,-0.01273,-12.19362,0.41485,0.41988,0.30796,0.45951,0.46992,0.47028,0.44738,0.18727,0.99299,0.96564,317271,303777,92816
NVIDIA Corporation,0.0008,1,5,,0.47706,Semiconductor,830.57,0.4553,NVDA,P,840,NVDA  230120P00840000,238308,1/20/2023 12:00:00 AM,58,0,161.4,163.65,118.7014,38.6673,5,3,0.34915,0.3678,112.8516,-0.17954,0.21712,3,701.5741,22.00169,0.16263,0.18297,0.26519,0.01135,-12.27875,0.41454,0.42027,0.30726,0.48452,0.48852,0.48868,0.46057,0.2,0.9422,0.97162,317819,303827,94026
NVIDIA Corporation,0.0008,1,5,,0.47706,Semiconductor,830.57,0.4553,NVDA,P,860,NVDA  230120P00860000,373025,1/20/2023 12:00:00 AM,12,0,173.1,175.3,129.8124,40.41277,5,3,0.35002,0.3679,109.9658,-0.17547,0.21116,3,710.4211,22.98888,0.15306,0.17298,0.27935,0.03543,-12.33016,0.4147,0.42019,0.30718,0.5091,0.50674,0.50665,0.47358,0.2,0.89224,1.04206,317834,303856,94053
