Company,DIV'D,CMRK,TechRank,^vCM,HISTVO,INDUST,CMPRICE,VOLF,TKR,C/P,STRIKE,OPTKR,Record Number,EXPDAY,OI,VOL,BID,ASK,EST,DLTA,Bid oprk,Ask oprk,Bid UN/OV,Ask UN/OV,RVOPT,10%,-10%,CCMPRK,CCMPBE,CCMPRV,CCPWPA,CCPWPT,CCPWMX,I/OTM,THETA,Bid Implied,Ask Implied,VOLFADJ,PrtbStrk VOLF,Bid PrtbStrk Implied,Ask PrtbStrk Implied,PctDble,Margin,Yld Margin,Max Margin,ROBUY,ROWRT,ROCCMP,06/13/2022
Rite Aid Corp,0,5,4,ev,0.79995,Retail Store,5.92,1.16304,RAD,P,7,RAD   220624P00007000,192731,6/24/2022 12:00:00 AM,101,0,1.2,1.3,1.31258,74.86341,3,1,-0.24005,-0.02516,891.6918,-0.32081,0.38445,3,5.80407,189.306,0.64701,0.02027,0.20748,0.18243,-1.66071,1.03771,1.33114,1.36549,0.74999,0.8126,0.75549,0.26011,0.2,0.10193,1.01351,4101,95748,208696
Gap Inc,0.05655,5,3,,0.58382,Retail (SoftLines),9.04,0.79972,GPS,P,10,GPS   220624P00010000,151953,6/24/2022 12:00:00 AM,178,12,1.03,1.15,1.18525,79.50163,3,1,-0.39156,-0.07879,991.1673,-0.54898,0.73197,3,8.97582,123.0332,0.25507,0.00774,0.11541,0.10619,-1.20016,0.50846,0.76984,0.83568,0.75,0.86619,0.76797,0.13662,0.2,0.0393,0.56969,2683,70948,196972
ChargePoint Holdings Inc,0,5,5,,0.6945,Electrical Equipment,12.1,1.86263,CHPT,P,14,CHPT  220624P00014000,172625,6/24/2022 12:00:00 AM,131,64,2.13,2.35,3.12127,73.8116,3,1,-0.57107,-0.42892,1596.828,-0.35606,0.4363,3,11.87815,297.5004,0.60707,0.01901,0.18003,0.15702,-3.18473,0.93357,1.24294,2.17649,0.6436,0.80461,0.7404,0.2292,0.2,0.09562,0.88017,478,26863,113182
ChargePoint Holdings Inc,0,5,5,,0.6945,Electrical Equipment,12.1,1.86263,CHPT,P,14.5,CHPT  220624P00014500,187699,6/24/2022 12:00:00 AM,107,91,2.57,2.78,3.60622,78.33278,3,1,-0.58615,-0.44458,1511.172,-0.32365,0.38034,3,11.93844,336.2971,0.45113,0.01405,0.21601,0.19835,-2.95565,0.95943,1.28765,2.31832,0.66606,0.85008,0.78009,0.26292,0.2,0.07083,1.06198,453,26821,109518
Urban Outfitters Inc,0,5,3,v,0.51938,Retail (SoftLines),20.7,0.81412,URBN,P,22.5,URBN  220624P00022500,468947,6/24/2022 12:00:00 AM,2,0,1.85,2.25,2.46301,78.6374,3,1,-0.60525,-0.18,1265.916,-0.64246,0.89052,3,20.66309,129.8755,0.09135,0.00242,0.09017,0.08696,-2.3773,0.35206,0.73132,0.89185,0.69568,0.9027,0.73382,0.11229,0.2,0.01266,0.44686,1192,26784,173654
Macys Inc,0.02599,4,2,v,0.63477,Retail Store,21.21,1.02486,M,P,24,M     220624P00024000,155318,6/24/2022 12:00:00 AM,169,9,3.1,3.2,3.60515,78.32297,3,1,-0.34953,-0.27298,1110.925,-0.45157,0.58343,3,20.91397,168.1377,0.46886,0.01462,0.14891,0.13154,-3.66029,0.75405,0.84278,1.15923,0.72215,0.8175,0.79117,0.1714,0.2,0.07366,0.73079,4168,101375,91256
Futu Holdings Ltd,0,5,5,,0.83908,Securities Brokerage,41.55,1.01958,FUTU,P,48,FUTU  220624P00048000,708788,6/24/2022 12:00:00 AM,0,0,7.05,7.35,7.70278,78.54649,3,1,-0.25201,-0.13019,929.5189,-0.39811,0.49635,3,40.97793,163.2516,0.46337,0.01444,0.17274,0.15523,-8.12338,0.8395,0.97622,1.12234,0.75998,0.82746,0.79159,0.20147,0.2,0.07278,0.84838,1744,73401,185329
Ross Stores Inc,0.01567,3,2,,0.37939,Retail (SoftLines),74.96,1.16732,ROST,P,80,ROST  220624P00080000,262412,6/24/2022 12:00:00 AM,40,3,5.5,6.1,9.53567,77.67357,3,1,-0.69019,-0.56631,2111.439,-0.73003,1.16577,1,74.54655,173.0179,0.20551,0.00614,0.07441,0.06724,-7.25129,0.37266,0.52166,1.20285,0.61717,0.83198,0.75404,0.08578,0.2,0.03126,0.36686,2997,97429,7246
Clorox Co,0.03454,5,4,v,0.2585,Household Products,128.9,0.38393,CLX,P,135,CLX   220624P00135000,269712,6/24/2022 12:00:00 AM,36,0,6.8,7.5,7.7444,77.53554,3,1,-0.32285,-0.07739,961.6827,-0.86641,1.66507,3,128.2786,58.90978,0.18378,0.00543,0.05362,0.04732,-9.05758,0.27782,0.37853,0.41028,0.73532,0.82352,0.7523,0.06006,0.2,0.02773,0.26377,2727,71841,197319
Target Corp,0.02297,3,2,,0.33907,Retail Store,144.81,0.91682,TGT,P,135,TGT   220624P00135000,120169,6/24/2022 12:00:00 AM,290,376,1.7,1.83,6.66816,21.57059,3,1,-0.52304,-0.5073,4217.133,-0.87201,3.35907,1,133.3786,42.99898,0.40561,0.08007,0.01334,-0.06774,-16.55492,0.51342,0.53036,1.07644,0.35998,0.22613,0.23341,0.02977,0.13226,0.08935,0.08876,4647,105907,12004
Baidu Inc,0,4,5,,0.47156,Internet,132.13,0.76102,BIDU,P,149,BIDU  220624P00149000,516586,6/24/2022 12:00:00 AM,1,0,18.1,19.2,21.0657,79.92871,3,1,-0.38365,-0.22704,1076.23,-0.48291,0.62525,3,130.9867,155.2512,0.30351,0.00931,0.13886,0.12768,-19.8035,0.64648,0.81074,1.04888,0.73525,0.84616,0.79202,0.15994,0.2,0.04713,0.68493,5780,99640,101725
GameStop Corp Holding Company,0,4,3,e,0.98528,Retail (Hardlines),118.23,1.85217,GME,P,155,GME   220624P00155000,313463,6/24/2022 12:00:00 AM,21,1,38.85,41.2,48.64467,79.7933,3,1,-0.50702,-0.36261,1179.959,-0.2232,0.2471,2,116.2402,400.3925,0.5624,0.01759,0.33506,0.311,-37.88237,1.33579,1.7271,2.70965,0.70883,0.86771,0.80589,0.40469,0.2,0.08855,1.64298,2010,73266,72470
Atlassian Corporation PLC,0,5,4,,0.47563,Computer Software/Svcs,166.38,0.73002,TEAM,P,187.5,TEAM  220624P00187500,443210,6/24/2022 12:00:00 AM,4,0,22.8,24,24.99925,79.67124,3,1,-0.27158,-0.11608,931.7803,-0.48212,0.62651,3,164.8091,133.9244,0.32796,0.0101,0.13902,0.12694,-25.24855,0.6612,0.80235,0.90772,0.76502,0.83939,0.79316,0.15962,0.2,0.05107,0.68518,1949,72895,188530
Petroleo Brasileiro ADR,0.13053,5,3,,0.5385,Petroleum (Integrated),12.59,0.72618,PBR,P,12,PBR   220701P00012000,171306,7/1/2022 12:00:00 AM,134,8,0.34,0.39,0.43921,34.07617,3,1,-0.15798,-0.07794,1368.223,-0.734,1.73865,3,11.67106,37.7116,0.57787,0.07479,0.03008,-0.04686,-1.43879,0.5032,0.55103,0.59761,0.37868,0.35685,0.36879,0.05752,0.15314,0.17727,0.17635,2706,98627,197189
Petroleo Brasileiro ADR,0.13053,5,3,,0.5385,Petroleum (Integrated),12.59,0.72618,PBR,P,13,PBR   220701P00013000,62078,7/1/2022 12:00:00 AM,878,102,0.78,0.93,0.95511,60.81193,3,1,-0.26946,-0.03811,963.9996,-0.64968,1.10808,3,12.23198,66.70168,0.59936,0.02939,0.06475,0.03257,-1.41462,0.4327,0.56973,0.5923,0.61049,0.64955,0.61475,0.09025,0.2,0.14786,0.30977,3725,72961,205943
ChargePoint Holdings Inc,0,5,5,,0.6945,Electrical Equipment,12.1,1.8099,CHPT,P,14.5,CHPT  220701P00014500,390058,7/1/2022 12:00:00 AM,8,1,2.72,2.9,3.88855,73.38873,3,1,-0.54464,-0.45013,1227.601,-0.28745,0.34204,3,11.79336,286.2365,0.53955,0.02645,0.23182,0.19835,-2.46765,0.95905,1.1581,2.10615,0.64603,0.79467,0.75216,0.29236,0.2,0.13315,1.12397,444,26948,108189
Urban Outfitters Inc,0,5,3,v,0.51938,Retail (SoftLines),20.7,0.76928,URBN,P,22,URBN  220701P00022000,265683,7/1/2022 12:00:00 AM,38,3,1.7,2.05,2.24049,65.20815,3,1,-0.39191,-0.13447,1029.034,-0.56671,0.85544,3,20.32027,94.36585,0.39623,0.01932,0.08467,0.0628,-2.57033,0.4752,0.67638,0.78146,0.63173,0.70997,0.65126,0.1169,0.2,0.09754,0.41063,1681,70943,184361
Ross Stores Inc,0.01567,3,2,,0.37939,Retail (SoftLines),74.96,1.13297,ROST,P,81,ROST  220701P00081000,342856,7/1/2022 12:00:00 AM,15,0,6.6,7.4,11.34381,76.85552,3,1,-0.68474,-0.54739,1653.141,-0.63968,0.94364,1,74.47463,160.4886,0.1623,0.00747,0.08963,0.08058,-5.62425,0.35549,0.51037,1.12762,0.61822,0.83,0.74685,0.10597,0.2,0.03827,0.44023,3491,97620,8618
Target Corp,0.02297,3,2,,0.33907,Retail Store,144.81,0.8908,TGT,P,155,TGT   220701P00155000,88329,7/1/2022 12:00:00 AM,507,7,11.9,12.3,17.76396,75.40384,3,1,-0.55826,-0.51454,1406.771,-0.67392,1.05314,1,143.2428,122.8398,0.24726,0.01181,0.08408,0.07037,-10.58295,0.3886,0.42706,0.87971,0.63314,0.77938,0.75827,0.09495,0.2,0.05996,0.41088,4435,103724,11305
GameStop Corp Holding Company,0,4,3,e,0.98528,Retail (Hardlines),118.23,1.80861,GME,P,170,GME   220701P00170000,384374,7/1/2022 12:00:00 AM,9,0,54.55,57.75,66.93663,78.79228,3,1,-0.49072,-0.34194,849.9839,-0.16054,0.17133,2,115.6066,403.6062,0.48028,0.02351,0.47342,0.43788,-32.49745,1.40873,1.82026,2.7661,0.71701,0.87014,0.80846,0.58367,0.2,0.11849,2.30694,2393,95731,76569
Futu Holdings Ltd,0,5,5,,0.83908,Securities Brokerage,41.55,0.99897,FUTU,P,51,FUTU  220708P00051000,708775,7/8/2022 12:00:00 AM,0,0,10.15,10.75,11.29176,78.32622,3,1,-0.30514,-0.13564,625.9067,-0.28625,0.33309,3,40.9143,158.3132,0.25826,0.01685,0.24973,0.22744,-5.11855,0.7584,0.94341,1.09145,0.75777,0.84284,0.79071,0.30022,0.2,0.0855,1.22142,1667,72173,184085
Ross Stores Inc,0.01567,3,2,,0.37939,Retail (SoftLines),74.96,1.10068,ROST,P,82,ROST  220708P00082000,771879,7/8/2022 12:00:00 AM,0,0,7.4,8.4,12.98975,79.61751,3,1,-0.73166,-0.56665,1467.595,-0.60947,0.84624,1,74.70339,160.5354,0.08545,0.0048,0.10046,0.09392,-3.83442,0.29217,0.47184,1.08882,0.62111,0.87478,0.76166,0.11817,0.2,0.02527,0.4936,2985,96031,7219
Target Corp,0.02297,3,2,,0.33907,Retail Store,144.81,0.86636,TGT,P,155,TGT   220708P00155000,205035,7/8/2022 12:00:00 AM,85,3,12.3,12.75,18.27446,73.21042,3,1,-0.53611,-0.49107,1188.74,-0.64149,0.9921,1,142.8954,106.5483,0.22528,0.01457,0.08746,0.07037,-8.78357,0.36457,0.39997,0.7859,0.62779,0.75889,0.73909,0.1008,0.2,0.07411,0.42469,5314,105058,13567
GameStop Corp Holding Company,0,4,3,e,0.98528,Retail (Hardlines),118.23,1.76791,GME,P,180,GME   220708P00180000,424256,7/8/2022 12:00:00 AM,5,0,65.35,68.25,78.98429,78.12595,3,1,-0.46632,-0.34991,687.3012,-0.13381,0.14276,2,114.877,388.2903,0.45606,0.03028,0.57126,0.52246,-27.6765,1.4323,1.74473,2.68383,0.72074,0.86351,0.81592,0.70046,0.2,0.15266,2.76368,2234,96509,74992
GameStop Corp Holding Company,0,4,3,e,0.98528,Retail (Hardlines),118.23,1.76791,GME,P,185,GME   220708P00185000,413047,7/8/2022 12:00:00 AM,6,0,70.05,73.05,84.45755,79.27188,3,1,-0.47925,-0.35971,677.3593,-0.12736,0.13468,2,115.1833,409.8297,0.41828,0.02774,0.61066,0.56475,-27.32574,1.45382,1.78753,2.79176,0.72548,0.87506,0.82532,0.74252,0.2,0.13997,2.96245,2069,96120,73009
Atlassian Corporation PLC,0,5,4,,0.47563,Computer Software/Svcs,166.38,0.70349,TEAM,P,195,TEAM  220708P00195000,395638,7/8/2022 12:00:00 AM,7,5,31.5,33.2,34.11023,76.68857,3,1,-0.22322,-0.07415,608.6586,-0.35168,0.43006,3,163.7459,119.4197,0.26498,0.01731,0.19392,0.17202,-17.92684,0.65319,0.77854,0.84089,0.75854,0.8168,0.77572,0.23253,0.2,0.08781,0.94663,2807,96299,198007
Purple Innovation Inc,0,4,3,e,0.72933,Furn/Home Furnishings,4.01,1.31665,PRPL,P,5,PRPL  220715P00005000,123743,7/15/2022 12:00:00 AM,273,30,1.1,1.2,1.34222,73.02998,3,1,-0.40688,-0.22785,662.9349,-0.23754,0.27112,3,3.908,190.3594,0.32967,0.02743,0.28365,0.24688,-0.56031,0.83485,1.08685,1.40756,0.69762,0.80856,0.74866,0.36884,0.2,0.13876,1.37157,5762,98666,101540
Farfetch Limited,0,4,4,e,0.76601,E-Commerce,7.29,1.9651,FTCH,P,6,FTCH  220715P00006000,153430,7/15/2022 12:00:00 AM,174,160,0.4,0.44,1.06749,23.20371,3,1,-0.4529,-0.42434,1591.481,-0.33559,0.48509,2,5.6096,89.99385,0.80774,0.23342,0.07303,-0.17695,-1.1813,1.14582,1.20564,2.09435,0.3776,0.28438,0.29404,0.20615,0.1,0.5503,0.5487,1235,96949,60427
Rite Aid Corp,0,5,4,ev,0.79995,Retail Store,5.92,1.10713,RAD,P,8,RAD   220715P00008000,163751,7/15/2022 12:00:00 AM,150,0,2.2,2.3,2.44296,79.59661,3,1,-0.32592,-0.17968,526.2707,-0.19841,0.21946,3,5.8128,200.4891,0.24654,0.02027,0.38091,0.35135,-0.74286,0.91686,1.11576,1.36016,0.76801,0.86135,0.814,0.45566,0.2,0.10295,1.85811,1194,71783,173723
Farfetch Limited,0,4,4,e,0.76601,E-Commerce,7.29,1.9651,FTCH,P,9,FTCH  220715P00009000,41226,7/15/2022 12:00:00 AM,1521,453,2.11,2.13,2.99434,67.99541,3,1,-0.48955,-0.47758,920.4412,-0.21512,0.25199,2,6.9044,267.9699,0.65983,0.05487,0.30784,0.23457,-1.2711,1.08631,1.11179,2.12814,0.62809,0.73899,0.7342,0.39683,0.2,0.27595,1.44719,871,95773,50696
Farfetch Limited,0,4,4,e,0.76601,E-Commerce,7.29,1.9651,FTCH,P,10,FTCH  220715P00010000,44334,7/15/2022 12:00:00 AM,1390,7,2.94,2.99,4.02609,77.71376,3,1,-0.5544,-0.52299,859.3988,-0.18005,0.20123,2,7.076,350.325,0.37803,0.03155,0.41803,0.37174,-1.07062,1.08471,1.16116,2.43426,0.66628,0.83253,0.81613,0.49694,0.2,0.15935,2.01646,693,72188,43126
2U Inc,0,4,4,e^,0.62791,E-Commerce,7.38,1.36138,TWOU,P,10,TWOU  220715P00010000,59884,7/15/2022 12:00:00 AM,927,22,2.8,3.1,3.66124,74.76928,3,1,-0.52986,-0.32371,719.4842,-0.18201,0.19285,2,7.216,287.0116,0.29422,0.02439,0.39049,0.35501,-1.23467,0.97454,1.40186,2.07286,0.68612,0.84881,0.7633,0.51852,0.2,0.12355,1.89702,2817,72683,80371
Gap Inc,0.05655,5,3,,0.58382,Retail (SoftLines),9.04,0.71717,GPS,P,11,GPS   220715P00011000,85510,7/15/2022 12:00:00 AM,533,8,2.19,2.27,2.29534,77.52144,3,1,-0.15253,-0.03517,484.4978,-0.28545,0.33609,3,8.8276,120.8574,0.30646,0.02544,0.25018,0.21681,-0.89714,0.71346,0.81226,0.84187,0.78497,0.8241,0.79328,0.29754,0.2,0.12881,1.21128,3814,98841,206607
Petroleo Brasileiro ADR,0.13053,5,3,,0.5385,Petroleum (Integrated),12.59,0.69956,PBR,P,13,PBR   220715P00013000,3598,7/15/2022 12:00:00 AM,14243,1635,1,1.09,1.15431,58.4444,3,1,-0.18688,-0.07751,724.6768,-0.54204,0.84483,3,12.0208,61.07764,0.56151,0.04686,0.08493,0.03257,-1.05509,0.45887,0.52059,0.56433,0.59831,0.62027,0.60638,0.11837,0.2,0.23591,0.39714,2723,97545,197296
ChargePoint Holdings Inc,0,5,5,,0.6945,Electrical Equipment,12.1,1.71389,CHPT,P,16,CHPT  220715P00016000,165334,7/15/2022 12:00:00 AM,146,22,4.25,4.45,5.71322,75.98456,3,1,-0.53116,-0.44627,815.0248,-0.19877,0.22317,3,11.7756,293.5396,0.34716,0.02893,0.3633,0.32231,-1.76279,0.97805,1.15513,2.0861,0.67106,0.82756,0.78808,0.44808,0.2,0.14623,1.7562,451,26998,109088
LendingClub Corporation,0,5,4,,0.67714,Internet,12.98,0.85923,LC,P,16,LC    220715P00016000,73992,7/15/2022 12:00:00 AM,670,378,3.2,3.4,3.54584,79.4879,3,1,-0.31393,-0.12221,543.7051,-0.28833,0.33322,3,12.8256,139.0656,0.17324,0.01387,0.2516,0.23267,-1.1756,0.64816,0.82928,0.94474,0.76753,0.85658,0.79743,0.3001,0.2,0.07094,1.23267,1868,71982,187154
Big Lots Inc,0.05006,5,3,,0.60673,Retail Store,23.1,1.18427,BIG,P,20,BIG   220715P00020000,96256,7/15/2022 12:00:00 AM,437,28,0.75,0.9,1.52873,23.44182,3,1,-0.32266,-0.25762,1365.24,-0.49498,0.86117,3,19.28201,47.19793,0.44863,0.16827,0.04056,-0.1342,-2.46243,0.73643,0.80715,1.08724,0.33293,0.26188,0.28039,0.11612,0.1,0.32628,0.32468,725,71848,155104
SpringWorks Therapeutics Inc,0,4,3,e,0.79329,Biotechnology,20.08,1.54249,SWTX,P,20,SWTX  220715P00020000,426889,7/15/2022 12:00:00 AM,5,7,1.95,2.4,3.54405,43.64244,3,1,-0.44618,-0.32101,1137.433,-0.34421,0.46848,3,18.08201,122.1641,1.21261,0.1027,0.10963,-0.00398,-3.30413,0.83714,1.02634,1.51157,0.49509,0.49114,0.49277,0.21346,0.19602,0.49703,0.49543,2879,97171,80908
Urban Outfitters Inc,0,5,3,v,0.51938,Retail (SoftLines),20.7,0.70406,URBN,P,21,URBN  220715P00021000,327896,7/15/2022 12:00:00 AM,18,6,1.45,1.6,1.8454,49.71746,3,1,-0.23247,-0.14437,862.6082,-0.52284,0.83713,3,19.58361,63.07028,0.66832,0.05556,0.07577,0.01449,-2.03428,0.52578,0.58613,0.68503,0.52475,0.53224,0.52892,0.11946,0.2,0.27938,0.35024,1555,96002,181974
Urban Outfitters Inc,0,5,3,v,0.51938,Retail (SoftLines),20.7,0.70406,URBN,P,22,URBN  220715P00022000,279032,7/15/2022 12:00:00 AM,32,4,2,2.25,2.49529,60.91132,3,1,-0.2929,-0.14376,768.1659,-0.48218,0.69974,3,20.03521,79.17569,0.40482,0.03382,0.1016,0.0628,-1.91509,0.49633,0.60101,0.70192,0.61065,0.65447,0.62862,0.14291,0.2,0.17068,0.48309,1565,72405,182109
Urban Outfitters Inc,0,5,3,v,0.51938,Retail (SoftLines),20.7,0.70406,URBN,P,23,URBN  220715P00023000,416188,7/15/2022 12:00:00 AM,5,0,2.7,3,3.26235,70.64876,3,1,-0.34672,-0.15596,692.6917,-0.43702,0.57905,3,20.33681,96.32828,0.23564,0.01932,0.13461,0.11111,-1.70471,0.481,0.62145,0.73628,0.68035,0.76344,0.71065,0.1727,0.2,0.09822,0.65217,1417,71483,179315
Trip com Group Ltd,0,5,4,,0.4638,Internet,20.56,0.65021,TCOM,P,24,TCOM  220715P00024000,205542,7/15/2022 12:00:00 AM,84,0,3.9,4.1,4.12637,74.0704,3,1,-0.1515,-0.01697,520.4387,-0.33889,0.41711,3,20.13841,101.9812,0.27083,0.02237,0.19563,0.16732,-1.97246,0.63084,0.73086,0.74348,0.75329,0.79021,0.75701,0.23974,0.2,0.11347,0.94844,4355,98881,210434
Cheesecake Factory Inc,0.03358,5,3,,0.5241,Restaurant,28.65,0.74171,CAKE,P,25,CAKE  220715P00025000,50861,7/15/2022 12:00:00 AM,1160,73,0.7,0.8,0.93429,21.47241,3,1,-0.12778,-0.0723,1151.536,-0.57908,1.15008,3,24.34001,28.59926,0.33632,0.15343,0.03041,-0.1274,-2.43337,0.62733,0.66723,0.71923,0.26647,0.23735,0.25076,0.08695,0.1,0.24593,0.24433,2849,99899,198411
SpringWorks Therapeutics Inc,0,4,3,e,0.79329,Biotechnology,20.08,1.54249,SWTX,P,25,SWTX  220715P00025000,290435,7/15/2022 12:00:00 AM,28,0,5.2,6,7.30783,75.38495,3,1,-0.59933,-0.34359,837.2209,-0.25951,0.28172,2,19.84001,233.2201,0.17411,0.01394,0.26423,0.24502,-2.44532,0.66936,1.09661,1.67061,0.66752,0.86013,0.7453,0.35496,0.2,0.07132,1.29482,2366,71438,76236
Big Lots Inc,0.05006,5,3,,0.60673,Retail Store,23.1,1.18427,BIG,P,27.5,BIG   220715P00027500,63874,7/15/2022 12:00:00 AM,841,12,4.8,5.1,6.37611,79.15234,3,1,-0.53932,-0.41717,838.9847,-0.33304,0.39602,3,22.74401,182.1735,0.2126,0.01732,0.21305,0.19048,-1.84614,0.57255,0.72437,1.24284,0.68239,0.84844,0.79216,0.25251,0.2,0.08818,1.03896,495,26971,116014
Emergent Biosolutions Inc,0,5,3,,0.51409,Drug,28.28,0.87834,EBS,P,35,EBS   220715P00035000,329125,7/15/2022 12:00:00 AM,18,1,7.1,8.4,8.57302,74.35409,3,1,-0.45354,-0.04702,599.8403,-0.26306,0.28114,3,27.95601,163.9122,0.16835,0.01344,0.25608,0.23762,-3.56407,0.65052,1.13445,1.19042,0.72279,0.86032,0.73247,0.3557,0.2,0.06879,1.2553,3500,70412,204005
GameStop Corp Holding Company,0,4,3,e,0.98528,Retail (Hardlines),118.23,1.72988,GME,P,200,GME   220715P00200000,165568,7/15/2022 12:00:00 AM,146,4,85.7,89,101.3449,78.54176,3,1,-0.45752,-0.34309,549.429,-0.10395,0.1088,2,114.62,405.6624,0.398,0.03324,0.75138,0.69162,-25.42064,1.51302,1.83216,2.78906,0.73399,0.87534,0.82928,0.91911,0.2,0.1678,3.62429,2375,96794,76334
Atlassian Corporation PLC,0,5,4,,0.47563,Computer Software/Svcs,166.38,0.6916,TEAM,P,200,TEAM  220715P00200000,265925,7/15/2022 12:00:00 AM,38,11,36.6,37.7,39.52375,78.36758,3,1,-0.22632,-0.13644,538.4147,-0.31713,0.3791,3,163.72,121.2071,0.21942,0.01791,0.22559,0.20207,-14.38428,0.64617,0.72124,0.83519,0.76623,0.82614,0.7999,0.26378,0.2,0.09115,1.09989,1659,96212,183889
ChargePoint Holdings Inc,0,5,5,,0.6945,Electrical Equipment,12.1,1.67021,CHPT,P,16.5,CHPT  220722P00016500,394231,7/22/2022 12:00:00 AM,8,0,4.7,5,6.32526,76.85841,3,1,-0.55547,-0.43427,723.0396,-0.18295,0.20027,3,11.83201,290.0209,0.24969,0.02479,0.40024,0.36364,-1.50168,0.9058,1.15276,2.03766,0.67614,0.84799,0.79036,0.49932,0.2,0.12591,1.94215,469,26910,111927
Futu Holdings Ltd,0,5,5,,0.83908,Securities Brokerage,41.55,0.98143,FUTU,P,54,FUTU  220722P00054000,625546,7/22/2022 12:00:00 AM,0,0,13.35,14,14.6234,77.92078,3,1,-0.2752,-0.12707,471.4281,-0.22179,0.2503,3,40.75475,155.6208,0.21973,0.02166,0.33035,0.29964,-4.17184,0.78167,0.94143,1.07847,0.7669,0.84263,0.79807,0.39951,0.2,0.11024,1.6065,1787,72806,186002
Futu Holdings Ltd,0,5,5,,0.83908,Securities Brokerage,41.55,0.98143,FUTU,P,55,FUTU  220722P00055000,516401,7/22/2022 12:00:00 AM,1,0,14.2,14.85,15.51729,79.90067,3,1,-0.29254,-0.13819,461.5585,-0.21538,0.24031,3,40.90668,161.858,0.18544,0.01805,0.34998,0.32371,-3.91246,0.77389,0.94273,1.0939,0.77907,0.8615,0.8139,0.41612,0.2,0.09219,1.70878,1635,72411,183453
Ross Stores Inc,0.01567,3,2,,0.37939,Retail (SoftLines),74.96,1.04177,ROST,P,84,ROST  220722P00084000,681104,7/22/2022 12:00:00 AM,0,0,9.7,10.6,15.96842,78.74861,3,1,-0.67974,-0.55906,1099.167,-0.49296,0.64359,1,74.46294,152.3173,0.09876,0.0088,0.13249,0.1206,-3.24378,0.33451,0.46055,1.04448,0.62879,0.8476,0.77197,0.15538,0.2,0.04596,0.64701,3194,97803,7739
Clorox Co,0.03454,5,4,v,0.2585,Household Products,128.9,0.36689,CLX,P,141,CLX   220722P00141000,517992,7/22/2022 12:00:00 AM,1,0,13.1,14.5,15.05382,79.77286,3,1,-0.38436,-0.09744,545.8674,-0.59922,0.83302,3,128.1735,60.8076,0.08904,0.00776,0.10436,0.09387,-4.13423,0.25341,0.37151,0.41162,0.74921,0.86248,0.77173,0.12005,0.2,0.04073,0.50815,2293,71013,192752
Target Corp,0.02297,3,2,,0.33907,Retail Store,144.81,0.82185,TGT,P,160,TGT   220722P00160000,353909,7/22/2022 12:00:00 AM,13,4,17.15,17.65,25.10047,77.60973,3,1,-0.56962,-0.5268,951.0411,-0.53034,0.72555,1,143.1604,117.5414,0.1429,0.01353,0.122,0.1049,-5.99394,0.35198,0.387,0.81784,0.64452,0.80539,0.78322,0.13783,0.2,0.06961,0.59216,4047,103054,10213
Atlassian Corporation PLC,0,5,4,,0.47563,Computer Software/Svcs,166.38,0.68054,TEAM,P,205,TEAM  220722P00205000,426829,7/22/2022 12:00:00 AM,5,0,40.9,43.4,44.82014,79.41508,3,1,-0.28943,-0.09675,479.3168,-0.28878,0.33433,3,164.4976,122.1772,0.14448,0.0137,0.25118,0.23212,-12.30064,0.59032,0.75039,0.83077,0.77395,0.85502,0.79743,0.29911,0.2,0.07046,1.22911,2306,72477,192893
Rite Aid Corp,0,5,4,ev,0.79995,Retail Store,5.92,1.07618,RAD,P,8,RAD   220729P00008000,769219,7/29/2022 12:00:00 AM,0,0,2.15,2.45,2.48057,77.15163,3,1,-0.43292,-0.03413,441.7048,-0.1989,0.19993,3,5.86823,170.8909,0.11063,0.01182,0.3698,0.35135,-0.59357,0.67829,1.15528,1.1961,0.75686,0.89022,0.76449,0.50017,0.2,0.0614,1.81588,3843,70556,206823
Gap Inc,0.05655,5,3,,0.58382,Retail (SoftLines),9.04,0.68215,GPS,P,11.5,GPS   220729P00011500,823061,7/29/2022 12:00:00 AM,0,0,2.67,2.83,2.83384,79.06868,3,1,-0.21642,-0.00466,390.0487,-0.24156,0.27261,3,8.85621,119.9633,0.20239,0.02323,0.30466,0.27212,-0.67565,0.64198,0.81547,0.81929,0.79834,0.8569,0.79944,0.36683,0.2,0.11843,1.47677,4720,96505,212994
Nordstrom Inc,0.02783,4,3,,0.61838,Retail Store,24.96,1.03329,JWN,P,30,JWN   220729P00030000,843111,7/29/2022 12:00:00 AM,0,0,5.45,5.8,6.89305,78.86,3,1,-0.49097,-0.35312,633.0544,-0.31744,0.37461,2,24.61838,144.2758,0.1474,0.01643,0.22428,0.20192,-1.45176,0.50289,0.63908,0.98794,0.69933,0.84766,0.79037,0.26695,0.2,0.08441,1.09175,2191,95723,74346
Ross Stores Inc,0.01567,3,2,,0.37939,Retail (SoftLines),74.96,1.01491,ROST,P,85,ROST  220729P00085000,865370,7/29/2022 12:00:00 AM,0,0,10.7,11.7,17.34911,79.16643,3,1,-0.67903,-0.5518,989.6775,-0.45751,0.58113,1,74.49373,150.8692,0.08668,0.0088,0.14629,0.13394,-2.90739,0.33031,0.46124,1.02909,0.63295,0.85503,0.77573,0.17208,0.2,0.0463,0.71371,3381,97826,8295
Target Corp,0.02297,3,2,,0.33907,Retail Store,144.81,0.80159,TGT,P,160,TGT   220729P00160000,472179,7/29/2022 12:00:00 AM,2,0,17.5,18.15,25.24397,75.68469,3,1,-0.54415,-0.49146,846.5083,-0.50767,0.69272,1,142.8647,106.7449,0.14359,0.01595,0.12509,0.1049,-5.73977,0.34718,0.38731,0.76161,0.64337,0.78992,0.76504,0.14436,0.2,0.08204,0.60424,5301,104546,13529
3D Systems Corporation,0,5,4,,0.75113,Electronics,9.26,0.84717,DDD,P,13,DDD   220819P00013000,57295,8/19/2022 12:00:00 AM,990,382,4,4.05,4.19847,78.8623,3,1,-0.17238,-0.12633,314.8804,-0.17154,0.1905,3,9.04287,137.1795,0.17277,0.02808,0.44774,0.40389,-0.62444,0.7774,0.82066,0.93932,0.79634,0.84163,0.82854,0.52495,0.2,0.14369,2.15983,1797,98056,186179
Futu Holdings Ltd,0,5,5,,0.83908,Securities Brokerage,41.55,0.95365,FUTU,P,60,FUTU  220819P00060000,152323,8/19/2022 12:00:00 AM,177,0,19.6,20.15,20.99356,78.4268,3,1,-0.23466,-0.13603,322.4578,-0.15616,0.17127,3,40.59785,154.4718,0.17049,0.02768,0.48845,0.44404,-3.09079,0.81402,0.91892,1.0636,0.78618,0.85,0.82072,0.58389,0.2,0.14169,2.3586,1663,95924,183986
Knowles Corporation,0,5,3,,0.33624,Telecom. Equipment,18.05,0.57198,KN,P,20,KN    220916P00020000,390470,9/16/2022 12:00:00 AM,8,0,2.25,2.65,2.86842,68.33962,3,1,-0.39923,-0.13539,427.6719,-0.43022,0.56938,3,17.84311,58.4772,0.08196,0.01662,0.13142,0.10803,-0.50943,0.2776,0.39951,0.46207,0.66029,0.75424,0.68367,0.17563,0.2,0.08776,0.62327,1670,70863,184144
AdaptHealth Corporation,0,5,5,e,0.49945,Medical Supplies  (Noninvasive),17.21,0.70019,AHCO,P,22.5,AHCO  220916P00022500,532134,9/16/2022 12:00:00 AM,1,0,5.6,6.3,6.32387,74.23673,3,1,-0.33506,-0.00995,303.9037,-0.20661,0.2232,3,17.00475,104.9804,0.08744,0.01801,0.33602,0.30738,-0.84707,0.50777,0.75603,0.76363,0.74937,0.84408,0.75151,0.44803,0.2,0.09472,1.62696,4568,71654,211894
Trip com Group Ltd,0,5,4,,0.4638,Internet,20.56,0.58371,TCOM,P,28,TCOM  220916P00028000,160291,9/16/2022 12:00:00 AM,157,0,7.9,8.1,8.3478,78.66277,3,1,-0.19154,-0.10201,272.0374,-0.1904,0.21286,3,20.23035,106.1336,0.10471,0.02237,0.39769,0.36187,-0.8759,0.58903,0.65426,0.72858,0.79222,0.84304,0.81769,0.4698,0.2,0.11652,1.92121,2207,97374,191737
SpringWorks Therapeutics Inc,0,4,3,e,0.79329,Biotechnology,20.08,1.20626,SWTX,P,30,SWTX  220916P00030000,144733,9/16/2022 12:00:00 AM,199,0,10.7,11.4,12.56228,72.90008,3,1,-0.38502,-0.22921,324.6443,-0.12826,0.13695,3,19.43966,178.4769,0.17136,0.03884,0.55906,0.49402,-1.503,0.81303,1.01902,1.32205,0.72082,0.82937,0.77617,0.73019,0.2,0.19888,2.66434,5724,99576,101209
Emergent Biosolutions Inc,0,5,3,,0.51409,Drug,28.28,0.75766,EBS,P,45,EBS   220916P00045000,248759,9/16/2022 12:00:00 AM,48,0,17.2,18.8,19.39133,77.26728,3,1,-0.40038,-0.09451,273.8456,-0.12323,0.12049,3,28.00949,173.6382,0.08335,0.01697,0.62336,0.59123,-1.88811,0.72765,1.09882,1.21351,0.77002,0.89108,0.79276,0.82997,0.2,0.08952,3.04102,2347,70846,193410
Alarm com Holdings Inc,0,5,5,e,0.40842,Cyber Security,59.38,0.42987,ALRM,P,70,ALRM  220916P00070000,379713,9/16/2022 12:00:00 AM,10,0,11.8,12.3,12.402,74.28842,3,1,-0.13643,-0.02238,300.8881,-0.32707,0.40007,3,58.52587,61.48055,0.09479,0.01987,0.2074,0.17885,-1.8321,0.38593,0.4369,0.4469,0.75728,0.7904,0.76225,0.24996,0.2,0.10402,0.9936,4190,99514,209310
Atlassian Corporation PLC,0,5,4,,0.47563,Computer Software/Svcs,166.38,0.61539,TEAM,P,230,TEAM  220916P00230000,221588,9/16/2022 12:00:00 AM,68,0,68.4,69.3,71.02277,77.61661,3,1,-0.13222,-0.08523,259.9897,-0.1768,0.1975,3,162.6707,107.8253,0.13016,0.02873,0.42792,0.38238,-7.92523,0.65098,0.68623,0.75017,0.79661,0.83045,0.81776,0.50632,0.2,0.1483,2.05554,2528,99701,195499
Rite Aid Corp,0,5,4,ev,0.79995,Retail Store,5.92,0.96005,RAD,P,9,RAD   221021P00009000,283964,10/21/2022 12:00:00 AM,30,0,3.4,3.6,3.60984,69.52167,3,1,-0.17329,-0.00776,212.5953,-0.11346,0.12197,3,5.65717,125.5561,0.17691,0.05405,0.6135,0.52027,-0.38351,0.80624,0.96767,0.97524,0.75993,0.80347,0.76165,0.81988,0.2,0.27662,2.87162,4630,98020,212346
Rite Aid Corp,0,5,4,ev,0.79995,Retail Store,5.92,0.96005,RAD,P,10,RAD   221021P00010000,234233,10/21/2022 12:00:00 AM,57,0,4.3,4.5,4.60528,74.89433,3,1,-0.24123,-0.07804,203.2764,-0.09839,0.10332,3,5.76353,150.9537,0.12524,0.03716,0.76074,0.68919,-0.35151,0.82584,1.00346,1.0884,0.78648,0.8524,0.80552,0.96791,0.2,0.19216,3.63176,2702,95712,197159
Farfetch Limited,0,4,4,e,0.76601,E-Commerce,7.29,1.52379,FTCH,P,15,FTCH  221021P00015000,47991,10/21/2022 12:00:00 AM,1251,1,7.95,8.1,9.51374,79.36887,3,1,-0.50028,-0.43956,265.0923,-0.07052,0.0737,2,7.14529,291.7762,0.11255,0.03292,1.13401,1.05761,-0.43331,0.99201,1.11256,1.98515,0.7262,0.88559,0.85837,1.35679,0.2,0.17096,5.45267,1104,73433,57560
Array Technologies Inc,0,5,5,e,0.82885,Power,11.87,0.90563,ARRY,P,20,ARRY  221021P00020000,321317,10/21/2022 12:00:00 AM,20,0,8.7,9,9.01207,73.35482,3,1,-0.13132,-0.00486,185.4106,-0.09527,0.10159,3,11.42705,138.1747,0.15825,0.04802,0.77626,0.68492,-0.75992,0.8836,1.01223,1.01717,0.80115,0.83487,0.8023,0.98434,0.2,0.24645,3.6647,4710,99738,212951
Array Technologies Inc,0,5,5,e,0.82885,Power,11.87,0.90563,ARRY,P,22.5,ARRY  221021P00022500,283786,10/21/2022 12:00:00 AM,30,0,10.9,11.3,11.35147,79.70242,3,1,-0.20822,-0.02133,169.1513,-0.08423,0.08638,3,11.74293,158.044,0.08255,0.02275,0.94601,0.89553,-0.62702,0.84782,1.04794,1.07078,0.83818,0.89372,0.8434,1.15772,0.2,0.12008,4.59141,4229,96768,209544
Big Lots Inc,0.05006,5,3,,0.60673,Retail Store,23.1,0.9304,BIG,P,32.5,BIG   221021P00032500,240064,10/21/2022 12:00:00 AM,53,3,10.6,10.8,12.19892,75.44557,3,1,-0.34369,-0.29578,288.826,-0.15163,0.16795,3,22.10646,136.3707,0.17037,0.05195,0.49037,0.40693,-0.96896,0.6406,0.68737,0.97607,0.72698,0.82118,0.80435,0.59543,0.2,0.26609,2.29437,658,71519,145590
Nordstrom Inc,0.02783,4,3,,0.61838,Retail Store,24.96,0.9689,JWN,P,35,JWN   221021P00035000,309459,10/21/2022 12:00:00 AM,22,0,10.85,11.2,13.00535,77.96771,3,1,-0.43043,-0.34918,317.6402,-0.16594,0.183,2,24.37234,141.9489,0.11115,0.03245,0.45563,0.40224,-0.86775,0.55996,0.63984,0.98313,0.7191,0.84581,0.81366,0.54645,0.2,0.16861,2.17348,2252,97777,75129
AMN Healthcare Services Inc,0,4,3,v,0.42574,Human Resources,97.47,0.7531,AMN,P,125,AMN   221021P00125000,504863,10/21/2022 12:00:00 AM,1,0,29.3,30.5,36.45221,77.08034,3,1,-0.45282,-0.36565,361.1299,-0.23339,0.26732,2,96.49408,111.187,0.06923,0.01816,0.31252,0.28245,-2.59887,0.42622,0.49412,0.77894,0.69829,0.82879,0.79358,0.37408,0.2,0.09715,1.50303,1956,96956,71822
Clorox Co,0.03454,5,4,v,0.2585,Household Products,128.9,0.34026,CLX,P,150,CLX   221021P00150000,158276,10/21/2022 12:00:00 AM,161,0,24,24.6,25.96618,78.5708,3,1,-0.22621,-0.15291,277.7157,-0.36534,0.44856,3,126.9529,53.61875,0.08183,0.0225,0.19683,0.16369,-1.96422,0.28515,0.31216,0.36851,0.7624,0.82195,0.80037,0.22293,0.2,0.11884,0.93095,1455,96213,180034
3D Systems Corporation,0,5,4,,0.75113,Electronics,9.26,0.84801,DDD,P,16,DDD   221118P00016000,367056,11/18/2022 12:00:00 AM,11,0,7,7.2,7.44545,78.12785,3,1,-0.24066,-0.12551,182.0234,-0.09892,0.10486,3,9.12337,139.5739,0.08402,0.02808,0.78549,0.72786,-0.37748,0.73254,0.84362,0.9647,0.80145,0.86761,0.83356,0.95367,0.2,0.1481,3.7797,1812,95733,186372
Array Technologies Inc,0,5,5,e,0.82885,Power,11.87,0.89461,ARRY,P,22.5,ARRY  221118P00022500,705888,11/18/2022 12:00:00 AM,0,20,11.1,11.4,11.47512,76.05299,3,1,-0.14786,-0.02803,153.2307,-0.07827,0.08229,3,11.57348,145.1683,0.11234,0.0396,0.98139,0.89553,-0.62082,0.87833,1.00185,1.03074,0.82348,0.86211,0.83033,1.21526,0.2,0.20569,4.67565,4019,99024,208134
Lightspeed Commerce Inc,0,5,5,,0.93364,Computer Software/Svcs,20.04,0.9723,LSPD,P,45,LSPD  221118P00045000,260607,11/18/2022 12:00:00 AM,41,0,25.6,26,26.37526,79.55962,3,1,-0.16676,-0.0765,135.3485,-0.06056,0.06306,3,19.74697,174.2194,0.09343,0.03194,1.3273,1.24551,-1.02294,0.9853,1.09203,1.18249,0.8477,0.89104,0.86685,1.58585,0.2,0.16739,6.38723,2749,98274,197516
AMN Healthcare Services Inc,0,4,3,v,0.42574,Human Resources,97.47,0.76396,AMN,P,130,AMN   221118P00130000,806360,11/18/2022 12:00:00 AM,0,0,33.4,35.7,42.88513,79.13087,3,1,-0.53317,-0.37954,336.486,-0.21183,0.23356,2,97.60235,119.5653,0.03837,0.00893,0.35347,0.33374,-2.03548,0.3809,0.50625,0.81593,0.69863,0.86755,0.79922,0.42816,0.2,0.05234,1.71335,1753,72605,68983
Vertiv Holdings LLC,0,5,4,,0.44315,Public / Private Equity,9.41,0.53447,VRT,P,15,VRT   221216P00015000,261483,12/16/2022 12:00:00 AM,40,2,5.7,6.1,6.14502,78.37097,3,1,-0.29769,-0.02643,174.7743,-0.12379,0.12653,3,9.43602,109.4392,0.04079,0.01169,0.62197,0.59405,-0.26935,0.52959,0.73414,0.75407,0.80153,0.88612,0.80787,0.79036,0.2,0.06752,3.02869,4056,72295,208432
Cinemark Holdings Inc,0,5,4,,0.61396,Recreation,14.63,0.62841,CNK,P,22.5,CNK   221216P00022500,97905,12/16/2022 12:00:00 AM,424,0,8.2,8.5,8.50064,77.49465,3,1,-0.14667,-0.00031,164.2725,-0.13057,0.14083,3,14.50403,93.81158,0.06274,0.02256,0.58249,0.53794,-0.41322,0.55782,0.6535,0.6537,0.81609,0.85437,0.81616,0.71007,0.2,0.12185,2.80246,4869,99082,213872
Trip com Group Ltd,0,5,4,,0.4638,Internet,20.56,0.53731,TCOM,P,30,TCOM  221216P00030000,144109,12/16/2022 12:00:00 AM,200,8,10.1,10.3,10.39135,75.327,3,1,-0.10038,-0.03068,173.6979,-0.14425,0.15912,3,20.17205,86.25918,0.08244,0.0321,0.51661,0.45914,-0.59293,0.5563,0.5994,0.61837,0.79763,0.82282,0.80499,0.62845,0.2,0.16957,2.45623,3950,101313,207591
Trip com Group Ltd,0,5,4,,0.4638,Internet,20.56,0.53731,TCOM,P,31,TCOM  221216P00031000,254003,12/16/2022 12:00:00 AM,45,0,10.9,11.2,11.39078,77.99837,3,1,-0.16881,-0.06254,174.2345,-0.13882,0.15112,3,20.38111,93.74248,0.06237,0.02237,0.55136,0.50778,-0.53736,0.53944,0.60841,0.649,0.80633,0.85084,0.82177,0.66171,0.2,0.12094,2.65078,3096,98200,200595
RumbleOn Inc,0,5,4,,0.92384,E-Commerce,17.35,1.12879,RMBL,P,35,RMBL  221216P00035000,393490,12/16/2022 12:00:00 AM,8,3,17.5,19.9,19.97945,77.38116,3,1,-0.55476,-0.01341,170.4255,-0.09096,0.05527,3,17.81739,180.3669,0.00097,-0.00865,1.00907,1.01729,-0.74553,0.56042,1.2418,1.25868,0.77901,0.9579,0.7821,1.80921,0.2,-0.03416,5.04323,4469,26914,211157
Schrodinger Inc,0,5,4,e,0.78825,IT Service,23.12,0.83406,SDGR,P,40,SDGR  221216P00040000,252739,12/16/2022 12:00:00 AM,45,0,17.3,18.5,18.82281,76.66849,3,1,-0.31709,-0.06,170.9369,-0.09926,0.09925,3,23.06273,132.0416,0.05381,0.01817,0.77118,0.7301,-0.84952,0.63511,0.87421,0.93001,0.79099,0.88217,0.80554,1.00761,0.2,0.0999,3.74135,3167,71917,201152
Lightspeed Commerce Inc,0,5,5,,0.93364,Computer Software/Svcs,20.04,0.97014,LSPD,P,45,LSPD  221216P00045000,152586,12/16/2022 12:00:00 AM,176,0,25.6,26.1,26.57986,78.37893,3,1,-0.19343,-0.0894,128.8762,-0.05966,0.06192,3,19.80807,166.1735,0.08209,0.03194,1.32866,1.24551,-0.90367,0.92342,1.04252,1.14487,0.83549,0.88689,0.85812,1.61511,0.2,0.16875,6.38723,2442,97286,194557
Emergent Biosolutions Inc,0,5,3,,0.51409,Drug,28.28,0.70951,EBS,P,50,EBS   221216P00050000,473138,12/16/2022 12:00:00 AM,2,0,22.6,24.5,24.78857,72.54179,3,1,-0.30929,-0.03709,168.9736,-0.08821,0.08663,3,27.85341,140.2166,0.08039,0.03112,0.83389,0.76803,-1.34395,0.72094,1.00506,1.04377,0.77356,0.86143,0.78217,1.15438,0.2,0.16466,3.99576,3756,72094,206199
Emergent Biosolutions Inc,0,5,3,,0.51409,Drug,28.28,0.70951,EBS,P,55,EBS   221216P00055000,483941,12/16/2022 12:00:00 AM,2,0,27.2,29.3,29.9229,75.97258,3,1,-0.36854,-0.07383,162.3981,-0.07907,0.07372,3,28.29875,161.4938,0.0514,0.01697,0.98749,0.94484,-1.26437,0.72483,1.06312,1.14787,0.78773,0.897,0.80572,1.35644,0.2,0.09393,4.80905,2812,71188,198078
Emergent Biosolutions Inc,0,5,3,,0.51409,Drug,28.28,0.70951,EBS,P,60,EBS   221216P00060000,524330,12/16/2022 12:00:00 AM,1,0,32,34,34.57034,78.61951,3,1,-0.36104,-0.06833,147.3945,-0.07049,0.06484,3,28.54409,171.2595,0.03722,0.0099,1.15193,1.12164,-1.18882,0.75161,1.09592,1.1763,0.81128,0.91641,0.82827,1.5423,0.2,0.05857,5.65771,2941,71294,199311
Alarm com Holdings Inc,0,5,5,e,0.40842,Cyber Security,59.38,0.43216,ALRM,P,72.5,ALRM  221216P00072500,702134,12/16/2022 12:00:00 AM,0,0,14.8,15.7,15.82862,70.11389,3,1,-0.15935,-0.01932,220.1533,-0.24971,0.29512,3,58.35745,56.66241,0.07453,0.02829,0.26557,0.22095,-1.29178,0.36686,0.42797,0.4364,0.72909,0.76599,0.73306,0.33885,0.2,0.15053,1.24621,4287,98549,209962
Alarm com Holdings Inc,0,5,5,e,0.40842,Cyber Security,59.38,0.43216,ALRM,P,75,ALRM  221216P00075000,652337,12/16/2022 12:00:00 AM,0,0,16.9,17.6,17.99142,74.12254,3,1,-0.1734,-0.06011,211.9005,-0.23556,0.2732,3,58.78012,61.74408,0.0607,0.02156,0.29995,0.26305,-1.1639,0.37182,0.42278,0.44982,0.75715,0.8005,0.77088,0.36603,0.2,0.11685,1.42304,3159,98010,201123
Ubiquiti Inc,0.01021,5,3,,0.48208,Wireless Networking,249.51,0.5211,UI,P,330,UI    221216P00330000,579708,12/16/2022 12:00:00 AM,0,0,83.3,90.4,90.80246,78.57327,3,1,-0.29846,-0.01414,201.916,-0.21407,0.23417,3,249.6925,70.7887,0.03993,0.01126,0.34673,0.32259,-4.35002,0.3413,0.47962,0.4865,0.78579,0.87051,0.78909,0.42704,0.2,0.06538,1.66927,4445,72286,210991
Coeur Mining Inc,0,5,3,,0.68463,Precious Metals,3.49,0.69788,CDE,P,6,CDE   230120P00006000,219878,1/20/2023 12:00:00 AM,69,37,2.6,2.7,2.72653,76.50624,3,1,-0.19204,-0.03758,144.9379,-0.09812,0.10347,3,3.46459,110.016,0.06122,0.02579,0.77547,0.7192,-0.10368,0.6274,0.74734,0.77652,0.80975,0.86113,0.81891,0.96649,0.2,0.13971,3.72493,3738,97354,206077
Zedge Inc,0,5,5,v,0.92897,Computer Software/Svcs,4.76,0.90245,ZDGE,P,7.5,ZDGE  230120P00007500,635323,1/20/2023 12:00:00 AM,0,0,2.8,3.3,3.30865,70.78475,3,1,-0.45217,-0.00674,186.333,-0.11911,0.10383,3,4.78074,118.322,0.03869,0.01261,0.60651,0.57563,-0.16873,0.4945,0.89657,0.90265,0.73584,0.87514,0.73723,0.9631,0.2,0.07379,2.94118,4658,70425,212565
Blink Charging Company,0,5,4,ev,1.11958,Power,14.17,1.31322,BLNK,P,15,BLNK  230120P00015000,16439,1/20/2023 12:00:00 AM,4093,22,4.45,4.85,5.91445,37.41805,3,1,-0.27745,-0.20325,272.7487,-0.10721,0.12162,3,10.71148,89.20047,0.58185,0.25547,0.43257,0.05857,-0.87404,0.93014,1.02566,1.2873,0.51834,0.52537,0.52301,0.82225,0.2,1.28811,1.57022,1001,72746,168246
3D Systems Corporation,0,5,4,,0.75113,Electronics,9.26,0.84818,DDD,P,17,DDD   230120P00017000,69926,1/20/2023 12:00:00 AM,733,0,8.05,8.25,8.56874,76.18341,3,1,-0.23392,-0.13776,149.4525,-0.0841,0.08904,3,9.13301,131.5166,0.07465,0.03348,0.91021,0.83585,-0.30844,0.71415,0.80379,0.93221,0.79412,0.85801,0.82944,1.12306,0.2,0.17815,4.34665,1645,95951,183561
3D Systems Corporation,0,5,4,,0.75113,Electronics,9.26,0.84818,DDD,P,18,DDD   230120P00018000,179159,1/20/2023 12:00:00 AM,120,0,8.9,9.3,9.5667,78.12935,3,1,-0.30286,-0.10993,144.2984,-0.07918,0.08004,3,9.29378,141.6094,0.04661,0.01728,0.98879,0.94384,-0.29367,0.68233,0.87116,0.97875,0.80419,0.89043,0.83209,1.24933,0.2,0.09716,4.80562,2062,72217,189860
Farfetch Limited,0,4,4,e,0.76601,E-Commerce,7.29,1.41422,FTCH,P,18,FTCH  230120P00018000,41257,1/20/2023 12:00:00 AM,1520,0,11,11.15,12.77357,76.79802,3,1,-0.46412,-0.41637,169.8346,-0.04954,0.0516,2,7.19378,257.9261,0.08581,0.03978,1.58219,1.46914,-0.3158,0.97187,1.05846,1.81359,0.73612,0.88067,0.86036,1.93791,0.2,0.20967,7.54458,1316,96577,61936
Dynavax Technologies Corp,0,5,5,e,0.80996,Drug,10.4,0.82464,DVAX,P,21,DVAX  230120P00021000,555013,1/20/2023 12:00:00 AM,0,0,10.7,11.3,11.33632,78.769,3,1,-0.28797,-0.01416,130.1964,-0.07601,0.07335,3,10.52608,137.3323,0.03366,0.00962,1.0496,1.01923,-0.33056,0.67036,0.92815,0.94148,0.82701,0.90717,0.83045,1.36341,0.2,0.05884,5.14423,4443,72506,210984
LendingClub Corporation,0,5,4,,0.67714,Internet,12.98,0.78591,LC,P,22,LC    230120P00022000,227700,1/20/2023 12:00:00 AM,62,3,9.5,9.9,10.11623,73.58205,3,1,-0.2145,-0.0715,154.4675,-0.09568,0.10136,3,12.73684,115.363,0.08084,0.03698,0.77077,0.69492,-0.44765,0.66502,0.78609,0.84662,0.78313,0.84052,0.80041,0.98654,0.2,0.19567,3.65948,2868,96565,198600
Array Technologies Inc,0,5,5,e,0.82885,Power,11.87,0.87785,ARRY,P,22.5,ARRY  230120P00022500,431533,1/20/2023 12:00:00 AM,4,0,11.3,11.7,11.73665,70.79697,3,1,-0.14099,-0.01135,131.6784,-0.07133,0.07496,3,11.44222,127.4529,0.11606,0.05644,1.01969,0.89553,-0.54656,0.83508,0.96111,0.97214,0.79653,0.83283,0.79921,1.33403,0.2,0.29299,4.7599,4520,99320,211621
Corsair Gaming Inc,0,5,4,e,0.61147,Entertainment Tech,14.12,0.61309,CRSR,P,22.5,CRSR  230120P00022500,172306,1/20/2023 12:00:00 AM,132,0,8.8,9.05,9.05592,75.7989,3,1,-0.11317,-0.00255,146.0589,-0.1153,0.12446,3,13.94222,92.35114,0.0681,0.02975,0.6531,0.59348,-0.38492,0.58346,0.65624,0.65792,0.81248,0.84141,0.81309,0.80347,0.2,0.15949,3.11615,4783,100641,213417
LendingClub Corporation,0,5,4,,0.67714,Internet,12.98,0.78591,LC,P,24,LC    230120P00024000,750241,1/20/2023 12:00:00 AM,0,0,11.3,11.8,12.11304,77.19125,3,1,-0.27659,-0.09788,147.8105,-0.08563,0.08805,3,12.95837,131.3924,0.05395,0.02157,0.90053,0.849,-0.41025,0.66494,0.8292,0.91917,0.80022,0.87789,0.8248,1.13578,0.2,0.11862,4.35285,2284,72776,192671
Array Technologies Inc,0,5,5,e,0.82885,Power,11.87,0.87785,ARRY,P,25,ARRY  230120P00025000,384444,1/20/2023 12:00:00 AM,9,0,13.6,14,14.07139,74.83634,3,1,-0.15726,-0.02243,120.162,-0.06327,0.06558,3,11.66914,139.5836,0.08548,0.0396,1.20375,1.10615,-0.49951,0.84881,0.98461,1.0072,0.82499,0.86627,0.83046,1.52488,0.2,0.20874,5.72873,4187,98652,209298
LendingClub Corporation,0,5,4,,0.67714,Internet,12.98,0.78591,LC,P,25,LC    230120P00025000,294816,1/20/2023 12:00:00 AM,27,4,12.2,12.9,13.11837,77.78469,3,1,-0.31102,-0.06545,142.5132,-0.08127,0.08,3,13.06914,137.4729,0.04082,0.01387,0.96389,0.92604,-0.41624,0.65754,0.89191,0.95437,0.80681,0.89566,0.823,1.24997,0.2,0.0801,4.69954,3019,72054,199961
LendingClub Corporation,0,5,4,,0.67714,Internet,12.98,0.78591,LC,P,26,LC    230120P00026000,833187,1/20/2023 12:00:00 AM,0,0,13.1,13.8,14.12531,79.96876,3,1,-0.34813,-0.0957,141.5979,-0.07864,0.07609,3,13.1799,146.3621,0.0279,0.00616,1.02627,1.00308,-0.37592,0.64426,0.89375,0.98833,0.81254,0.91327,0.83675,1.31419,0.2,0.04158,5.04622,2321,71461,193136
C3 AI Inc,0,5,4,v,0.8659,Computer Software/Svcs,15.88,0.81144,AI,P,35,AI    230120P00035000,23449,1/20/2023 12:00:00 AM,2895,28,19.6,19.8,19.8839,79.09739,3,1,-0.08542,-0.02433,108.6714,-0.06219,0.06533,3,15.77679,134.8186,0.06895,0.03023,1.28349,1.20403,-0.54096,0.84179,0.89802,0.92041,0.86125,0.88246,0.86716,1.53078,0.2,0.1619,6.17128,4124,102138,208864
Trip com Group Ltd,0,5,4,,0.4638,Internet,20.56,0.5271,TCOM,P,35,TCOM  230120P00035000,82640,1/20/2023 12:00:00 AM,563,0,14.7,15.3,15.39081,79.71834,3,1,-0.21383,-0.02546,143.025,-0.10691,0.11165,3,20.67679,104.3321,0.03876,0.01265,0.7349,0.70233,-0.48221,0.55561,0.68874,0.70673,0.82785,0.88549,0.83408,0.89563,0.2,0.074,3.5749,4089,96590,208628
Weibo Corporation,0,5,5,,0.52113,Internet,20.98,0.54266,WB,P,35,WB    230120P00035000,85489,1/20/2023 12:00:00 AM,533,0,14.4,14.7,14.77167,79.86689,3,1,-0.12346,-0.02254,137.9177,-0.11117,0.11898,3,20.97679,95.71898,0.04803,0.01811,0.70979,0.66826,-0.46963,0.56728,0.63259,0.64718,0.83956,0.87128,0.84508,0.84048,0.2,0.10133,3.43184,4184,100126,209271
Big Lots Inc,0.05006,5,3,,0.60673,Retail Store,23.1,0.82495,BIG,P,37.5,BIG   230120P00037500,153287,1/20/2023 12:00:00 AM,174,3,15.5,15.9,17.54639,79.42357,3,1,-0.38214,-0.29491,193.5901,-0.10965,0.11694,3,22.40371,135.7143,0.09991,0.04762,0.71531,0.62338,-0.5428,0.57011,0.6506,0.92272,0.75824,0.8716,0.83981,0.85517,0.2,0.24886,3.35498,660,71030,145810
Nordstrom Inc,0.02783,4,3,,0.61838,Retail Store,24.96,0.94181,JWN,P,37.5,JWN   230120P00037500,152943,1/20/2023 12:00:00 AM,175,0,13.55,14,16.18217,76.51344,3,1,-0.42668,-0.34279,230.5854,-0.13069,0.14177,2,24.35371,129.5075,0.08704,0.04046,0.57653,0.5024,-0.59959,0.52402,0.6007,0.91401,0.71894,0.84403,0.81113,0.70537,0.2,0.21309,2.71434,2380,97897,76404
Cheesecake Factory Inc,0.03358,5,3,,0.5241,Restaurant,28.65,0.5574,CAKE,P,40,CAKE  230120P00040000,35370,1/20/2023 12:00:00 AM,1838,0,12.7,13,13.08424,75.25521,3,1,-0.10302,-0.02199,162.6373,-0.15569,0.1727,3,27.73062,74.54029,0.099,0.04712,0.47597,0.39616,-0.63277,0.47977,0.52311,0.53487,0.7948,0.82062,0.80002,0.57902,0.2,0.24637,2.2164,4203,101161,209384
Schrodinger Inc,0,5,4,e,0.78825,IT Service,23.12,0.83966,SDGR,P,40,SDGR  230120P00040000,170137,1/20/2023 12:00:00 AM,136,0,17.6,18.7,19.19132,73.44513,3,1,-0.2855,-0.08189,159.4513,-0.09242,0.09501,3,22.83062,124.9628,0.07055,0.03114,0.79648,0.7301,-0.82844,0.65647,0.84354,0.91878,0.77338,0.85307,0.79301,1.05255,0.2,0.16647,3.80623,2599,72564,196240
XPeng Inc,0,5,4,,0.92087,Automotive,23.91,0.90919,XPEV,P,40,XPEV  230120P00040000,17849,1/20/2023 12:00:00 AM,3786,0,17.3,17.6,18.92223,72.39061,3,1,-0.25521,-0.20468,175.009,-0.09537,0.10302,3,23.13062,127.7171,0.10534,0.05061,0.77288,0.67294,-0.86155,0.70957,0.75771,0.95271,0.75114,0.8187,0.80306,0.97069,0.2,0.2638,3.61773,984,73317,167904
Canadian Solar Inc,0,5,5,e,0.56386,Power,30.09,0.57229,CSIQ,P,45,CSIQ  230120P00045000,241871,1/20/2023 12:00:00 AM,52,0,15.8,16.5,16.50447,74.12674,3,1,-0.14918,-0.00095,159.2625,-0.13234,0.14383,3,29.68445,85.49421,0.06781,0.02958,0.55186,0.49551,-0.79866,0.5299,0.62222,0.62281,0.79001,0.82839,0.79023,0.69526,0.2,0.15866,2.62546,4844,98970,213736
Bumble Inc,0,5,4,,0.78932,Internet,28.75,0.84261,BMBL,P,50,BMBL  230120P00050000,140148,1/20/2023 12:00:00 AM,212,3,22,22.5,23.83387,77.83151,3,1,-0.28142,-0.19686,165.3145,-0.09733,0.10375,3,28.53827,127.9709,0.06174,0.02609,0.79648,0.73913,-0.79816,0.63801,0.71308,0.88787,0.78337,0.86226,0.8354,0.96382,0.2,0.1412,3.82609,1040,72645,169758
Dynatrace Inc,0,5,5,,0.5705,Computer Software/Svcs,39.13,0.56692,DT,P,55,DT    230120P00055000,161436,1/20/2023 12:00:00 AM,154,0,17.2,17.8,18.24747,72.64568,3,1,-0.16961,-0.07035,179.045,-0.15373,0.17093,3,38.3921,80.1255,0.07555,0.03399,0.46579,0.40557,-0.97622,0.49458,0.5537,0.5956,0.76107,0.80365,0.77741,0.58503,0.2,0.18071,2.1978,2894,98165,198858
Lightspeed Commerce Inc,0,5,5,,0.93364,Computer Software/Svcs,20.04,0.96821,LSPD,P,55,LSPD  230120P00055000,190913,1/20/2023 12:00:00 AM,103,0,35.4,36.1,36.48586,79.26235,3,1,-0.19423,-0.06355,98.94308,-0.04417,0.04477,3,20.1921,176.3587,0.05461,0.02196,1.81689,1.74451,-0.80364,0.96813,1.12514,1.2015,0.85678,0.90707,0.8725,2.23373,0.2,0.12055,8.83234,3071,97248,200366
Dynatrace Inc,0,5,5,,0.5705,Computer Software/Svcs,39.13,0.56692,DT,P,60,DT    230120P00060000,83675,1/20/2023 12:00:00 AM,552,0,21.6,22.1,22.66059,78.82726,3,1,-0.18592,-0.09415,161.059,-0.13517,0.14684,3,39.04593,90.03971,0.04896,0.01866,0.57327,0.53335,-0.80027,0.50213,0.55874,0.61681,0.80682,0.85635,0.83053,0.68102,0.2,0.10404,2.76003,2358,97577,193492
AMN Healthcare Services Inc,0,4,3,v,0.42574,Human Resources,97.47,0.77838,AMN,P,130,AMN   230120P00130000,904324,1/20/2023 12:00:00 AM,0,0,33.9,36.5,44.17025,75.3351,3,1,-0.5103,-0.36393,287.1587,-0.19747,0.21919,2,97.49951,103.8397,0.04114,0.01406,0.36352,0.33374,-1.73656,0.36449,0.47344,0.74432,0.68352,0.83528,0.77362,0.45622,0.2,0.08104,1.739,1989,73176,72177
AMN Healthcare Services Inc,0,4,3,v,0.42574,Human Resources,97.47,0.77838,AMN,P,135,AMN   230120P00135000,701496,1/20/2023 12:00:00 AM,0,0,38.8,40.8,49.83798,77.54755,3,1,-0.51292,-0.40333,282.3134,-0.18034,0.19885,2,97.65334,115.4712,0.03941,0.01303,0.41409,0.38504,-1.67521,0.39165,0.47977,0.80408,0.69226,0.84877,0.80004,0.5029,0.2,0.07591,1.99036,1443,73116,64385
AMN Healthcare Services Inc,0,4,3,v,0.42574,Human Resources,97.47,0.77838,AMN,P,140,AMN   230120P00140000,806386,1/20/2023 12:00:00 AM,0,0,43.8,44.9,55.64319,79.73452,3,1,-0.51302,-0.45383,280.5238,-0.1665,0.18323,2,97.70717,127.9134,0.03941,0.01303,0.46607,0.43634,-1.57009,0.42187,0.47314,0.86629,0.69848,0.85721,0.82949,0.54575,0.2,0.07591,2.24685,995,73113,54917
Clorox Co,0.03454,5,4,v,0.2585,Household Products,128.9,0.33068,CLX,P,155,CLX   230120P00155000,139896,1/20/2023 12:00:00 AM,213,10,30.2,31.2,32.25106,76.62786,3,1,-0.19046,-0.0944,200.3941,-0.28667,0.33967,3,126.4687,49.03331,0.07171,0.03181,0.25275,0.20248,-1.43766,0.27973,0.31292,0.34554,0.76493,0.81385,0.78743,0.2944,0.2,0.1698,1.17145,2350,97421,193443
Playtika Holding Corporation,0,4,4,,0.55603,Entertainment Tech,12.72,0.68074,PLTK,P,25,PLTK  230616P00025000,773450,6/16/2023 12:00:00 AM,0,0,12.4,12.6,13.50776,79.66031,3,1,-0.32271,-0.25522,123.0173,-0.07889,0.0832,3,13.04735,120.9155,0.02712,0.00943,1.00202,0.96541,-0.17589,0.55515,0.61047,0.81966,0.78762,0.8807,0.85807,1.20186,0.2,0.06506,4.87421,4696,102862,95254
Cinemark Holdings Inc,0,5,4,,0.61396,Recreation,14.63,0.62149,CNK,P,30,CNK   230616P00030000,794713,6/16/2023 12:00:00 AM,0,0,15.3,16.1,16.15528,79.07703,3,1,-0.27793,-0.01546,99.52495,-0.07476,0.07292,3,15.23682,106.5841,0.01299,-0.00478,1.05871,1.05058,-0.22394,0.52555,0.71659,0.72784,0.83068,0.90744,0.83444,1.37135,0.2,-0.00603,5.22898,4401,72728,210732
XPeng Inc,0,5,4,,0.92087,Automotive,23.91,0.91046,XPEV,P,40,XPEV  230616P00040000,410074,6/16/2023 12:00:00 AM,6,0,17.75,18.7,20.45645,64.52883,3,1,-0.31569,-0.20099,145.5623,-0.08206,0.08749,3,22.96576,110.7996,0.0915,0.06943,0.81565,0.67294,-0.67058,0.6345,0.74085,0.92721,0.7029,0.78188,0.74755,1.14299,0.2,0.36503,3.71184,1016,71945,168790
Cheesecake Factory Inc,0.03358,5,3,,0.5241,Restaurant,28.65,0.5277,CAKE,P,45,CAKE  230616P00045000,289790,6/16/2023 12:00:00 AM,28,0,17.5,17.9,18.3519,79.33676,3,1,-0.19495,-0.09849,120.0719,-0.1195,0.12855,3,28.30523,76.80974,0.05906,0.04014,0.65426,0.57068,-0.30472,0.42088,0.47131,0.5228,0.81313,0.86539,0.83809,0.77792,0.2,0.21859,3.0541,2269,97224,192518
XPeng Inc,0,5,4,,0.92087,Automotive,23.91,0.91046,XPEV,P,45,XPEV  230616P00045000,399036,6/16/2023 12:00:00 AM,7,0,22.5,22.75,24.85105,69.83301,3,1,-0.27599,-0.24442,129.5221,-0.07128,0.07638,3,23.30523,122.5168,0.07969,0.05897,1.01789,0.88206,-0.60514,0.68592,0.71583,0.94739,0.74056,0.81353,0.80338,1.30933,0.2,0.31275,4.70514,821,72793,158327
Dynatrace Inc,0,5,5,,0.5705,Computer Software/Svcs,39.13,0.5673,DT,P,65,DT    230616P00065000,487882,6/16/2023 12:00:00 AM,2,0,26.2,27.6,28.28306,76.5653,3,1,-0.27473,-0.08295,125.4356,-0.10887,0.114,3,39.96311,86.18701,0.02611,0.00843,0.69315,0.66113,-0.54093,0.44086,0.55744,0.60786,0.78846,0.86532,0.80881,0.8772,0.2,0.06006,3.34781,2579,72818,196006
Dynatrace Inc,0,5,5,,0.5705,Computer Software/Svcs,39.13,0.5673,DT,P,70,DT    230616P00070000,378262,6/16/2023 12:00:00 AM,10,0,31,32.2,32.79074,79.04834,3,1,-0.24487,-0.07393,112.8878,-0.09592,0.0999,3,40.25258,91.14273,0.021,0.00332,0.81277,0.78891,-0.49997,0.47016,0.57659,0.62262,0.81606,0.88346,0.83456,1.00105,0.2,0.03451,3.96116,2811,95609,198055
C3 AI Inc,0,5,4,v,0.8659,Computer Software/Svcs,15.88,0.79824,AI,P,30,AI    231215P00030000,214611,12/15/2023 12:00:00 AM,74,0,16.2,16.6,16.69754,56.32432,3,1,-0.0792,-0.01541,82.60609,-0.05274,0.05647,3,14.60159,85.20827,0.11754,0.13098,1.20063,0.88917,-0.4199,0.75222,0.80433,0.81692,0.72813,0.74518,0.73127,1.77077,0.2,0.68163,5.10076,4405,102467,210747
C3 AI Inc,0,5,4,v,0.8659,Computer Software/Svcs,15.88,0.79824,AI,P,35,AI    231215P00035000,199748,12/15/2023 12:00:00 AM,92,0,20.5,21,21.1323,62.20282,3,1,-0.10175,-0.02092,73.72008,-0.04636,0.04895,3,15.43519,96.22891,0.08075,0.0869,1.44051,1.20403,-0.37924,0.75039,0.81791,0.83539,0.77154,0.79622,0.77632,2.04308,0.2,0.46123,6.45466,4244,101243,209632
Sportsmans Warehouse Holdings Inc,0,4,3,e,0.53595,Retail (Hardlines),9.29,0.82409,SPWH,P,35,SPWH  231215P00035000,447727,12/15/2023 12:00:00 AM,3,0,25.6,25.8,27.82941,75.70204,3,1,-0.3866,-0.34538,68.96019,-0.02695,0.0278,2,10.33519,190.6962,0.00995,-0.01184,2.75012,2.76749,-0.12084,0.83439,0.89046,1.36028,0.78161,0.89756,0.88257,3.59686,0.2,-0.03248,13.77826,2332,99499,75896
C3 AI Inc,0,5,4,v,0.8659,Computer Software/Svcs,15.88,0.79824,AI,P,40,AI    231215P00040000,243760,12/15/2023 12:00:00 AM,51,0,25.2,25.5,25.68235,65.81758,3,1,-0.07824,-0.02918,65.22759,-0.04017,0.04234,3,15.86879,104.0564,0.06604,0.06801,1.72942,1.51889,-0.35156,0.78693,0.82882,0.85373,0.80379,0.82326,0.81083,2.36181,0.2,0.36677,7.93451,3992,102515,207891
C3 AI Inc,0,5,4,v,0.8659,Computer Software/Svcs,15.88,0.79824,AI,P,50,AI    231215P00050000,261947,12/15/2023 12:00:00 AM,40,3,34.3,34.9,34.98536,72.21892,3,1,-0.11734,-0.01398,54.54675,-0.03276,0.03359,3,17.03599,118.7493,0.02529,0.01134,2.21143,2.14861,-0.2692,0.78373,0.87551,0.88792,0.84776,0.87766,0.85116,2.97693,0.2,0.08339,10.79975,4452,100417,211022
Kinross Gold Corporation,0.02667,5,2,,0.47239,Precious Metals,4.24,0.4717,KGC,P,5,KGC   240119P00005000,722,1/19/2024 12:00:00 AM,37414,0,1.36,1.5,1.50399,51.63339,3,1,-0.14711,-0.00411,130.0202,-0.13759,0.15651,3,3.78208,45.65348,0.12037,0.14151,0.40204,0.17925,-0.06354,0.40722,0.4755,0.47746,0.61651,0.63587,0.61698,0.63894,0.2,0.73596,1.60377,4736,99064,213118
Blink Charging Company,0,5,4,ev,1.11958,Power,14.17,1.33488,BLNK,P,15,BLNK  240119P00015000,104979,1/19/2024 12:00:00 AM,374,1,5.7,6.25,8.72643,30.87605,3,1,-0.398,-0.33151,177.9202,-0.06966,0.07724,3,9.72625,74.7938,0.34387,0.34368,0.64132,0.05857,-0.39811,0.78747,0.87444,1.30809,0.50686,0.5114,0.51026,1.2947,0.2,1.74684,2.01129,615,70877,136818
Schrodinger Inc,0,5,4,e,0.78825,IT Service,23.12,0.85851,SDGR,P,17.5,SDGR  240119P00017500,368143,1/19/2024 12:00:00 AM,11,9,4.1,5,5.45249,21.28815,3,1,-0.18831,-0.0636,170.7753,-0.10188,0.11548,3,13.8973,33.45118,0.20828,0.44883,0.33439,-0.24308,-0.49261,0.68874,0.79456,0.84853,0.38765,0.36254,0.38024,0.86593,0.1,1.80177,1.77336,3068,97492,200352
Corsair Gaming Inc,0,5,4,e,0.61147,Entertainment Tech,14.12,0.61209,CRSR,P,20,CRSR  240119P00020000,202399,1/19/2024 12:00:00 AM,88,0,7.45,8.05,8.16644,53.84504,3,1,-0.16318,-0.0264,112.5245,-0.09385,0.10276,3,13.11834,61.63163,0.09562,0.11119,0.62204,0.41643,-0.26471,0.51723,0.60177,0.61809,0.65845,0.68717,0.66251,0.97312,0.2,0.58437,2.6381,4058,98416,208436
Under Armour Inc,0,5,4,,0.53259,Apparel,8.88,0.54242,UA,P,20,UA    240119P00020000,215578,1/19/2024 12:00:00 AM,73,0,10.9,11.4,11.48366,78.23161,3,1,-0.26947,-0.03394,74.72717,-0.06311,0.06172,3,9.66834,93.66352,0.00264,-0.02477,1.22622,1.25225,-0.06729,0.4723,0.62458,0.64652,0.83058,0.90478,0.83892,1.6201,0.2,-0.09546,6.13739,3853,72960,206883
Blink Charging Company,0,5,4,ev,1.11958,Power,14.17,1.33488,BLNK,P,25,BLNK  240119P00025000,208000,1/19/2024 12:00:00 AM,81,1,13.15,14.05,17.08962,49.87145,3,1,-0.4309,-0.33661,128.6931,-0.05065,0.05352,3,12.56042,123.2231,0.13965,0.16373,1.13812,0.76429,-0.40228,0.75932,0.88512,1.33424,0.62514,0.71245,0.6847,1.86853,0.2,0.84705,4.64008,609,70577,135562
NIO Inc,0,4,4,,0.90987,Automotive,16,0.90427,NIO,P,30,NIO   240119P00030000,6743,1/19/2024 12:00:00 AM,8978,10,15.45,15.9,17.61324,60.68202,3,1,-0.29476,-0.23198,105.5096,-0.05994,0.06408,3,15.40251,103.2527,0.07977,0.09062,1.09027,0.875,-0.32715,0.648,0.70568,0.91883,0.69691,0.76761,0.74897,1.56054,0.2,0.48154,4.82812,5628,104505,100565
3D Systems Corporation,0,5,4,,0.75113,Electronics,9.26,0.84846,DDD,P,32,DDD   240119P00032000,391984,1/19/2024 12:00:00 AM,8,0,22.25,23.35,23.81437,75.44812,3,1,-0.38637,-0.09886,60.28505,-0.03398,0.02767,3,10.65934,147.5625,-0.0136,-0.05292,2.31047,2.45572,-0.10789,0.64808,0.95173,1.05614,0.81737,0.92996,0.84249,3.61452,0.2,-0.23616,12.01404,2261,70989,192420
Blink Charging Company,0,5,4,ev,1.11958,Power,14.17,1.33488,BLNK,P,35,BLNK  240119P00035000,311227,1/19/2024 12:00:00 AM,22,0,20.7,23.75,26.08802,63.47031,3,1,-0.58239,-0.24305,104.6811,-0.04971,0.03251,3,15.29459,161.6189,0.01204,-0.00917,1.47597,1.47001,-0.3143,0.57423,1.04084,1.37504,0.6924,0.88565,0.74668,3.07565,0.2,-0.01745,7.30416,826,26827,158680
Li Auto Inc,0,5,5,v,0.83563,Automotive,29.13,0.81783,LI,P,37,LI    240119P00037000,809074,1/19/2024 12:00:00 AM,0,0,13.5,13.85,16.30833,45.10524,3,1,-0.24341,-0.21354,142.9647,-0.09091,0.10168,3,24.55143,66.96708,0.16692,0.19327,0.60289,0.27017,-0.64126,0.60658,0.63053,0.80173,0.58217,0.60803,0.60402,0.98349,0.2,0.99477,2.3172,934,95657,165771
Li Auto Inc,0,5,5,v,0.83563,Automotive,29.13,0.81783,LI,P,40,LI    240119P00040000,118004,1/19/2024 12:00:00 AM,301,0,15.25,16,18.63145,49.97632,3,1,-0.28719,-0.22397,139.377,-0.08864,0.09806,3,25.88668,74.61465,0.12793,0.15036,0.64458,0.37315,-0.60767,0.57468,0.62565,0.80622,0.61126,0.65412,0.64213,1.01975,0.2,0.78022,2.61758,880,72523,163259
NIO Inc,0,4,4,,0.90987,Automotive,16,0.90427,NIO,P,40,NIO   240119P00040000,10556,1/19/2024 12:00:00 AM,6099,20,24.7,24.85,26.54638,69.48229,3,1,-0.25297,-0.23083,79.37267,-0.04368,0.04611,3,16.43668,122.8498,0.0462,0.04375,1.6428,1.5,-0.26462,0.71323,0.73437,0.95476,0.7685,0.83707,0.83001,2.16883,0.2,0.24717,7.71875,5673,107296,100820
Big Lots Inc,0.05006,5,3,,0.60673,Retail Store,23.1,0.69845,BIG,P,42.5,BIG   240119P00042500,236443,1/19/2024 12:00:00 AM,55,0,20.9,21.5,23.06968,78.7505,3,1,-0.3572,-0.24426,99.66623,-0.07762,0.08078,3,22.80772,99.10313,0.06095,0.06494,0.99601,0.83983,-0.16026,0.43682,0.51357,0.67956,0.77887,0.88403,0.84536,1.23799,0.2,0.35309,4.52381,822,71341,158374
Canadian Solar Inc,0,5,5,e,0.56386,Power,30.09,0.57187,CSIQ,P,45,CSIQ  240119P00045000,527466,1/19/2024 12:00:00 AM,1,0,17.5,18.5,18.69164,58.43725,3,1,-0.13767,-0.0219,105.3068,-0.09349,0.10219,3,28.77876,62.89904,0.07636,0.08608,0.66478,0.49551,-0.50601,0.50121,0.5685,0.58123,0.69424,0.72207,0.69822,0.9786,0.2,0.45879,2.90794,4207,99453,209405
Li Auto Inc,0,5,5,v,0.83563,Automotive,29.13,0.81783,LI,P,45,LI    240119P00045000,128385,1/19/2024 12:00:00 AM,254,0,19.35,20,22.66901,55.45204,3,1,-0.27744,-0.22272,124.1655,-0.07859,0.08584,3,26.92876,83.7449,0.10221,0.11946,0.7828,0.5448,-0.58745,0.58926,0.63389,0.81552,0.65298,0.70692,0.6936,1.1649,0.2,0.62574,3.32132,889,72749,163537
Blink Charging Company,0,5,4,ev,1.11958,Power,14.17,1.33488,BLNK,P,47,BLNK  240119P00047000,657106,1/19/2024 12:00:00 AM,0,0,32.4,34.95,37.24698,67.82128,3,1,-0.51291,-0.22726,76.01755,-0.03361,0.02408,3,15.9356,178.7304,-0.00064,-0.03035,2.2476,2.31687,-0.28288,0.69317,1.09966,1.42307,0.7419,0.9087,0.79958,4.15276,0.2,-0.12331,11.4326,874,27068,162485
Nordstrom Inc,0.02783,4,3,,0.61838,Retail Store,24.96,0.91428,JWN,P,47.5,JWN   240119P00047500,520290,1/19/2024 12:00:00 AM,1,0,23.45,24.7,28.10816,75.06317,3,1,-0.48466,-0.33553,121.2446,-0.0742,0.07486,2,25.39981,122.1069,0.04127,0.03646,1.00347,0.90304,-0.2403,0.45269,0.58369,0.87843,0.72332,0.87496,0.81381,1.33575,0.2,0.21071,4.69752,2523,95923,77919
Canadian Solar Inc,0,5,5,e,0.56386,Power,30.09,0.57187,CSIQ,P,50,CSIQ  240119P00050000,416951,1/19/2024 12:00:00 AM,5,0,21.4,22.7,22.9326,64.42718,3,1,-0.18049,-0.0266,97.15235,-0.08522,0.09087,3,30.02085,71.093,0.05015,0.04952,0.77667,0.66168,-0.44652,0.48832,0.58002,0.59587,0.73728,0.78078,0.7429,1.1005,0.2,0.27601,3.556,4050,97773,208402
Nordstrom Inc,0.02783,4,3,,0.61838,Retail Store,24.96,0.91428,JWN,P,50,JWN   240119P00050000,269406,1/19/2024 12:00:00 AM,36,0,25.9,26.55,30.72563,77.92903,3,1,-0.48129,-0.4022,120.6531,-0.06951,0.07239,2,25.52085,132.5241,0.03993,0.03446,1.10311,1.00321,-0.19306,0.47634,0.54897,0.91831,0.72942,0.88061,0.84665,1.38138,0.2,0.20069,5.1883,1461,96044,64602
Li Auto Inc,0,5,5,v,0.83563,Automotive,29.13,0.81783,LI,P,50,LI    240119P00050000,364661,1/19/2024 12:00:00 AM,11,0,23.45,23.95,26.86994,60.95089,3,1,-0.28473,-0.24197,114.7419,-0.07204,0.07794,3,27.97085,93.26276,0.07823,0.08857,0.91166,0.71644,-0.53472,0.59101,0.62634,0.82627,0.68754,0.75285,0.74052,1.28306,0.2,0.47126,4.02506,829,72576,158956
XPeng Inc,0,5,4,,0.92087,Automotive,23.91,0.91116,XPEV,P,50,XPEV  240119P00050000,79358,1/19/2024 12:00:00 AM,602,0,26.45,28.45,30.95317,68.39682,3,1,-0.42299,-0.22382,103.9166,-0.06057,0.05897,3,24.97085,118.9167,0.02722,0.01506,1.15156,1.09118,-0.37193,0.54173,0.72872,0.93886,0.7245,0.84928,0.77881,1.69589,0.2,0.1037,5.53116,881,70643,163301
Bilibili Inc,0,5,4,,0.73386,Internet,23.48,0.7533,BILI,P,55,BILI  240119P00055000,565973,1/19/2024 12:00:00 AM,0,0,32.95,34.05,34.08131,64.30746,3,1,-0.12506,-0.00341,68.197,-0.04428,0.04598,3,23.61293,97.17096,0.05809,0.0609,1.52275,1.34242,-0.48734,0.71392,0.81318,0.81596,0.78693,0.81847,0.78772,2.17482,0.2,0.33293,7.01661,4756,100039,213250
Dynatrace Inc,0,5,5,,0.5705,Computer Software/Svcs,39.13,0.56751,DT,P,55,DT    240119P00055000,56794,1/19/2024 12:00:00 AM,1002,0,19.2,20.2,21.36346,57.92214,3,1,-0.19429,-0.10388,121.7028,-0.10926,0.12118,3,37.36293,61.1808,0.07564,0.0851,0.56473,0.40557,-0.59748,0.45956,0.51113,0.57038,0.66704,0.70397,0.68502,0.82521,0.2,0.45392,2.45336,2176,97246,191307
Li Auto Inc,0,5,5,v,0.83563,Automotive,29.13,0.81783,LI,P,55,LI    240119P00055000,888840,1/19/2024 12:00:00 AM,0,0,27.75,28.25,31.19531,65.15249,3,1,-0.28777,-0.24406,105.2412,-0.06548,0.07018,3,28.81293,101.0865,0.06067,0.06454,1.04677,0.88809,-0.48849,0.59673,0.63335,0.83783,0.71631,0.78901,0.77535,1.42498,0.2,0.35111,4.76313,823,72509,158429
Lightspeed Commerce Inc,0,5,5,,0.93364,Computer Software/Svcs,20.04,0.96175,LSPD,P,55,LSPD  240119P00055000,300772,1/19/2024 12:00:00 AM,25,0,35.3,37.1,38.24678,67.52944,3,1,-0.3083,-0.1135,70.71976,-0.03825,0.03675,3,21.26293,127.3468,0.02845,0.01697,1.8203,1.74451,-0.38538,0.70438,0.90275,1.01833,0.7765,0.8642,0.8045,2.72122,0.2,0.11325,8.80739,1995,72111,189073
Bumble Inc,0,5,4,,0.78932,Internet,28.75,0.84608,BMBL,P,60,BMBL  240119P00060000,426052,1/19/2024 12:00:00 AM,5,0,32.3,33.5,35.65922,68.07808,3,1,-0.29363,-0.18343,92.47056,-0.05829,0.06082,3,29.40502,105.6988,0.04131,0.03652,1.19448,1.08696,-0.45452,0.59223,0.68462,0.83841,0.74723,0.82704,0.79256,1.64416,0.2,0.21103,5.61739,1166,72390,172847
Canadian Solar Inc,0,5,5,e,0.56386,Power,30.09,0.57187,CSIQ,P,60,CSIQ  240119P00060000,454804,1/19/2024 12:00:00 AM,3,0,30.1,31.5,31.82965,72.81858,3,1,-0.21562,-0.03847,82.70505,-0.07023,0.07222,3,31.60502,84.55451,0.02166,0.00631,1.03511,0.99402,-0.33526,0.49183,0.60291,0.62703,0.79755,0.85585,0.80682,1.38457,0.2,0.05999,5.00166,3713,96534,205854
Lightspeed Commerce Inc,0,5,5,,0.93364,Computer Software/Svcs,20.04,0.96175,LSPD,P,60,LSPD  240119P00060000,254828,1/19/2024 12:00:00 AM,44,24,40.2,41.4,42.95905,69.99429,3,1,-0.28503,-0.15394,66.32171,-0.03439,0.03448,3,21.50502,134.809,0.02525,0.01198,2.05872,1.99401,-0.34579,0.7436,0.87994,1.04004,0.7912,0.87155,0.83099,2.90015,0.2,0.0883,10.02994,1437,72570,179778
Overstock com Inc,0,4,4,e,0.98086,Internet,29.37,0.99372,OSTK,P,60,OSTK  240119P00060000,181456,1/19/2024 12:00:00 AM,116,0,33.15,34.25,37.9697,61.19423,3,1,-0.32354,-0.24765,100.6012,-0.0519,0.05489,3,28.55502,115.2911,0.07616,0.0858,1.26305,1.0429,-0.63365,0.68821,0.76542,1.01737,0.70268,0.78425,0.7603,1.8217,0.2,0.45743,5.64351,5077,102821,96966
Schrodinger Inc,0,5,4,e,0.78825,IT Service,23.12,0.85851,SDGR,P,60,SDGR  240119P00060000,307757,1/19/2024 12:00:00 AM,23,2,36.9,38.1,40.26418,73.06786,3,1,-0.33667,-0.20579,79.42594,-0.04491,0.04531,3,24.80502,128.6508,0.01824,0.00087,1.62582,1.59516,-0.30829,0.63068,0.75512,0.95078,0.77876,0.87653,0.83323,2.20706,0.2,0.03274,7.9801,978,71625,167635
XPeng Inc,0,5,4,,0.92087,Automotive,23.91,0.91116,XPEV,P,60,XPEV  240119P00060000,284359,1/19/2024 12:00:00 AM,30,0,36.45,37.25,40.00813,72.22595,3,1,-0.33013,-0.2485,83.92519,-0.04604,0.04776,3,25.25502,129.2497,0.02722,0.01506,1.57619,1.50941,-0.33285,0.64732,0.7262,0.96634,0.76676,0.8615,0.83373,2.09396,0.2,0.1037,7.62233,814,71732,157326
Bumble Inc,0,5,4,,0.78932,Internet,28.75,0.84608,BMBL,P,65,BMBL  240119P00065000,800739,1/19/2024 12:00:00 AM,0,0,36.7,37.6,40.32549,72.49092,3,1,-0.31739,-0.23134,89.58903,-0.05495,0.05733,3,30.1471,115.6874,0.0276,0.01565,1.32524,1.26087,-0.3675,0.58826,0.66242,0.86178,0.76456,0.85458,0.82589,1.74438,0.2,0.10668,6.38261,863,71912,161485
Overstock com Inc,0,4,4,e,0.98086,Internet,29.37,0.99372,OSTK,P,65,OSTK  240119P00065000,355323,1/19/2024 12:00:00 AM,12,10,38.15,38.65,42.45732,62.8061,3,1,-0.28637,-0.25183,91.65128,-0.04661,0.04954,3,28.6971,119.7363,0.07616,0.0858,1.44927,1.21314,-0.62796,0.73467,0.77023,1.02948,0.72147,0.79471,0.78374,2.01877,0.2,0.45743,6.49472,4812,105042,96001
Bumble Inc,0,5,4,,0.78932,Internet,28.75,0.84608,BMBL,P,70,BMBL  240119P00070000,475417,1/19/2024 12:00:00 AM,2,0,41.4,42.2,45.0446,74.51465,3,1,-0.31674,-0.23933,84.03635,-0.05027,0.05229,3,30.58919,122.1185,0.02097,0.00522,1.47597,1.43478,-0.33097,0.60467,0.67318,0.88498,0.77882,0.86957,0.84374,1.91248,0.2,0.0545,7.2,838,71919,159603
Overstock com Inc,0,4,4,e,0.98086,Internet,29.37,0.99372,OSTK,P,70,OSTK  240119P00070000,430796,1/19/2024 12:00:00 AM,4,0,42.55,43.25,46.99967,65.25935,3,1,-0.29555,-0.2467,86.24478,-0.04353,0.0459,3,29.43919,125.8792,0.06127,0.06537,1.57851,1.38338,-0.58951,0.73376,0.78465,1.04161,0.73779,0.8169,0.80094,2.17882,0.2,0.35528,7.24379,5114,104460,97175
Schrodinger Inc,0,5,4,e,0.78825,IT Service,23.12,0.85851,SDGR,P,70,SDGR  240119P00070000,209216,1/19/2024 12:00:00 AM,80,2,46.3,49.2,49.64613,71.2361,3,1,-0.33948,-0.04018,63.36166,-0.0377,0.0317,3,25.68919,130.0732,0.00246,-0.02509,1.982,2.02768,-0.37003,0.65128,0.94639,0.98601,0.80619,0.90456,0.81597,3.1543,0.2,-0.09702,10.01298,3675,71576,205498
Overstock com Inc,0,4,4,e,0.98086,Internet,29.37,0.99372,OSTK,P,75,OSTK  240119P00075000,726711,1/19/2024 12:00:00 AM,0,0,47,47.95,51.5862,67.31473,3,1,-0.30518,-0.23799,81.32239,-0.04078,0.04258,3,30.13127,131.3423,0.04818,0.04665,1.70699,1.55363,-0.55307,0.73208,0.80288,1.05363,0.75205,0.83647,0.81424,2.34861,0.2,0.26165,8.00136,5425,103882,99141
Bumble Inc,0,5,4,,0.78932,Internet,28.75,0.84608,BMBL,P,80,BMBL  240119P00080000,657056,1/19/2024 12:00:00 AM,0,0,50.6,52.3,54.59023,76.34889,3,1,-0.34768,-0.18401,73.60285,-0.04317,0.0423,3,31.67336,131.4883,0.00393,-0.02261,1.74951,1.78261,-0.29877,0.60665,0.75886,0.92999,0.80077,0.90224,0.84961,2.36401,0.2,-0.08463,8.8,1158,71470,172709
Overstock com Inc,0,4,4,e,0.98086,Internet,29.37,0.99372,OSTK,P,85,OSTK  240119P00085000,484806,1/19/2024 12:00:00 AM,2,0,56.3,57.3,60.86122,70.37753,3,1,-0.30386,-0.2316,72.63933,-0.0358,0.03704,3,31.11544,140.3706,0.03224,0.02281,1.99009,1.89411,-0.49009,0.74978,0.8276,1.07705,0.77573,0.86185,0.83801,2.69958,0.2,0.14248,9.58461,5644,103978,100646
Pinduoduo Inc,0,5,5,,0.77529,E-Commerce,54.52,0.80488,PDD,P,110,PDD   240119P00110000,100094,1/19/2024 12:00:00 AM,407,0,58.65,60.15,64.57339,65.68768,3,1,-0.26474,-0.19488,94.46056,-0.05855,0.06213,3,54.47587,102.828,0.05615,0.05814,1.17058,1.01761,-0.94931,0.62153,0.68058,0.84532,0.73526,0.80378,0.7826,1.60945,0.2,0.31914,5.37876,1059,73073,170211
Pinduoduo Inc,0,5,5,,0.77529,E-Commerce,54.52,0.80488,PDD,P,125,PDD   240119P00125000,258304,1/19/2024 12:00:00 AM,42,0,71.4,73.75,78.18888,71.30556,3,1,-0.31038,-0.19521,86.31176,-0.05281,0.05443,3,57.15212,114.7716,0.02839,0.01687,1.36051,1.29274,-0.76354,0.5994,0.6995,0.86917,0.76658,0.85431,0.81703,1.83707,0.2,0.11279,6.54806,1056,72067,170137
Pinduoduo Inc,0,5,5,,0.77529,E-Commerce,54.52,0.80488,PDD,P,135,PDD   240119P00135000,240779,1/19/2024 12:00:00 AM,52,0,81,82.65,87.40763,73.47784,3,1,-0.29285,-0.21033,80.264,-0.04805,0.04993,3,57.83629,120.388,0.0237,0.00954,1.52842,1.47616,-0.68796,0.62565,0.69866,0.88475,0.78332,0.86605,0.83943,2.00293,0.2,0.07611,7.42847,952,72406,166491
Pinduoduo Inc,0,5,5,,0.77529,E-Commerce,54.52,0.80488,PDD,P,140,PDD   240119P00140000,414067,1/19/2024 12:00:00 AM,6,0,85.8,87.35,92.04889,74.14964,3,1,-0.28564,-0.20775,77.20827,-0.04585,0.0476,3,58.17838,122.535,0.02138,0.00587,1.61144,1.56787,-0.66562,0.63747,0.70698,0.89237,0.79072,0.87126,0.84639,2.10101,0.2,0.05776,7.86867,969,72559,167144
Pinduoduo Inc,0,5,5,,0.77529,E-Commerce,54.52,0.80488,PDD,P,145,PDD   240119P00145000,770260,1/19/2024 12:00:00 AM,0,0,90.65,92.1,96.70772,74.63314,3,1,-0.27657,-0.20366,74.24258,-0.04373,0.04538,3,58.47046,124.3678,0.01965,0.00312,1.69631,1.65957,-0.65032,0.65098,0.71659,0.89985,0.79757,0.87522,0.85222,2.20372,0.2,0.04401,8.31346,997,72777,168147
Clorox Co,0.03454,5,4,v,0.2585,Household Products,128.9,0.32105,CLX,P,170,CLX   240119P00170000,401188,1/19/2024 12:00:00 AM,7,1,45.4,48.9,51.12935,79.71507,3,1,-0.3798,-0.13193,124.5436,-0.19757,0.21388,3,129.4309,48.25862,0.0392,0.03336,0.39278,0.31885,-0.25781,0.20275,0.28378,0.32691,0.76835,0.88151,0.80091,0.46756,0.2,0.19521,1.76106,1715,71059,184940
BioNTech SE,0,4,4,,0.9843,Biotechnology,133.62,0.95299,BNTX,P,220,BNTX1 240119P00220000,320816,1/19/2024 12:00:00 AM,20,0,98.5,103,124.0341,59.13279,3,1,-0.40113,-0.32927,138.4859,-0.07556,0.08151,2,127.7517,104.2741,0.07983,0.0907,0.83912,0.64646,-2.52031,0.57026,0.63869,0.95223,0.65163,0.7424,0.71939,1.22685,0.2,0.48194,3.68583,2664,98895,79180
BioNTech SE,0,4,4,,0.9843,Biotechnology,133.62,0.95299,BNTX,P,230,BNTX1 240119P00230000,283769,1/19/2024 12:00:00 AM,30,0,106.5,111.5,132.4753,61.36824,3,1,-0.40791,-0.32713,133.334,-0.07277,0.07789,2,130.0359,108.6207,0.06874,0.07574,0.89077,0.7213,-2.41535,0.56591,0.64312,0.95579,0.66457,0.76354,0.73617,1.28383,0.2,0.4071,3.98518,2731,98631,79639
Bill.com Holdings Inc,0,5,4,v,0.81491,Internet,105.76,0.86453,BILL,P,250,BILL  240119P00250000,195818,1/19/2024 12:00:00 AM,97,0,147.7,152.5,161.5551,68.54145,3,1,-0.29648,-0.18795,83.40707,-0.04757,0.04914,3,109.4043,118.234,0.03877,0.03272,1.47221,1.36384,-1.78635,0.65533,0.75642,0.9315,0.75954,0.84179,0.80729,2.03519,0.2,0.19199,6.98279,1121,72321,171773
BioNTech SE,0,4,4,,0.9843,Biotechnology,133.62,0.95299,BNTX,P,250,BNTX1 240119P00250000,267518,1/19/2024 12:00:00 AM,37,0,123.5,128.5,149.6286,65.29845,3,1,-0.41163,-0.32847,123.6646,-0.06734,0.07131,2,133.6042,116.4803,0.05276,0.05329,1.0047,0.87098,-2.20275,0.56675,0.64686,0.96326,0.68793,0.79752,0.7672,1.40223,0.2,0.29484,4.62131,2693,98474,79359
Bill.com Holdings Inc,0,5,4,v,0.81491,Internet,105.76,0.86453,BILL,P,260,BILL  240119P00260000,307510,1/19/2024 12:00:00 AM,23,0,156.5,161.5,170.7739,70.15634,3,1,-0.30715,-0.19239,81.2834,-0.04614,0.04731,3,110.8884,122.0525,0.0313,0.02137,1.54049,1.4584,-1.66482,0.6509,0.75871,0.93945,0.76785,0.85456,0.81756,2.11383,0.2,0.13526,7.39883,1086,72130,170774
BioNTech SE,0,4,4,,0.9843,Biotechnology,133.62,0.95299,BNTX,P,260,BNTX1 240119P00260000,254168,1/19/2024 12:00:00 AM,44,0,132.5,137,158.3231,66.95611,3,1,-0.40759,-0.33162,119.022,-0.06459,0.06833,2,134.8884,119.9147,0.0476,0.0458,1.06763,0.94582,-2.10409,0.57293,0.6464,0.96711,0.69848,0.80999,0.78173,1.46353,0.2,0.25742,4.95809,2606,98642,78667
Bill.com Holdings Inc,0,5,4,v,0.81491,Internet,105.76,0.86453,BILL,P,270,BILL  240119P00270000,655680,1/19/2024 12:00:00 AM,0,0,166,171,180.0359,70.83794,3,1,-0.30192,-0.18691,78.09041,-0.04402,0.04501,3,111.6726,124.2668,0.02824,0.01664,1.62457,1.55295,-1.62865,0.66128,0.77023,0.94729,0.77553,0.86097,0.82414,2.22159,0.2,0.11162,7.84796,1130,72231,172029
BioNTech SE,0,4,4,,0.9843,Biotechnology,133.62,0.95299,BNTX,P,270,BNTX1 240119P00270000,206919,1/19/2024 12:00:00 AM,83,0,141,146,167.0866,68.62597,3,1,-0.41397,-0.32802,115.018,-0.06242,0.06551,2,136.6726,123.4009,0.04001,0.03458,1.12144,1.02066,-1.98864,0.56904,0.6525,0.97101,0.70837,0.82541,0.79288,1.52653,0.2,0.2013,5.27616,2703,98376,79454
Bill.com Holdings Inc,0,5,4,v,0.81491,Internet,105.76,0.86453,BILL,P,280,BILL  240119P00280000,444310,1/19/2024 12:00:00 AM,3,0,175.5,180,189.336,71.86009,3,1,-0.29766,-0.19325,75.69263,-0.04227,0.04333,3,112.4568,127.0872,0.02521,0.01191,1.70784,1.6475,-1.55004,0.67074,0.77045,0.95501,0.78263,0.86697,0.83353,2.30804,0.2,0.08799,8.29709,1078,72296,170569
Bill.com Holdings Inc,0,5,4,v,0.81491,Internet,105.76,0.86453,BILL,P,290,BILL  240119P00290000,655681,1/19/2024 12:00:00 AM,0,0,185,189.5,198.6697,72.49235,3,1,-0.29409,-0.18938,73.05941,-0.04052,0.04145,3,113.2409,129.2243,0.02221,0.00719,1.79032,1.74206,-1.50563,0.67951,0.7803,0.9626,0.78922,0.87256,0.83928,2.41257,0.2,0.06435,8.74622,1108,72372,171444
ASML Holding NV,0.01374,5,4,,0.38038,Semiconductor,494.27,0.34318,ASML,P,740,ASML  240119P00740000,382818,1/19/2024 12:00:00 AM,9,0,255.2,263.3,264.392,76.44811,3,1,-0.13378,-0.01519,95.71187,-0.13629,0.14861,3,505.8286,51.36605,0.02987,0.01916,0.55482,0.49716,-2.47199,0.31429,0.35732,0.36283,0.80621,0.84073,0.80985,0.67292,0.2,0.12421,2.58158,4414,99633,210814
ASML Holding NV,0.01374,5,4,,0.38038,Semiconductor,494.27,0.34318,ASML,P,750,ASML  240119P00750000,344175,1/19/2024 12:00:00 AM,14,0,263.8,271.3,273.3776,77.53644,3,1,-0.14101,-0.0292,94.79817,-0.13413,0.14583,3,507.5127,52.51084,0.02804,0.01633,0.57099,0.51739,-2.24242,0.31414,0.35503,0.36571,0.81224,0.84888,0.81933,0.68575,0.2,0.11005,2.66858,3990,99318,207888
ASML Holding NV,0.01374,5,4,,0.38038,Semiconductor,494.27,0.34318,ASML,P,760,ASML  240119P00760000,390848,1/19/2024 12:00:00 AM,8,0,273,280.2,282.4066,78.19151,3,1,-0.13947,-0.03123,93.19923,-0.13101,0.14207,3,508.5969,53.37295,0.027,0.01471,0.58899,0.53762,-2.13348,0.31719,0.35709,0.3686,0.81795,0.85421,0.82558,0.7039,0.2,0.10196,2.76165,3934,99388,207486
ASML Holding NV,0.01374,5,4,,0.38038,Semiconductor,494.27,0.34318,ASML,P,770,ASML  240119P00770000,355299,1/19/2024 12:00:00 AM,12,0,281.2,289,291.4786,79.18674,3,1,-0.15504,-0.03532,92.29158,-0.12906,0.13924,3,510.6811,54.47901,0.02467,0.01107,0.6037,0.55785,-1.91125,0.31391,0.35839,0.37151,0.82336,0.86402,0.83203,0.71821,0.2,0.08375,2.8446,3808,98742,206573
ASML Holding NV,0.01374,5,4,,0.38038,Semiconductor,494.27,0.34318,ASML,P,780,ASML  240119P00780000,427411,1/19/2024 12:00:00 AM,5,0,290.2,298.2,300.589,79.80329,3,1,-0.15816,-0.03408,90.84244,-0.12625,0.13578,3,511.9652,55.33471,0.02338,0.00904,0.6209,0.57808,-1.79593,0.31521,0.36167,0.37443,0.82849,0.86999,0.83686,0.73649,0.2,0.07364,2.93564,3845,98621,206843
