Company,DIV'D,CMRK,TechRank,^vCM,HISTVO,INDUST,CMPRICE,VOLF,TKR,C/P,STRIKE,OPTKR,Record Number,EXPDAY,OI,VOL,BID,ASK,EST,DLTA,Bid oprk,Ask oprk,Bid UN/OV,Ask UN/OV,RVOPT,10%,-10%,CCMPRK,CCMPBE,CCMPRV,CCPWPA,CCPWPT,CCPWMX,I/OTM,THETA,Bid Implied,Ask Implied,VOLFADJ,PrtbStrk VOLF,Bid PrtbStrk Implied,Ask PrtbStrk Implied,PctDble,Margin,Yld Margin,Max Margin,ROBUY,ROWRT,ROCCMP,06/18/2021
GTT Communications Inc,0,3,3,^,0.72617,Wireless Networking,2.19,0.77084,GTT,P,2,GTT   210716P00002000,8020,7/16/2021 12:00:00 AM,6101,729,0.35,0.4,0.07645,32.79631,5,3,1.88411,2.22606,233.9545,-0.17508,0.21026,5,1.65281,39.82383,2.6875,0.24798,0.21353,-0.08676,-0.76491,1.89114,2.11536,0.65571,0.30902,0.43137,0.43858,0.47561,0.11324,1.4127,1.41129,382036,320963,382143
Invesco Mortgage Capital Inc,0.08654,3,4,,0.56592,R.E.I.T.,3.99,0.35762,IVR,P,3.5,IVR   210716P00003500,610,7/16/2021 12:00:00 AM,34450,514,0.11,0.12,0.01436,23.01879,5,3,1.05637,1.14528,511.7601,-0.56778,1.1009,4,3.39492,14.11904,0.4261,0.15178,0.03385,-0.12281,-0.40491,0.68111,0.71056,0.33122,0.08933,0.25656,0.26536,0.09083,0.1,0.2771,0.27569,348133,319782,352124
Atossa Therapeutics Inc,0,3,3,,1.05815,Medical Supplies  (Noninvasive),5.3,1.06613,ATOS,P,4.5,ATOS  210716P00004500,22160,7/16/2021 12:00:00 AM,2354,600,0.95,1,0.26021,27.89359,5,3,1.31855,1.41328,296.9073,-0.13955,0.1653,5,3.55633,54.3331,3.38584,0.33159,0.26901,-0.15094,-2.14185,2.43877,2.53841,1.05185,0.28889,0.40513,0.40879,0.60495,0.1,1.79386,1.79245,363259,320570,365304
Atossa Therapeutics Inc,0,3,3,,1.05815,Medical Supplies  (Noninvasive),5.3,1.06613,ATOS,P,5,ATOS  210716P00005000,25283,7/16/2021 12:00:00 AM,2035,2201,1.2,1.3,0.43263,33.23792,5,3,1.38815,1.57363,260.5063,-0.13088,0.15221,5,3.80703,61.17131,3.99229,0.28443,0.3172,-0.0566,-2.29186,2.37339,2.55772,0.99382,0.41565,0.46446,0.46702,0.65698,0.1434,1.58035,1.57895,369227,320671,370622
Nabriva Therapeutics PLC,0,3,3,,0.77608,Drug,1.35,0.7894,NBRV,P,5,NBRV1 210716P00005000,536842,7/16/2021 12:00:00 AM,0,0,4.3,5,3.64766,24.39194,5,3,2.72497,4.02728,151.8249,-0.04847,-0.03397,5,0.70703,89.84996,11.70489,0.48148,6.14426,2.7037,-1.76781,7.40948,9.99996,1.98914,0.99017,0.73442,0.67868,-2.94416,0.2,2.40881,15.92593,389719,321145,389620
Atossa Therapeutics Inc,0,3,3,,1.05815,Medical Supplies  (Noninvasive),5.3,1.06613,ATOS,P,5.5,ATOS  210716P00005500,111992,7/16/2021 12:00:00 AM,242,188,1.55,1.9,0.69859,36.62336,5,3,1.46974,2.10007,206.9718,-0.10897,0.11727,5,3.95773,67.00854,4.31932,0.25472,0.39381,0.03774,-2.64914,2.44015,3.06293,0.98802,0.55091,0.52066,0.51646,0.85277,0.2,1.27499,1.46226,380546,320751,380667
Atossa Therapeutics Inc,0,3,3,,1.05815,Medical Supplies  (Noninvasive),5.3,1.06613,ATOS,P,6,ATOS  210716P00006000,112245,7/16/2021 12:00:00 AM,241,105,1.95,2.15,1.04987,41.1799,5,3,1.48986,1.82641,202.2634,-0.10119,0.11247,5,4.05844,77.96803,3.90233,0.23585,0.48289,0.13208,-2.70357,2.54566,2.88975,1.02241,0.66479,0.56786,0.55984,0.88914,0.2,1.18065,1.83962,376028,320773,376543
Atossa Therapeutics Inc,0,3,3,,1.05815,Medical Supplies  (Noninvasive),5.3,1.06613,ATOS,P,7.5,ATOS  210716P00007500,49940,7/16/2021 12:00:00 AM,869,22,3.2,3.6,2.3767,48.52688,5,3,1.2086,1.74913,175.117,-0.07475,0.07725,5,4.31055,111.8113,2.94472,0.18868,0.74559,0.41509,-3.13816,2.74799,3.42052,1.24422,0.83793,0.67235,0.64007,1.29442,0.2,0.9448,3.01887,374262,320375,374998
DiaMedica Therapeutics Inc,0,3,3,,0.96664,Biotechnology,8,0.89821,DMAC,P,7.5,DMAC  210716P00007500,154713,7/16/2021 12:00:00 AM,125,7,1.3,1.55,0.53855,34.67866,5,3,1.02647,1.36656,320.3078,-0.17887,0.2128,4,6.21055,56.72015,2.65674,0.22641,0.21108,-0.0625,-2.76394,1.78982,2.09019,0.88322,0.39555,0.448,0.45544,0.46992,0.1375,1.18322,1.18182,361145,319601,363460
Vertex Energy Inc,0,3,3,e,0.81641,Environmental,7.52,0.87376,VTNR,P,7.5,VTNR  210716P00007500,22499,7/16/2021 12:00:00 AM,2313,570,1.35,1.45,0.69974,40.24047,5,3,0.92189,1.06555,341.6467,-0.19585,0.23867,4,6.16055,63.27814,2.78053,0.18359,0.22092,-0.00266,-2.37262,1.63197,1.75396,0.84915,0.49322,0.49647,0.49672,0.41898,0.19734,0.91111,0.9097,341456,318373,346630
GameStop Corp Holding Company,0,3,3,e,0.88508,Retail (Hardlines),214.9,0.76906,GME,P,210,GME   210716P00210000,109232,7/16/2021 12:00:00 AM,253,60,29.15,30.5,10.02234,39.90282,5,3,1.55773,1.66838,279.8015,-0.25351,0.3255,5,181.1453,38.56534,2.04639,0.15985,0.16259,-0.0228,-54.43053,1.33488,1.39263,0.5219,0.43394,0.47407,0.47515,0.30722,0.1772,0.7669,0.76549,372149,320826,373150
Bed Bath and Beyond Inc,0,3,3,,0.69502,Retail (Hardlines),27.32,0.58202,BBBY,P,25,BBBY  210723P00025000,270453,7/23/2021 12:00:00 AM,27,1,1.74,2.04,0.54031,32.18961,5,3,0.94952,1.17404,380.5604,-0.38249,0.56396,4,23.30364,25.88641,0.77616,0.15035,0.07655,-0.08492,-3.77314,0.8466,0.9441,0.43426,0.25351,0.3668,0.38011,0.17732,0.11508,0.55518,0.55344,350192,318844,353842
GameStop Corp Holding Company,0,3,3,e,0.88508,Retail (Hardlines),214.9,0.77665,GME,P,210,GME   210723P00210000,319184,7/23/2021 12:00:00 AM,15,8,32.9,35.35,11.51012,39.15738,5,3,1.55215,1.73169,241.8996,-0.22074,0.27545,5,177.4666,38.17917,1.90121,0.17764,0.18752,-0.0228,-49.51014,1.34373,1.43826,0.52651,0.44036,0.47656,0.4781,0.36304,0.1772,0.86572,0.86397,373820,320824,374641
GameStop Corp Holding Company,0,3,3,e,0.88508,Retail (Hardlines),214.9,0.77665,GME,P,220,GME   210723P00220000,290168,7/23/2021 12:00:00 AM,21,4,39.1,41.75,16.78001,43.17011,5,3,1.58281,1.77271,224.5766,-0.20733,0.25387,5,181.2841,42.04289,1.9233,0.15821,0.21789,0.02373,-51.24203,1.3583,1.45817,0.5259,0.55229,0.52029,0.5189,0.39391,0.2,0.79281,0.90973,374832,320844,375503
Express Inc,0,3,3,e,0.89795,Retail (SoftLines),4.59,0.79927,EXPR,P,4.5,EXPR  210730P00004500,255578,7/30/2021 12:00:00 AM,33,0,0.6,0.75,0.28842,39.9148,5,3,0.93904,1.39496,273.7429,-0.24354,0.30307,4,3.90938,39.97911,1.3236,0.15241,0.15593,-0.01961,-0.81689,1.04877,1.29536,0.54087,0.45307,0.47576,0.48037,0.32996,0.18039,0.72672,0.72464,362452,318701,364589
Eastman Kodak Company,0,3,3,e,0.81959,Diversified Co.,8.78,0.67703,KODK,P,8,KODK  210730P00008000,770628,7/30/2021 12:00:00 AM,0,0,0.7,0.88,0.24966,32.69104,5,3,0.88109,1.2198,332.9822,-0.31195,0.42343,4,7.31668,29.60537,0.83165,0.17065,0.09798,-0.08884,-1.24992,0.91991,1.08555,0.48903,0.28546,0.38161,0.39925,0.23617,0.11116,0.7193,0.71721,353200,317536,356436
Bed Bath and Beyond Inc,0,3,3,,0.69502,Retail (Hardlines),27.32,0.58936,BBBY,P,25,BBBY  210730P00025000,335094,7/30/2021 12:00:00 AM,12,0,1.8,2.21,0.64224,32.40698,5,3,0.83196,1.11289,359.7774,-0.36706,0.52993,4,23.25213,25.9964,0.67628,0.15289,0.07967,-0.08492,-3.29644,0.79357,0.91526,0.43318,0.27063,0.36939,0.38624,0.1887,0.11508,0.5746,0.57252,345592,316251,349964
AMC Entertainment Holdings Inc,0,3,3,e,0.84599,Recreation,59,1.04807,AMC,P,58,AMC   210730P00058000,359495,7/30/2021 12:00:00 AM,9,7,19.55,21.2,5.11606,31.35394,5,3,2.66177,2.98602,119.6021,-0.08601,0.09619,5,38.57094,41.16249,4.33363,0.35039,0.51054,-0.01695,-22.44253,2.59594,2.82581,0.70893,0.46859,0.49141,0.49211,1.0396,0.18305,1.81227,1.81019,387227,321140,387116
AMC Entertainment Holdings Inc,0,3,3,e,0.84599,Recreation,59,1.04807,AMC,P,59,AMC   210730P00059000,359496,7/30/2021 12:00:00 AM,9,14,20.15,22.2,5.63092,31.89987,5,3,2.65872,3.0597,116.7865,-0.08452,0.09388,5,38.97303,41.76757,4.42029,0.34361,0.52075,0,-22.7529,2.58686,2.87037,0.70704,0.49657,0.49906,0.49916,1.06524,0.2,1.70971,1.70763,387495,321139,387364
AMC Entertainment Holdings Inc,0,3,3,e,0.84599,Recreation,59,1.04807,AMC,P,60,AMC   210730P00060000,90619,7/30/2021 12:00:00 AM,353,60,20.9,21.4,6.19723,33.16749,5,3,2.6679,2.764,121.7005,-0.08723,0.09838,5,39.22511,43.49487,4.33787,0.33729,0.53661,0.01695,-22.28769,2.59739,2.66544,0.70814,0.52415,0.50659,0.50642,1.01646,0.2,1.68853,1.77119,386219,321141,386174
AMC Entertainment Holdings Inc,0,3,3,e,0.84599,Recreation,59,1.04807,AMC,P,61,AMC   210730P00061000,300640,7/30/2021 12:00:00 AM,19,4,21.6,23.55,6.81356,33.1538,5,3,2.65126,3.024,114.6432,-0.08241,0.09146,5,39.5272,43.72004,4.24034,0.3322,0.55031,0.0339,-23.14307,2.60006,2.86549,0.7121,0.55087,0.51397,0.51267,1.09338,0.2,1.6631,1.83051,387384,321138,387256
AMC Entertainment Holdings Inc,0,3,3,e,0.84599,Recreation,59,1.04807,AMC,P,62,AMC   210730P00062000,364380,7/30/2021 12:00:00 AM,9,1,22.35,24.3,7.47759,33.73217,5,3,2.62926,2.99599,113.9421,-0.08119,0.09002,5,39.77928,44.89939,4.1602,0.32797,0.56577,0.05085,-23.36255,2.6086,2.8722,0.71877,0.57636,0.52116,0.51922,1.11087,0.2,1.64192,1.89407,387268,321137,387159
GameStop Corp Holding Company,0,3,3,e,0.88508,Retail (Hardlines),214.9,0.78352,GME,P,220,GME   210730P00220000,239102,7/30/2021 12:00:00 AM,41,0,42.5,44.95,18.17695,42.20535,5,3,1.56843,1.7286,204.5865,-0.18865,0.2281,5,177.9588,41.43784,1.80624,0.17403,0.24152,0.02373,-46.4746,1.36173,1.44665,0.53018,0.54674,0.51823,0.51716,0.43841,0.2,0.87226,0.98883,373750,320834,374580
GTT Communications Inc,0,3,3,^,0.72617,Wireless Networking,2.19,0.75954,GTT,P,2.5,GTT   210820P00002500,9384,8/20/2021 12:00:00 AM,5361,19,0.95,1.1,0.4292,36.37347,5,3,2.25652,2.9367,92.6184,-0.07555,0.08057,5,1.55776,43.1578,2.37254,0.29224,0.61601,0.14155,-0.611,2.08652,2.52232,0.64072,0.68505,0.55882,0.54871,1.24118,0.2,1.46429,2.16895,387031,321053,386921
Xinyuan Real Estate Co Ltd,0,3,3,,0.46687,Homebuilding,2.54,0.4852,XIN,P,2.5,XIN   210820P00002500,861167,8/20/2021 12:00:00 AM,0,0,0.35,0.45,0.13763,39.85049,5,3,1.3393,1.97728,180.1824,-0.22929,0.28018,5,2.15776,28.18758,0.94612,0.15665,0.16589,-0.01575,-0.31879,0.89352,1.1372,0.38196,0.45278,0.47977,0.48411,0.35692,0.18425,0.75097,0.74786,378750,320604,379012
Armstrong Flooring Inc,0,1,1,e,0.69185,Furn/Home Furnishings,5.55,0.64517,AFI,P,5,AFI   210820P00005000,896727,8/20/2021 12:00:00 AM,0,1,0.45,0.6,0.19164,31.73625,5,3,0.6856,1.06931,296.6693,-0.2922,0.38627,3,4.56552,27.75394,0.58175,0.18328,0.102,-0.0991,-0.56258,0.79601,0.97721,0.47224,0.29341,0.37357,0.39642,0.25888,0.1009,0.80667,0.80357,369099,320322,284083
LiveXLive Media Inc,0,3,3,^,0.87624,Entertainment Tech,4.48,0.7103,LIVX,P,5,LIVX  210820P00005000,834892,8/20/2021 12:00:00 AM,0,0,1.2,1.4,0.75059,46.70085,5,3,1.05327,1.51828,172.6294,-0.15125,0.17195,5,3.81552,49.88775,1.03826,0.15179,0.31889,0.11607,-0.75185,1.18443,1.45267,0.57685,0.67068,0.58518,0.56963,0.58156,0.2,0.76203,1.33929,367359,319760,368922
New Oriental Education and Technology Group Inc,0,3,3,,0.42692,Educational Services,7.63,0.48248,EDU,P,7.5,EDU   210820P00007500,80361,8/20/2021 12:00:00 AM,430,1866,1.05,1.2,0.48987,40.0877,5,3,1.00631,1.27804,226.5397,-0.24197,0.30538,4,6.47328,33.18297,0.94612,0.15776,0.16589,-0.01704,-0.90363,0.8968,1.01826,0.44699,0.45684,0.47846,0.48102,0.32746,0.18296,0.75525,0.75215,356680,319454,359469
Eastman Kodak Company,0,3,3,e,0.81959,Diversified Co.,8.78,0.70183,KODK,P,7.5,KODK  210820P00007500,379592,8/20/2021 12:00:00 AM,7,2,0.79,0.91,0.2534,27.90065,5,3,0.85679,1.03769,289.81,-0.25252,0.32997,4,6.73328,27.76321,0.68916,0.23887,0.12084,-0.14579,-0.99393,0.99773,1.09493,0.53734,0.23758,0.35027,0.363,0.30306,0.1,0.90288,0.89977,338867,316933,344556
Vertex Energy Inc,0,3,3,e,0.81641,Environmental,7.52,0.85147,VTNR,P,7.5,VTNR  210820P00007500,236252,8/20/2021 12:00:00 AM,42,0,1.9,2.05,1.00989,36.36702,5,3,0.8869,1.04023,213.0367,-0.12887,0.14917,4,5.62328,55.72842,1.95269,0.25842,0.34239,-0.00266,-1.47778,1.56139,1.68827,0.82749,0.49336,0.49648,0.49675,0.67037,0.19734,1.28343,1.28032,339091,317648,344767
Century Casinos Inc,0,3,3,ev,0.58352,Hotel/Gaming,13.49,0.49418,CNTY,P,12.5,CNTY  210820P00012500,593128,8/20/2021 12:00:00 AM,0,0,1,1.2,0.3613,33.96665,5,3,0.9,1.17243,277.6904,-0.34962,0.49492,4,11.53879,22.33685,0.51362,0.15062,0.09006,-0.07339,-1.14124,0.67471,0.77145,0.35511,0.29686,0.38945,0.40301,0.20205,0.12661,0.58858,0.58548,350094,317937,353751
Bed Bath and Beyond Inc,0,3,3,,0.69502,Retail (Hardlines),27.32,0.60753,BBBY,P,25,BBBY  210820P00025000,17388,8/20/2021 12:00:00 AM,3014,52,2.56,2.65,0.93234,33.13584,5,3,0.92489,0.97486,283.1742,-0.298,0.40489,4,22.51759,26.6989,0.66832,0.18173,0.11719,-0.08492,-2.69396,0.83752,0.85926,0.4351,0.30709,0.3967,0.39926,0.24698,0.11508,0.81735,0.81425,332242,318426,339447
Cel Sci Corporation New,0,3,3,,1.00936,Biotechnology,22.52,0.97776,CVM,P,25,CVM   210820P00025000,456964,8/20/2021 12:00:00 AM,2,55,7.8,8.5,4.92897,40.65915,5,3,0.83935,1.04847,190.9989,-0.10611,0.11932,4,17.27759,68.89768,1.78169,0.23623,0.45659,0.11012,-5.00002,1.68308,1.87443,0.91504,0.60432,0.55718,0.55138,0.83808,0.2,1.18428,1.73179,339869,316484,345383
Bed Bath and Beyond Inc,0,3,3,,0.69502,Retail (Hardlines),27.32,0.60753,BBBY,P,26,BBBY  210820P00026000,77096,8/20/2021 12:00:00 AM,459,9,3.05,3.2,1.23983,37.22013,5,3,1.00493,1.08793,254.217,-0.28233,0.37426,4,23.03069,28.82147,0.77563,0.16306,0.136,-0.04832,-2.82869,0.83836,0.87307,0.41815,0.38188,0.44042,0.44277,0.26719,0.15168,0.73911,0.736,343459,319445,348183
AMC Networks Inc,0,3,4,,0.44293,Entertainment,61.51,0.38731,AMCX,P,55,AMCX  210820P00055000,520290,8/20/2021 12:00:00 AM,0,0,3.3,3.7,0.85957,28.81427,5,3,0.94224,1.08346,309.0608,-0.40771,0.62709,4,51.8707,17.21172,0.38173,0.16259,0.06693,-0.10584,-4.35571,0.62649,0.67204,0.32256,0.19733,0.3306,0.34143,0.15947,0.1,0.5396,0.5365,343079,318759,347880
Century Communities Inc,0.00814,1,2,e^,0.50741,Homebuilding,63.09,0.48427,CCS,P,55,CCS   210820P00055000,798393,8/20/2021 12:00:00 AM,0,15,2.25,2.55,1.20304,24.06969,5,3,0.33194,0.42072,498.7059,-0.48228,0.82596,3,52.9207,18.35091,0.26096,0.167,0.04576,-0.12823,-3.55622,0.54836,0.58491,0.4117,0.2102,0.27261,0.28531,0.12107,0.1,0.35974,0.35663,325633,316249,101123
Cassava Sciences Inc,0,3,3,e,1.04634,Drug,79.97,1.01717,SAVA,P,75,SAVA  210820P00075000,189112,8/20/2021 12:00:00 AM,78,10,18.2,20.1,7.96418,32.5534,5,3,1.02756,1.22315,203.6787,-0.1266,0.14648,4,57.03277,48.56064,1.84511,0.29284,0.32353,-0.06215,-15.912,1.63326,1.79081,0.80553,0.42097,0.46082,0.46426,0.6827,0.13785,1.65405,1.65094,353411,319609,356597
Cassava Sciences Inc,0,3,3,e,1.04634,Drug,79.97,1.01717,SAVA,P,80,SAVA  210820P00080000,223661,8/20/2021 12:00:00 AM,50,1,21.8,24.8,10.48241,35.20478,5,3,1.1014,1.40406,179.1906,-0.11391,0.12874,5,58.44828,51.99616,2.15098,0.27223,0.37767,0.00038,-17.19742,1.67599,1.91738,0.79756,0.49674,0.49845,0.49864,0.77675,0.2,1.36424,1.36301,362848,319995,364936
Cassava Sciences Inc,0,3,3,e,1.04634,Drug,79.97,1.01717,SAVA,P,85,SAVA  210820P00085000,302996,8/20/2021 12:00:00 AM,19,0,26,28.2,13.54591,37.85939,5,3,1.17795,1.39302,166.7923,-0.10526,0.11893,4,59.2638,56.33127,2.04473,0.26222,0.44378,0.0629,-17.99274,1.74992,1.92272,0.80347,0.56831,0.53149,0.52866,0.8408,0.2,1.31422,1.62561,362369,320298,364502
Cassava Sciences Inc,0,3,3,e,1.04634,Drug,79.97,1.01717,SAVA,P,90,SAVA  210820P00090000,319419,8/20/2021 12:00:00 AM,15,0,28.4,31.6,17.0883,41.18785,5,3,1.03706,1.33625,167.473,-0.10422,0.11613,4,61.87932,62.60859,1.71845,0.22971,0.46414,0.12542,-17.96898,1.6721,1.91769,0.82084,0.63109,0.56526,0.55697,0.86108,0.2,1.15166,1.77567,359697,319667,362168
Sleep Number Corporation,0,1,3,,0.5412,Retail (Hardlines),101.38,0.49439,SNBR,P,90,SNBR  210820P00090000,556483,8/20/2021 12:00:00 AM,0,23,4.2,4.8,2.08147,26.54794,5,3,0.41311,0.52279,448.2636,-0.46385,0.76811,3,86.07932,19.31953,0.29687,0.15678,0.05205,-0.11225,-6.11992,0.55531,0.59841,0.39297,0.22891,0.29965,0.31293,0.13019,0.1,0.41739,0.41428,337372,318213,131480
Cassava Sciences Inc,0,3,3,e,1.04634,Drug,79.97,1.01717,SAVA,P,95,SAVA  210820P00095000,390289,8/20/2021 12:00:00 AM,6,0,32,34.2,21.02137,44.4738,5,3,0.97837,1.17452,169.1099,-0.1017,0.1138,4,63.29484,69.80246,1.55392,0.2122,0.51104,0.18795,-17.85806,1.67675,1.84299,0.84754,0.68315,0.59517,0.58673,0.87876,0.2,1.06413,2.00075,350213,319192,353863
Amneal Pharmaceuticals Inc,0,3,3,e,0.74095,Drug,5.18,0.69108,AMRX,P,5,AMRX  210917P00005000,42029,9/17/2021 12:00:00 AM,1088,63,0.85,0.9,0.38213,37.27463,5,3,1.00302,1.11124,192.9782,-0.19897,0.24493,4,4.17231,32.40891,0.8303,0.2033,0.20928,-0.03475,-0.50305,0.94044,0.99125,0.46951,0.43291,0.46639,0.46811,0.40828,0.16525,0.99745,0.99299,345457,319428,349841
Lannett Company Inc,0,3,3,e,0.71376,Drug,4.72,0.6828,LCI,P,5,LCI   210917P00005000,36385,9/17/2021 12:00:00 AM,1310,0,1.1,1.25,0.66202,43.05413,5,3,0.86004,1.15824,173.7905,-0.16024,0.1871,4,3.92231,43.08442,0.85187,0.17373,0.28651,0.05932,-0.53379,1.00513,1.16627,0.54038,0.57769,0.54196,0.53618,0.53448,0.2,0.87311,1.16525,349107,317020,352894
Tanger Factory Outlet Centers,0.03515,2,3,,0.50692,R.E.I.T.,17.8,0.51097,SKT,P,16,SKT   210917P00016000,80417,9/17/2021 12:00:00 AM,430,3,1.3,1.45,0.59378,31.55743,5,3,0.61145,0.73724,288.3427,-0.33978,0.48184,3,14.77138,22.14981,0.36856,0.17862,0.0929,-0.10112,-1.06209,0.61077,0.65845,0.37902,0.29558,0.36944,0.37859,0.20754,0.1,0.7348,0.73034,333560,317056,266638
TripAdvisor Inc,0,1,2,,0.53471,Internet,40.89,0.5065,TRIP,P,37,TRIP  210917P00037000,153228,9/17/2021 12:00:00 AM,128,2,2.44,2.72,1.31354,30.36804,5,3,0.43483,0.53937,339.3887,-0.3918,0.58925,3,34.72507,21.01131,0.29781,0.15927,0.07506,-0.09513,-2.09444,0.53608,0.57514,0.37362,0.28886,0.349,0.3588,0.16971,0.10487,0.57349,0.56903,339021,318636,136521
AMC Networks Inc,0,3,4,,0.44293,Entertainment,61.51,0.38489,AMCX,P,55,AMCX  210917P00055000,367096,9/17/2021 12:00:00 AM,8,2,4.5,5.3,1.12928,30.41024,5,3,1.10453,1.3488,217.3813,-0.32342,0.45072,4,50.74538,17.07873,0.37123,0.18346,0.09357,-0.10584,-3.85017,0.63824,0.71232,0.30327,0.22243,0.35829,0.37248,0.22187,0.1,0.73605,0.73159,360347,320011,362715
Century Communities Inc,0.00814,1,2,e^,0.50741,Homebuilding,63.09,0.47257,CCS,P,55,CCS   210917P00055000,237877,9/17/2021 12:00:00 AM,41,0,2.7,3.3,1.48956,25.62254,5,3,0.33593,0.49216,385.8165,-0.42736,0.67637,3,52.54538,17.913,0.22252,0.17549,0.05609,-0.12823,-2.86548,0.50434,0.56332,0.37752,0.23064,0.29065,0.31074,0.14785,0.1,0.43242,0.42796,334092,316371,122237
AMC Networks Inc,0,3,4,,0.44293,Entertainment,61.51,0.38489,AMCX,P,57.5,AMCX  210917P00057500,405192,9/17/2021 12:00:00 AM,5,0,5.5,6.5,1.58199,35.13309,5,3,1.27319,1.58892,186.3998,-0.30898,0.41925,5,52.25653,17.98554,0.43733,0.15907,0.11023,-0.06519,-4.0496,0.6284,0.71568,0.27644,0.30227,0.40989,0.42072,0.23852,0.13481,0.66775,0.66329,369737,320500,371076
GameStop Corp Holding Company,0,3,3,e,0.88508,Retail (Hardlines),214.9,0.81743,GME,P,220,GME   210917P00220000,269343,9/17/2021 12:00:00 AM,28,24,62.05,64.45,26.02922,36.8901,5,3,1.55204,1.65888,128.5869,-0.11696,0.13459,5,158.9315,37.71398,1.44817,0.26501,0.39731,0.02373,-31.12233,1.40888,1.46786,0.55206,0.52732,0.51071,0.51028,0.74298,0.2,1.3295,1.44369,371846,320823,372911
Xinyuan Real Estate Co Ltd,0,3,3,,0.46687,Homebuilding,2.54,0.49953,XIN,P,2.5,XIN   211015P00002500,38316,10/15/2021 12:00:00 AM,1226,50,0.45,0.6,0.19907,37.5283,5,3,1.13214,1.82366,132.843,-0.1703,0.19498,5,2.06455,27.29628,0.68538,0.19873,0.22533,-0.01575,-0.21683,0.83744,1.10905,0.39277,0.46163,0.48198,0.48639,0.51287,0.18425,0.96736,0.96154,375970,320135,376485
Invesco Mortgage Capital Inc,0.08654,3,4,,0.56592,R.E.I.T.,3.99,0.47402,IVR,P,3.5,IVR   211015P00003500,680,10/15/2021 12:00:00 AM,32490,134,0.35,0.4,0.13067,31.71507,5,3,0.83777,1.02235,209.9226,-0.28363,0.37958,4,3.17037,20.0774,0.35566,0.21635,0.11693,-0.12281,-0.21629,0.62824,0.69134,0.34185,0.29013,0.38174,0.39225,0.26345,0.1,0.88301,0.87719,337327,316437,343378
Express Inc,0,3,3,e,0.89795,Retail (SoftLines),4.59,0.84385,EXPR,P,4,EXPR  211015P00004000,99974,10/15/2021 12:00:00 AM,298,2,0.85,1.05,0.32492,28.65158,5,3,0.97358,1.34788,153.7388,-0.1301,0.14819,4,3.17328,31.65575,0.83847,0.31954,0.27566,-0.12854,-0.47016,1.17748,1.40079,0.59662,0.33753,0.4159,0.42915,0.67479,0.1,1.85767,1.85185,360300,319136,362663
Armstrong Flooring Inc,0,1,1,e,0.69185,Furn/Home Furnishings,5.55,0.66094,AFI,P,5,AFI   211015P00005000,91345,10/15/2021 12:00:00 AM,348,0,0.65,0.85,0.3174,31.92551,5,3,0.63397,1.01072,205.9319,-0.21393,0.26213,3,4.3791,27.62029,0.4722,0.22204,0.15524,-0.0991,-0.39107,0.76336,0.93937,0.46718,0.34042,0.40063,0.41896,0.38149,0.1009,1.16653,1.16071,367097,320144,271870
Express Inc,0,3,3,e,0.89795,Retail (SoftLines),4.59,0.84385,EXPR,P,5,EXPR  211015P00005000,155697,10/15/2021 12:00:00 AM,124,10,1.5,1.7,0.83734,39.33976,5,3,1.10146,1.4435,121.1908,-0.10696,0.11959,5,3.5291,42.08917,0.96496,0.23747,0.43439,0.08932,-0.53722,1.2141,1.41171,0.57774,0.59511,0.5456,0.53924,0.83619,0.2,1.19318,1.63399,364549,319996,366424
LiveXLive Media Inc,0,3,3,^,0.87624,Entertainment Tech,4.48,0.76903,LIVX,P,5,LIVX  211015P00005000,79993,10/15/2021 12:00:00 AM,433,0,1.55,1.75,0.93399,40.49224,5,3,0.98477,1.31197,125.4465,-0.10439,0.11629,4,3.4791,46.03668,0.92579,0.22991,0.45509,0.11607,-0.53032,1.21853,1.41941,0.61394,0.61616,0.55916,0.55084,0.85991,0.2,1.15537,1.72991,358503,319258,361097
New Oriental Education and Technology Group Inc,0,3,3,,0.42692,Educational Services,7.63,0.45185,EDU,P,7.5,EDU   211015P00007500,2925,10/15/2021 12:00:00 AM,13348,776,1.3,1.35,0.63644,38.77742,5,3,0.93671,1.00806,173.9027,-0.20126,0.24782,4,6.24364,30.03239,0.65547,0.19324,0.2155,-0.01704,-0.55521,0.80997,0.83981,0.41822,0.46179,0.48025,0.48095,0.40351,0.18296,0.93705,0.93123,335828,318668,342235
Eastman Kodak Company,0,3,3,e,0.81959,Diversified Co.,8.78,0.74276,KODK,P,10,KODK  211015P00010000,284802,10/15/2021 12:00:00 AM,23,0,2.74,2.96,1.78992,46.14831,5,3,0.91155,1.12213,138.0577,-0.13294,0.15227,4,7.31819,44.67754,0.65452,0.17312,0.38323,0.13895,-0.84476,0.99934,1.10943,0.52279,0.66079,0.58586,0.57745,0.65675,0.2,0.87142,1.56036,346358,318180,350587
Xenon Pharmaceuticals Inc,0,3,3,e,0.62005,Biotechnology,18.05,0.6505,XENE,P,17.5,XENE  211015P00017500,756508,10/15/2021 12:00:00 AM,0,0,4.3,5.2,2.11786,33.83892,5,3,0.92635,1.32115,144.1056,-0.12156,0.13682,4,13.30184,37.74543,1.00855,0.27452,0.33158,-0.03047,-1.96491,1.16032,1.39812,0.60234,0.45761,0.47797,0.48171,0.73089,0.16953,1.41105,1.40523,358996,318457,361527
Xenon Pharmaceuticals Inc,0,3,3,e,0.62005,Biotechnology,18.05,0.6505,XENE,P,20,XENE  211015P00020000,861135,10/15/2021 12:00:00 AM,0,0,5.8,6.7,3.65336,41.24117,5,3,0.85462,1.22022,135.3009,-0.11311,0.12603,4,14.31638,46.66591,0.84238,0.2133,0.41427,0.10803,-2.02348,1.13323,1.35662,0.61103,0.6088,0.55919,0.5495,0.79346,0.2,1.0723,1.60665,353224,316877,356456
Cel Sci Corporation New,0,3,3,,1.00936,Biotechnology,22.52,0.97579,CVM,P,22.5,CVM   211015P00022500,274924,10/15/2021 12:00:00 AM,26,0,8.1,9.8,4.50182,29.64749,5,3,0.83282,1.25536,125.1299,-0.07263,0.0773,4,14.53093,49.48715,1.72864,0.36639,0.56832,-0.00089,-3.35229,1.65203,2.03289,0.90136,0.49482,0.49717,0.4977,1.29372,0.19911,1.81224,1.80642,355416,316278,358366
Seres Therapeutics Inc,0,3,3,e,0.74335,Biotechnology,21.56,0.76194,MCRB,P,25,MCRB  211015P00025000,725389,10/15/2021 12:00:00 AM,0,0,8.6,10.1,5.67006,39.93141,5,3,0.82761,1.2632,123.5919,-0.08909,0.09588,4,16.54548,53.36242,0.97471,0.23933,0.53021,0.15955,-2.84885,1.31886,1.63319,0.72163,0.63447,0.57459,0.56036,1.04298,0.2,1.20248,1.99443,355848,316117,358758
Century Communities Inc,0.00814,1,2,e^,0.50741,Homebuilding,63.09,0.46505,CCS,P,55,CCS   211015P00055000,237469,10/15/2021 12:00:00 AM,41,0,3.6,4.1,1.76957,27.17128,5,3,0.45005,0.56662,300.5695,-0.36567,0.53943,3,51.72005,18.04626,0.23074,0.19111,0.07586,-0.12823,-2.60298,0.52006,0.56187,0.35865,0.24743,0.31891,0.33152,0.18538,0.1,0.57643,0.57061,341551,318854,145145
GTT Communications Inc,0,3,3,^,0.72617,Wireless Networking,2.19,0.74452,GTT,P,2,GTT   211119P00002000,81740,11/19/2021 12:00:00 AM,418,27,0.9,0.95,0.22824,23.11864,5,3,2.31365,2.50719,60.42304,-0.05225,0.05753,5,1.11503,25.44977,1.94439,0.50523,0.8257,-0.08676,-0.27727,1.9698,2.08485,0.59445,0.39987,0.46949,0.47117,1.73835,0.11324,3.63655,3.62903,384539,321065,384591
Trinity Biotech PLC,0,3,3,,0.78438,Medical Supplies  (Noninvasive),2.94,0.76467,TRIB,P,2.5,TRIB  211119P00002500,99695,11/19/2021 12:00:00 AM,299,0,0.6,0.7,0.24636,26.86826,5,3,0.87874,1.13093,141.8612,-0.11399,0.1302,4,1.91879,31.21843,0.76133,0.36126,0.32331,-0.14966,-0.24943,1.17878,1.33701,0.62743,0.33911,0.41261,0.42281,0.76806,0.1,2.04833,2.04082,347018,317487,351163
AG Mortgage Investment Trust Inc,0.05106,3,4,,0.64954,R.E.I.T.,4.41,0.58177,MITT,P,4.5,MITT  211119P00004500,348510,11/19/2021 12:00:00 AM,10,0,0.9,1.15,0.52803,41.62949,5,3,0.8454,1.42389,128.5734,-0.16435,0.18803,5,3.63382,30.37873,0.54754,0.18367,0.25752,0.02041,-0.29054,0.7272,0.95516,0.39406,0.55324,0.52891,0.52202,0.53182,0.2,0.92588,1.02041,363696,316656,365707
Kaleyra Inc,0,1,2,,0.53007,Financial Svcs. (Div.),11.75,0.59283,KLR,P,10,KLR   211119P00010000,189788,11/19/2021 12:00:00 AM,77,0,1.05,1.35,0.57291,27.55764,5,3,0.42135,0.6772,231.4121,-0.23958,0.30534,3,9.02516,23.40562,0.29397,0.24581,0.12483,-0.14894,-0.56471,0.65189,0.76923,0.45864,0.28613,0.34557,0.36817,0.3275,0.1,0.90113,0.89362,350387,318363,180610
Thermon Group Holdings Inc,0,1,2,v,0.41264,Machinery,17.22,0.3896,THR,P,15,THR   211119P00015000,812037,11/19/2021 12:00:00 AM,0,1,1.1,1.35,0.4452,27.62025,5,3,0.60134,0.81641,226.3925,-0.32766,0.46096,3,14.01275,15.85812,0.20405,0.20032,0.08665,-0.12892,-0.61231,0.49648,0.56316,0.31004,0.23566,0.32641,0.34584,0.21694,0.1,0.64631,0.63879,358769,319993,222681
Bed Bath and Beyond Inc,0,3,3,,0.69502,Retail (Hardlines),27.32,0.64887,BBBY,P,27,BBBY  211119P00027000,133820,11/19/2021 12:00:00 AM,170,18,5.35,5.9,2.81807,37.79292,5,3,0.84001,1.02544,149.6799,-0.16815,0.20075,4,21.85294,30.66896,0.59961,0.21506,0.25463,-0.01171,-1.77153,0.80631,0.88757,0.43821,0.47306,0.48535,0.48669,0.49813,0.18829,1.04756,1.04005,337639,316503,343609
National Beverage Corporation,0,3,3,,0.45845,Beverage,45.87,0.42639,FIZZ,P,42,FIZZ  211119P00042000,880883,11/19/2021 12:00:00 AM,0,0,4.8,5.3,1.77437,33.02949,5,3,0.9336,1.08451,171.5583,-0.26212,0.3436,4,37.51569,18.70998,0.32155,0.19653,0.13655,-0.08437,-2.04881,0.59147,0.63763,0.30589,0.31565,0.402,0.40896,0.29103,0.11563,0.91249,0.90498,343189,318612,347964
National Beverage Corporation,0,3,3,,0.45845,Beverage,45.87,0.42639,FIZZ,P,42.5,FIZZ  211119P00042500,386451,11/19/2021 12:00:00 AM,6,0,5,5.8,1.91061,34.11025,5,3,0.94852,1.19027,163.2879,-0.25479,0.32979,4,37.81945,19.05563,0.33168,0.18999,0.14085,-0.07347,-2.10628,0.58781,0.66074,0.30167,0.33491,0.41339,0.42282,0.30322,0.12653,0.86899,0.86147,351302,318834,354803
National Beverage Corporation,0,3,3,,0.45845,Beverage,45.87,0.42639,FIZZ,P,44.5,FIZZ  211119P00044500,403640,11/19/2021 12:00:00 AM,5,0,5.7,7.1,2.6107,38.36579,5,3,0.92751,1.34952,149.0031,-0.24504,0.3089,4,39.13448,20.64009,0.36364,0.16165,0.15442,-0.02987,-2.17111,0.55996,0.68256,0.29051,0.42079,0.45871,0.4661,0.32373,0.17013,0.73791,0.73039,360391,318485,362749
National Beverage Corporation,0,3,3,,0.45845,Beverage,45.87,0.42639,FIZZ,P,45,FIZZ  211119P00045000,358660,11/19/2021 12:00:00 AM,9,0,5.9,7.2,2.82705,39.51312,5,3,0.91711,1.30776,149.1544,-0.24633,0.31095,4,39.43824,21.15123,0.37303,0.15511,0.15841,-0.01897,-2.14763,0.55416,0.66708,0.28906,0.44371,0.47057,0.47554,0.3216,0.18103,0.71802,0.7105,358271,318295,360900
ArcBest Corporation,0.00524,1,1,^,0.49072,Trucking,54.16,0.48493,ARCB,P,50,ARCB  211119P00050000,334333,11/19/2021 12:00:00 AM,12,0,4.4,5.2,2.7166,33.60204,5,3,0.38937,0.57187,242.2106,-0.32165,0.44428,3,45.97582,21.25205,0.24492,0.16557,0.10401,-0.07681,-1.98858,0.47451,0.53684,0.34153,0.35091,0.39144,0.40378,0.22508,0.12319,0.66699,0.65947,342047,317714,146824
Boeing Co,0,2,3,,0.46188,Aerospace/Defense,238.11,0.3212,BA,P,215,BA    211119P00215000,63414,11/19/2021 12:00:00 AM,617,8,11.65,12,4.76849,28.44911,5,3,0.5912,0.61952,255.2591,-0.4491,0.7268,3,204.966,12.35113,0.15261,0.1535,0.06481,-0.09706,-6.00429,0.37304,0.37968,0.23444,0.23654,0.32603,0.32888,0.13759,0.10294,0.48279,0.47528,318221,316543,237390
Fuel Tech Inc,0,3,4,e,0.80045,Environmental,2.41,0.79127,FTEK,P,2,FTEK  211217P00002000,104739,12/17/2021 12:00:00 AM,273,55,0.45,0.6,0.17867,25.64163,5,3,0.85239,1.32905,125.5595,-0.11296,0.12369,4,1.56775,27.20909,0.59676,0.36572,0.2992,-0.17012,-0.17433,1.06144,1.33457,0.57301,0.31509,0.39746,0.41811,0.80845,0.1,1.87609,1.86722,359358,316817,361832
Fuel Tech Inc,0,3,4,e,0.80045,Environmental,2.41,0.79127,FTEK,P,3,FTEK  211217P00003000,345615,12/17/2021 12:00:00 AM,11,0,1.1,1.3,0.77417,42.68943,5,3,0.8347,1.35112,92.38368,-0.0837,0.08859,4,1.92662,45.78204,0.55308,0.21162,0.58782,0.24481,-0.21084,1.06251,1.36158,0.57912,0.69581,0.60998,0.58626,1.12886,0.2,1.06697,2.28216,360462,316333,362823
Lannett Company Inc,0,3,3,e,0.71376,Drug,4.72,0.68343,LCI,P,5,LCI   211217P00005000,63570,12/17/2021 12:00:00 AM,615,0,1.45,1.65,0.85462,37.63687,5,3,0.84492,1.1379,114.614,-0.1083,0.12178,4,3.59437,37.49677,0.67505,0.24788,0.41732,0.05932,-0.35526,0.99255,1.15017,0.53799,0.55092,0.52765,0.52387,0.82115,0.2,1.24828,1.53602,347568,316640,351656
RCM Technologies  Inc,0,3,3,e^,0.59393,Industrial Services,3.8,0.5566,RCMT,P,5,RCMT  211217P00005000,476001,12/17/2021 12:00:00 AM,1,0,1.85,2.1,1.32582,48.10264,5,3,1.1036,1.60357,80.29799,-0.08959,0.09619,5,3.19437,41.58117,0.42927,0.17105,0.59618,0.31579,-0.30341,0.98194,1.21532,0.46679,0.78915,0.64875,0.62119,1.03957,0.2,0.86414,2.43421,370217,320009,371489
RYB Education Inc,0,3,4,^,0.61515,Educational Services,3.9,0.60479,RYB,P,5,RYB   211217P00005000,499462,12/17/2021 12:00:00 AM,1,0,1.75,2.1,1.26932,46.82244,5,3,0.93748,1.59747,85.41436,-0.09327,0.09746,5,3.29437,41.9373,0.41661,0.16667,0.54734,0.28205,-0.31087,0.93708,1.25629,0.48366,0.75791,0.64098,0.60616,1.02607,0.2,0.84221,2.24359,370021,318684,371322
Firsthand Technology Value Fund Inc,0,1,1,,0.39348,Investment Co (Income),5.72,0.3727,SVVC,P,5,SVVC  211217P00005000,143687,12/17/2021 12:00:00 AM,147,0,0.5,0.55,0.15891,28.87835,5,3,0.89019,1.01389,172.2891,-0.27244,0.36407,3,4.54437,15.63335,0.23932,0.22216,0.11999,-0.12587,-0.20517,0.55256,0.58872,0.29233,0.24422,0.35699,0.36542,0.27467,0.1,0.883,0.87413,367199,320675,272555
Adecoagro SA,0,2,3,,0.38039,Food Processing,10.91,0.35396,AGRO,P,10,AGRO  211217P00010000,243396,12/17/2021 12:00:00 AM,39,0,0.8,0.9,0.35912,32.14041,5,3,0.63879,0.7792,199.6022,-0.34525,0.49185,3,9.28874,15.3274,0.19114,0.16561,0.09583,-0.08341,-0.31167,0.42202,0.45818,0.25752,0.29934,0.37405,0.38369,0.20331,0.11659,0.63781,0.62893,338026,317694,275800
EMCORE Corporation,0,3,3,e,0.52703,Semiconductor,9.8,0.52824,EMKR,P,10,EMKR  211217P00010000,227185,12/17/2021 12:00:00 AM,48,0,2,2.2,1.04685,40.46411,5,3,0.97835,1.18696,125.2499,-0.17295,0.20643,4,8.08874,26.71756,0.46647,0.18367,0.25887,0.02041,-0.51612,0.70538,0.77976,0.35655,0.5179,0.50905,0.50818,0.48441,0.2,0.92724,1.02041,351042,319191,354589
Eastman Kodak Company,0,3,3,e,0.81959,Diversified Co.,8.78,0.76649,KODK,P,10,KODK  211217P00010000,88702,12/17/2021 12:00:00 AM,365,0,3.2,3.5,2.03051,41.4011,5,3,0.89237,1.12554,107.0461,-0.10259,0.11511,4,6.88874,40.71645,0.59846,0.22551,0.47946,0.13895,-0.67224,1.00498,1.12881,0.53107,0.62643,0.56764,0.56028,0.86877,0.2,1.13644,1.82232,346601,317765,350804
Century Casinos Inc,0,3,3,ev,0.58352,Hotel/Gaming,13.49,0.46895,CNTY,P,12.5,CNTY  211217P00012500,240558,12/17/2021 12:00:00 AM,40,0,1.9,2.2,0.71375,33.70582,5,3,1.05103,1.31585,134.2477,-0.20018,0.24637,4,10.71093,20.26594,0.37521,0.22311,0.18812,-0.07339,-0.64366,0.66593,0.75191,0.32468,0.35564,0.42839,0.43651,0.40589,0.12661,1.12129,1.11241,358732,319746,361285
Par Pacific Holdings Inc,0,3,3,,0.52102,Petroleum (Integrated),15.25,0.48354,PARR,P,15,PARR  211217P00015000,534115,12/17/2021 12:00:00 AM,0,0,2.55,2.95,1.20557,38.26894,5,3,0.98426,1.28088,129.2849,-0.19286,0.23394,4,12.58311,23.1846,0.42622,0.19248,0.21369,-0.01639,-0.74376,0.64915,0.74619,0.32715,0.45634,0.47796,0.48083,0.42745,0.18361,0.91959,0.91071,356841,319249,359624
Tanger Factory Outlet Centers,0.03515,2,3,,0.50692,R.E.I.T.,17.8,0.50928,SKT,P,16,SKT   211217P00016000,252403,12/17/2021 12:00:00 AM,34,0,2,2.15,0.99546,32.89955,5,3,0.63073,0.72391,186.1467,-0.24409,0.31531,3,14.14199,21.89526,0.30263,0.22236,0.15173,-0.10112,-0.71287,0.58605,0.61954,0.35938,0.35028,0.40678,0.41174,0.31714,0.1,1.13247,1.1236,332139,317526,263556
Tanger Factory Outlet Centers,0.03515,2,3,,0.50692,R.E.I.T.,17.8,0.50928,SKT,P,17,SKT   211217P00017000,141811,12/17/2021 12:00:00 AM,151,0,2.5,2.7,1.37278,38.17176,5,3,0.68614,0.80859,165.5345,-0.22876,0.28816,3,14.65086,24.4476,0.36159,0.19427,0.18129,-0.04494,-0.74848,0.58315,0.6255,0.34585,0.43957,0.46407,0.4665,0.34703,0.15506,0.91467,0.9058,340803,318657,281923
Tanger Factory Outlet Centers,0.03515,2,3,,0.50692,R.E.I.T.,17.8,0.50928,SKT,P,18,SKT   211217P00018000,118859,12/17/2021 12:00:00 AM,216,0,3,3.3,1.89503,43.42815,5,3,0.65338,0.83225,154.4636,-0.217,0.26765,3,15.15974,27.68223,0.39001,0.1573,0.20887,0.01124,-0.76083,0.56911,0.63068,0.34421,0.53257,0.51971,0.51779,0.37362,0.2,0.79539,0.8427,342962,318005,286605
Liquidity Services Inc,0,2,1,e,0.57015,Internet,21.1,0.6055,LQDT,P,20,LQDT  211217P00020000,504388,12/17/2021 12:00:00 AM,1,0,3.7,4.6,1.80244,34.40293,5,3,0.82016,1.21494,135.0123,-0.16204,0.18971,4,16.47748,26.40935,0.47045,0.23636,0.23587,-0.05213,-1.20118,0.75451,0.91816,0.41453,0.4158,0.4535,0.46176,0.52711,0.14787,1.19477,1.1859,365417,319852,338573
Superior Group of Companies Inc,0.01915,2,2,e,0.55013,Industrial Services,23.64,0.44929,SGC,P,22.5,SGC   211217P00022500,855884,12/17/2021 12:00:00 AM,0,0,2.7,3,1.46507,37.56234,5,3,0.64154,0.79734,176.3363,-0.26976,0.35254,3,19.99967,21.28741,0.28968,0.17131,0.14524,-0.04822,-0.85656,0.50236,0.55004,0.30603,0.41109,0.44555,0.45025,0.28366,0.15178,0.76138,0.75251,339773,317749,279559
Norwegian Cruise Line Holdings Ltd,0,3,3,,0.64526,Recreation,30.38,0.43253,NCLH,P,30,NCLH  211217P00030000,18903,12/17/2021 12:00:00 AM,2770,118,4.2,4.3,2.16712,40.22378,5,3,0.8311,0.8721,156.6343,-0.25347,0.3255,4,26.06623,21.76405,0.34239,0.15963,0.17166,-0.01251,-1.15036,0.53501,0.54699,0.29218,0.45869,0.47741,0.47791,0.30722,0.18749,0.74623,0.73736,318628,316221,329577
MGM Resorts International,0.00023,1,3,,0.49734,Hotel/Gaming,40.95,0.41359,MGM,P,36,MGM   211217P00036000,152568,12/17/2021 12:00:00 AM,129,12,2.4,2.5,1.30876,27.251,5,3,0.38626,0.42026,262.5963,-0.37288,0.55603,3,33.91947,15.40742,0.16017,0.18836,0.0803,-0.12088,-1.06146,0.42324,0.43362,0.30531,0.26224,0.32307,0.32703,0.17985,0.1,0.59495,0.58608,325568,317629,100998
MGM Resorts International,0.00023,1,3,,0.49734,Hotel/Gaming,40.95,0.41359,MGM,P,37,MGM   211217P00037000,145486,12/17/2021 12:00:00 AM,143,46,2.75,2.88,1.53772,30.27778,5,3,0.41582,0.45938,245.4602,-0.3638,0.53204,3,34.57835,16.59223,0.17785,0.17249,0.08917,-0.09646,-1.10292,0.41897,0.43186,0.29592,0.29948,0.35515,0.35929,0.18796,0.10354,0.65746,0.64858,330423,318276,112490
MGM Resorts International,0.00023,1,3,,0.49734,Hotel/Gaming,40.95,0.41359,MGM,P,38,MGM   211217P00038000,152283,12/17/2021 12:00:00 AM,130,15,3.15,3.3,1.82206,33.41756,5,3,0.44282,0.49197,230.1406,-0.3536,0.50722,3,35.18722,17.8685,0.19798,0.15784,0.09926,-0.07204,-1.1397,0.4166,0.43079,0.28874,0.34144,0.38853,0.39211,0.19715,0.12796,0.61002,0.60115,334070,318767,122186
TripAdvisor Inc,0,1,2,,0.53471,Internet,40.89,0.50769,TRIP,P,40,TRIP  211217P00040000,78771,12/17/2021 12:00:00 AM,444,10,5.25,5.55,3.3117,39.35551,5,3,0.50401,0.58235,191.187,-0.2617,0.33871,3,35.10497,25.06363,0.31903,0.15903,0.15995,-0.02177,-1.51064,0.51723,0.54417,0.3439,0.44954,0.4664,0.46806,0.29524,0.17823,0.72924,0.72036,342970,319435,150143
Spirit Aerosystems Holdings Inc,0.00078,2,4,,0.54849,Aerospace/Defense,48.36,0.39532,SPR,P,45,SPR   211217P00045000,175452,12/17/2021 12:00:00 AM,95,0,4.2,4.9,2.023,34.19855,5,3,0.64422,0.84766,186.3329,-0.31066,0.42436,3,41.19934,17.3393,0.22302,0.1652,0.11182,-0.06948,-1.5401,0.45017,0.50587,0.27379,0.339,0.40032,0.4111,0.23565,0.13052,0.67427,0.6654,344312,317803,289489
ArcBest Corporation,0.00524,1,1,^,0.49072,Trucking,54.16,0.48495,ARCB,P,50,ARCB  211217P00050000,452921,12/17/2021 12:00:00 AM,2,0,5.1,5.6,3.03964,33.7397,5,3,0.43873,0.54411,216.564,-0.29326,0.39542,3,45.34371,21.21977,0.24425,0.17985,0.12246,-0.07681,-1.82456,0.48862,0.52441,0.33962,0.36005,0.40166,0.40825,0.2529,0.12319,0.77326,0.76439,339464,318696,137986
AMC Networks Inc,0,3,4,,0.44293,Entertainment,61.51,0.38111,AMCX,P,57.5,AMCX  211217P00057500,366451,12/17/2021 12:00:00 AM,8,0,8.1,9.1,2.55316,34.62531,5,3,1.30559,1.53919,123.1191,-0.2211,0.27778,5,49.91027,17.09016,0.34474,0.20575,0.17284,-0.06519,-2.68957,0.61451,0.67677,0.26653,0.34302,0.43041,0.43676,0.35999,0.13481,0.98572,0.97685,368108,320555,369601
AMC Networks Inc,0,3,4,,0.44293,Entertainment,61.51,0.38111,AMCX,P,60,AMCX  211217P00060000,317276,12/17/2021 12:00:00 AM,15,0,8.6,10.1,3.47267,38.43706,5,3,1.18108,1.52935,122.0462,-0.22638,0.28266,5,51.93245,18.43128,0.35142,0.17324,0.17619,-0.02455,-2.61276,0.56477,0.65495,0.25894,0.42702,0.46639,0.47101,0.35378,0.17545,0.80576,0.79689,367757,320305,369284
Century Communities Inc,0.00814,1,2,e^,0.50741,Homebuilding,63.09,0.4556,CCS,P,60,CCS   211217P00060000,221327,12/17/2021 12:00:00 AM,51,0,6.7,7.8,3.85918,36.9517,5,3,0.54378,0.75393,186.5668,-0.27896,0.36722,3,53.83245,21.33755,0.26842,0.16405,0.13458,-0.04898,-2.22065,0.48138,0.54691,0.31182,0.40162,0.43589,0.44352,0.27232,0.15102,0.71206,0.70319,355337,319703,204274
Sleep Number Corporation,0,1,3,,0.5412,Retail (Hardlines),101.38,0.49973,SNBR,P,85,SNBR  211217P00085000,214535,12/17/2021 12:00:00 AM,56,0,7,8,3.72048,25.26144,5,3,0.38962,0.50262,247.2313,-0.2921,0.40053,3,78.75431,18.03386,0.1967,0.23949,0.09862,-0.16157,-3.33318,0.5357,0.57926,0.3855,0.24885,0.31278,0.32589,0.24967,0.1,0.69935,0.69047,335288,317717,125393
Sleep Number Corporation,0,1,3,,0.5412,Retail (Hardlines),101.38,0.49973,SNBR,P,90,SNBR  211217P00090000,374441,12/17/2021 12:00:00 AM,7,0,8.9,9.6,4.76946,29.98792,5,3,0.47066,0.54835,221.9133,-0.28321,0.38185,3,81.89868,20.01249,0.23658,0.20891,0.11862,-0.11225,-3.51665,0.52998,0.55798,0.36037,0.30805,0.36658,0.37304,0.26189,0.1,0.88676,0.87789,339861,319111,139334
Sleep Number Corporation,0,1,3,,0.5412,Retail (Hardlines),101.38,0.49973,SNBR,P,95,SNBR  211217P00095000,410918,12/17/2021 12:00:00 AM,4,0,11.1,12.6,6.32104,35.03215,5,3,0.52359,0.68709,193.1114,-0.26254,0.34218,3,84.74305,22.37452,0.28158,0.18129,0.14117,-0.06293,-3.79389,0.52547,0.58186,0.34489,0.38114,0.42131,0.42885,0.29225,0.13707,0.80767,0.79879,351052,319581,183754
Alliance Data Systems,0.00727,2,2,,0.53976,Information Services,102.97,0.40913,ADS,P,100,ADS   211217P00100000,169087,12/17/2021 12:00:00 AM,103,0,13.3,14.1,6.27166,38.89782,5,3,0.9062,1.00959,150.7315,-0.25632,0.33054,4,87.58742,19.98123,0.32367,0.16688,0.16228,-0.02884,-3.88798,0.52876,0.55744,0.27739,0.43029,0.46329,0.46518,0.30253,0.17116,0.76353,0.75465,355654,320234,316135
Sleep Number Corporation,0,1,3,,0.5412,Retail (Hardlines),101.38,0.49973,SNBR,P,100,SNBR  211217P00100000,280154,12/17/2021 12:00:00 AM,24,2,13.9,14.9,8.4548,40.01469,5,3,0.57776,0.68455,177.4386,-0.24897,0.31826,3,86.98742,25.03438,0.3397,0.15959,0.17031,-0.01361,-3.90955,0.53303,0.56911,0.33784,0.4624,0.47615,0.47766,0.3142,0.18639,0.74448,0.73561,350867,319880,182953
MicroStrategy Inc,0,3,3,ev,0.50967,Computer Software/Svcs,629.92,0.5599,MSTR,P,630,MSTR  211217P00630000,331824,12/17/2021 12:00:00 AM,13,0,129.6,144,64.0336,38.2836,5,3,1.00034,1.22427,123.9191,-0.16206,0.19214,4,505.9908,26.78718,0.53395,0.20561,0.26787,0.00013,-35.28388,0.75581,0.84042,0.37784,0.48696,0.49348,0.49414,0.52045,0.2,1.03694,1.0287,353499,319411,356674
GTT Communications Inc,0,3,3,^,0.72617,Wireless Networking,2.19,0.73969,GTT,P,2.5,GTT   220121P00002500,26561,1/21/2022 12:00:00 AM,1923,13,1.3,1.55,0.57808,24.95572,5,3,1.91553,2.70249,42.31175,-0.03752,0.03972,5,1.22643,27.33899,1.39901,0.45205,1.0939,0.14155,-0.23166,1.72474,2.19028,0.59157,0.60506,0.53641,0.52869,2.51737,0.2,2.27085,2.96804,385851,320975,385846
Xinyuan Real Estate Co Ltd,0,3,3,,0.46687,Homebuilding,2.54,0.50682,XIN,P,2.5,XIN   220121P00002500,91031,1/21/2022 12:00:00 AM,350,0,0.55,0.7,0.2746,35.39574,5,3,0.92003,1.43609,106.6394,-0.13578,0.15338,5,1.97643,26.10698,0.48994,0.24285,0.29262,-0.01575,-0.13786,0.76473,0.97027,0.39829,0.46577,0.48215,0.48593,0.65196,0.18425,1.18579,1.17521,364234,318342,366163
Express Inc,0,3,3,e,0.89795,Retail (SoftLines),4.59,0.86609,EXPR,P,4,EXPR  220121P00004000,120483,1/21/2022 12:00:00 AM,211,1,1.25,1.4,0.50739,25.93255,5,3,1.02838,1.24565,100.3243,-0.08496,0.09539,4,2.79229,28.8514,0.77875,0.41144,0.46512,-0.12854,-0.32616,1.21861,1.34914,0.60078,0.37483,0.4375,0.4435,1.04838,0.1,2.73388,2.72331,354852,319614,357883
Express Inc,0,3,3,e,0.89795,Retail (SoftLines),4.59,0.86609,EXPR,P,5,EXPR  220121P00005000,125536,1/21/2022 12:00:00 AM,196,0,1.9,2.05,1.04797,33.96931,5,3,1.05596,1.25224,86.29088,-0.0751,0.08326,4,3.15286,37.01963,0.82245,0.32462,0.62347,0.08932,-0.36063,1.20991,1.32542,0.58849,0.56548,0.53196,0.52918,1.20103,0.2,1.63367,2.06972,355228,319779,358202
Lannett Company Inc,0,3,3,e,0.71376,Drug,4.72,0.68353,LCI,P,5,LCI   220121P00005000,36769,1/21/2022 12:00:00 AM,1292,0,1.55,1.75,0.91421,36.26217,5,3,0.83274,1.10478,103.6456,-0.09825,0.10996,4,3.50286,36.10167,0.63404,0.26907,0.45985,0.05932,-0.31581,0.9853,1.13155,0.53761,0.54509,0.52464,0.52146,0.90942,0.2,1.35591,1.64195,344889,316274,349395
LiveXLive Media Inc,0,3,3,^,0.87624,Entertainment Tech,4.48,0.81399,LIVX,P,5,LIVX  220121P00005000,131640,1/21/2022 12:00:00 AM,176,0,1.95,2.1,1.17811,34.71803,5,3,0.89183,1.07401,91.87434,-0.07317,0.08089,4,3.10286,41.40832,0.80271,0.3192,0.64992,0.11607,-0.35717,1.21845,1.33579,0.64406,0.57902,0.54197,0.53829,1.23626,0.2,1.60655,2.17634,342263,317754,347233
Ford Motor Company,0,3,3,,0.3488,Automotive,14.54,0.33159,F,P,14,F     220121P00014000,5848,1/21/2022 12:00:00 AM,7935,211,1.57,1.61,0.69104,37.73781,5,3,0.90542,0.94657,147.1807,-0.2974,0.39925,4,12.578,15.94562,0.22918,0.15569,0.13688,-0.03714,-0.39601,0.43476,0.44415,0.22817,0.39182,0.44271,0.44391,0.25047,0.16286,0.67358,0.66301,328935,318050,336920
Tanger Factory Outlet Centers,0.03515,2,3,,0.50692,R.E.I.T.,17.8,0.50893,SKT,P,17,SKT   220121P00017000,28526,1/21/2022 12:00:00 AM,1769,1,2.65,2.85,1.52816,38.06188,5,3,0.62894,0.74191,155.1179,-0.21609,0.2694,3,14.52972,24.32224,0.32689,0.20439,0.19524,-0.04494,-0.65352,0.5621,0.60108,0.34507,0.44696,0.46738,0.46949,0.3712,0.15506,0.97072,0.96014,334063,317491,267716
Devon Energy Corp,0.0147,2,3,^,0.55542,Natural Gas (Div.),26.87,0.54897,DVN,P,20,DVN1  220121P00020000,523661,1/21/2022 12:00:00 AM,0,0,6.2,7.7,1.19089,20.23961,5,3,1.63773,2.14006,74.26787,-0.07478,0.08106,5,14.01143,19.29209,0.76993,0.49699,0.45985,-0.25568,-1.93706,1.35769,1.61625,0.51472,0.22759,0.38854,0.40601,1.23372,0.1,2.31798,2.30741,383600,320964,377650
Devon Energy Corp,0.0147,2,3,^,0.55542,Natural Gas (Div.),26.87,0.54897,DVN,P,22,DVN1  220121P00022000,596541,1/21/2022 12:00:00 AM,0,0,8,9.5,1.57264,21.94315,5,3,2.08551,2.60994,58.40448,-0.06425,0.0699,5,14.23257,19.1072,0.97445,0.48954,0.582,-0.18124,-2.14578,1.45084,1.69743,0.47021,0.28937,0.4286,0.43888,1.43068,0.1,2.98787,2.9773,386680,321070,383449
Clarivate PLC,0,2,4,,0.39617,Information Services,25.55,0.37407,CLVT,P,22.5,CLVT  220121P00022500,328934,1/21/2022 12:00:00 AM,13,0,1.95,2.15,0.8403,28.76391,5,3,0.60724,0.71183,190.9736,-0.30521,0.42157,3,20.78786,15.1165,0.17658,0.20627,0.10546,-0.11937,-0.68172,0.45612,0.4858,0.28379,0.26506,0.34804,0.3569,0.23721,0.1,0.77378,0.76321,330723,316948,260796
Liquidity Services Inc,0,2,1,e,0.57015,Internet,21.1,0.60547,LQDT,P,22.5,LQDT  220121P00022500,443360,1/21/2022 12:00:00 AM,2,0,5.4,6.7,3.36412,40.63369,5,3,0.76376,1.26258,108.6915,-0.13418,0.1506,4,17.33786,31.0178,0.40935,0.18957,0.32636,0.06635,-1.13297,0.72704,0.93266,0.41221,0.5669,0.53805,0.52968,0.66403,0.2,0.95844,1.27962,367157,319508,342589
Meridian Bioscience Inc,0,3,4,,0.49617,Medical Supplies  (Noninvasive),20.41,0.47207,VIVO,P,22.5,VIVO  220121P00022500,358060,1/21/2022 12:00:00 AM,10,0,5.2,6.7,3.20691,44.0383,5,3,0.96847,1.70235,92.4132,-0.14404,0.15969,5,17.53786,26.79894,0.31869,0.15238,0.31115,0.1024,-1.02278,0.64686,0.88802,0.32861,0.63392,0.56902,0.55039,0.62623,0.2,0.77245,1.27389,373070,319088,373955
Clarivate PLC,0,2,4,,0.39617,Information Services,25.55,0.37407,CLVT,P,25,CLVT  220121P00025000,300949,1/21/2022 12:00:00 AM,19,3,3.1,3.7,1.58663,39.15798,5,3,0.78161,1.093,139.491,-0.25967,0.33323,4,22.16429,18.42528,0.2547,0.15343,0.15212,-0.02153,-0.79131,0.45269,0.53181,0.25409,0.43461,0.46318,0.46865,0.30009,0.17847,0.6904,0.67982,360034,319630,326450
Devon Energy Corp,0.0147,2,3,^,0.55542,Natural Gas (Div.),26.87,0.54897,DVN,P,25,DVN1  220121P00025000,500902,1/21/2022 12:00:00 AM,1,0,10.4,12.5,2.56806,24.04613,5,3,2.46978,3.22227,45.3695,-0.05436,0.05806,5,14.86429,19.40879,1.21036,0.46721,0.7229,-0.06959,-2.39794,1.51234,1.84032,0.43586,0.41314,0.47478,0.47927,1.7223,0.13041,2.97861,2.96804,388745,321144,387065
Norwegian Cruise Line Holdings Ltd,0,3,3,,0.64526,Recreation,30.38,0.43055,NCLH,P,30,NCLH  220121P00030000,3495,1/21/2022 12:00:00 AM,11652,125,4.55,4.65,2.35369,39.61163,5,3,0.82883,0.86662,141.7869,-0.23267,0.29385,4,25.76715,21.3338,0.31704,0.17285,0.18935,-0.01251,-1.03441,0.53188,0.54287,0.29083,0.45897,0.47754,0.47799,0.34031,0.18749,0.80938,0.79881,317759,316165,329035
MGM Resorts International,0.00023,1,3,,0.49734,Hotel/Gaming,40.95,0.41549,MGM,P,37,MGM   220121P00037000,33814,1/21/2022 12:00:00 AM,1439,73,3.1,3.2,1.7655,30.64487,5,3,0.41639,0.44693,220.8054,-0.33449,0.47391,3,34.29115,16.74061,0.17081,0.18273,0.10202,-0.09646,-0.9999,0.41782,0.42683,0.29499,0.31182,0.3645,0.36726,0.21101,0.10354,0.7417,0.73113,328977,318283,108765
TripAdvisor Inc,0,1,2,,0.53471,Internet,40.89,0.50788,TRIP,P,37.5,TRIP  220121P00037500,159875,1/21/2022 12:00:00 AM,117,0,4.35,4.7,2.6175,32.90989,5,3,0.43147,0.51779,196.9881,-0.25987,0.34051,3,33.54643,21.59559,0.23741,0.19986,0.14179,-0.08291,-1.28285,0.50724,0.53783,0.35435,0.36143,0.40217,0.40763,0.29367,0.11709,0.91909,0.90852,336859,318570,129936
TripAdvisor Inc,0,1,2,,0.53471,Internet,40.89,0.50788,TRIP,P,39,TRIP  220121P00039000,163803,1/21/2022 12:00:00 AM,111,0,5.1,5.4,3.18408,36.50244,5,3,0.46466,0.53747,184.0151,-0.25033,0.32274,3,34.31229,23.442,0.26959,0.18152,0.16101,-0.04622,-1.32035,0.50793,0.53318,0.34679,0.41449,0.44137,0.44413,0.30985,0.15378,0.82164,0.81107,338848,319038,135941
Criteo SA,0,2,3,,0.52438,Advertising,38.58,0.53297,CRTO,P,40,CRTO  220121P00040000,482334,1/21/2022 12:00:00 AM,1,1,7.3,7.8,4.84654,43.18929,5,3,0.57581,0.69414,147.9844,-0.19991,0.24352,3,33.12286,28.82725,0.31877,0.15241,0.23381,0.03681,-1.46678,0.56797,0.61062,0.36043,0.53658,0.52323,0.52161,0.41065,0.2,0.77262,0.94609,328621,316067,256525
TripAdvisor Inc,0,1,2,,0.53471,Internet,40.89,0.50788,TRIP,P,40,TRIP  220121P00040000,29584,1/21/2022 12:00:00 AM,1694,7,5.7,6.05,3.63029,38.82208,5,3,0.49434,0.57843,173.2607,-0.23961,0.30446,3,34.72286,24.72607,0.29594,0.17174,0.17675,-0.02177,-1.36205,0.51395,0.54287,0.34393,0.45123,0.46732,0.46905,0.32845,0.17823,0.79268,0.78211,342677,319358,148937
Calix Inc,0,2,4,,0.53187,Telecom. Equipment,42.92,0.53509,CALX,P,41,CALX  220121P00041000,737619,1/21/2022 12:00:00 AM,0,0,6.2,6.9,3.60124,36.18195,5,3,0.56972,0.72392,161.384,-0.21258,0.2647,3,35.23343,24.46838,0.316,0.19976,0.18873,-0.04473,-1.60754,0.57323,0.62954,0.36518,0.42089,0.4494,0.45391,0.37778,0.15527,0.94094,0.93037,332136,315899,263553
Calix Inc,0,2,4,,0.53187,Telecom. Equipment,42.92,0.53509,CALX,P,44,CALX  220121P00044000,517521,1/21/2022 12:00:00 AM,0,0,7.8,8.7,5.11389,42.01641,5,3,0.56763,0.75961,146.944,-0.19829,0.24102,3,36.66515,28.10742,0.32851,0.15657,0.22604,0.02516,-1.65985,0.56629,0.63564,0.36124,0.5204,0.51302,0.5116,0.4149,0.2,0.79342,0.90867,335973,315822,271616
Spirit Aerosystems Holdings Inc,0.00078,2,4,,0.54849,Aerospace/Defense,48.36,0.39453,SPR,P,44,SPR   220121P00044000,475593,1/21/2022 12:00:00 AM,1,0,4.3,4.6,1.9615,31.9092,5,3,0.65039,0.7316,179.3658,-0.29711,0.40428,3,40.16515,16.32037,0.19905,0.18965,0.11888,-0.09016,-1.33359,0.45582,0.47825,0.27619,0.31207,0.38327,0.3886,0.24736,0.10984,0.82006,0.80949,332970,317944,265329
Sunrun Inc,0,3,3,,0.63627,Power,52.58,0.68047,RUN,P,45,RUN1  220121P00045000,651814,1/21/2022 12:00:00 AM,0,0,17.1,19,6.4557,23.02597,5,3,1.18345,1.41142,84.13925,-0.06396,0.07065,5,28.37572,28.78503,1.04389,0.47995,0.62347,-0.14416,-4.24556,1.47396,1.62785,0.67506,0.37499,0.44198,0.44743,1.41548,0.1,3.26276,3.25219,363158,320310,365219
Spirit Aerosystems Holdings Inc,0.00078,2,4,,0.54849,Aerospace/Defense,48.36,0.39453,SPR,P,46,SPR   220121P00046000,555111,1/21/2022 12:00:00 AM,0,0,5.2,5.5,2.6416,36.43019,5,3,0.67963,0.75919,165.7851,-0.285,0.37945,3,41.28629,18.17934,0.23109,0.1669,0.13802,-0.0488,-1.38056,0.45261,0.47405,0.26947,0.38638,0.43175,0.43481,0.26354,0.1512,0.72173,0.71116,335928,318526,271517
Spirit Aerosystems Holdings Inc,0.00078,2,4,,0.54849,Aerospace/Defense,48.36,0.39453,SPR,P,47,SPR   220121P00047000,332236,1/21/2022 12:00:00 AM,13,0,5.7,6.1,3.05622,38.69251,5,3,0.68989,0.79426,158.3218,-0.27632,0.36284,3,41.79686,19.16856,0.24878,0.15656,0.14859,-0.02812,-1.40997,0.45208,0.48,0.26752,0.42589,0.45598,0.45853,0.27561,0.17188,0.69633,0.68576,339482,318716,278925
Sunrun Inc,0,3,3,,0.63627,Power,52.58,0.68047,RUN,P,50,RUN1  220121P00050000,509746,1/21/2022 12:00:00 AM,0,0,21.6,23.5,8.85755,24.84533,5,3,1.34707,1.56926,71.50105,-0.05538,0.06084,5,28.92858,30.5708,1.29112,0.47044,0.77113,-0.04907,-4.64864,1.55949,1.70712,0.66444,0.45281,0.47985,0.4816,1.64367,0.15093,2.73235,2.72177,369095,320614,370495
Sunrun Inc,0,3,3,,0.63627,Power,52.58,0.68047,RUN,P,55,RUN1  220121P00055000,434575,1/21/2022 12:00:00 AM,3,0,26.2,28.1,11.76718,26.33152,5,3,1.46416,1.68017,62.81414,-0.04888,0.0534,5,29.38143,32.34388,1.40017,0.45226,0.92029,0.04603,-4.99255,1.63448,1.77776,0.6633,0.52677,0.51087,0.51,1.87266,0.2,2.27189,2.49144,372464,320743,373411
Sunrun Inc,0,3,3,,0.63627,Power,52.58,0.68047,RUN,P,60,RUN1  220121P00060000,356781,1/21/2022 12:00:00 AM,10,0,30.9,32.9,15.12472,27.48208,5,3,1.54475,1.76518,56.29851,-0.04353,0.04731,5,29.73429,34.06607,1.36866,0.44656,1.07243,0.14112,-5.30005,1.70338,1.85093,0.66937,0.5928,0.53675,0.53383,2.11394,0.2,2.24336,2.93838,374643,320819,375342
Winnebago Industries Inc,0.00747,2,2,,0.52999,Recreation,62.52,0.46432,WGO,P,60,WGO   220121P00060000,268098,1/21/2022 12:00:00 AM,28,11,8.1,8.5,4.57929,37.509,5,3,0.60954,0.67911,165.7302,-0.24807,0.3187,3,52.53429,21.93651,0.27901,0.18044,0.16664,-0.04031,-2.02889,0.50831,0.53028,0.31581,0.42324,0.45213,0.4541,0.31378,0.15969,0.82187,0.8113,326710,317005,252793
Sunrun Inc,0,3,3,,0.63627,Power,52.58,0.68047,RUN,P,65,RUN1  220121P00065000,867043,1/21/2022 12:00:00 AM,0,0,35.7,37.7,18.84953,28.43355,5,3,1.5987,1.812,51.47711,-0.03922,0.04246,5,29.98715,35.84154,1.34801,0.44275,1.229,0.23621,-5.56978,1.76891,1.9141,0.68069,0.64914,0.55858,0.55417,2.3552,0.2,2.22434,3.39483,375716,320856,376255
Alliance Data Systems,0.00727,2,2,,0.53976,Information Services,102.97,0.40941,ADS,P,100,ADS   220121P00100000,208951,1/21/2022 12:00:00 AM,60,3,14.4,15.1,6.92941,38.49814,5,3,0.88419,0.96752,138.412,-0.23741,0.30141,4,86.65715,19.77878,0.29936,0.17926,0.1788,-0.02884,-3.46463,0.52273,0.54585,0.27743,0.43425,0.46499,0.46647,0.33177,0.17116,0.82764,0.81707,353065,320145,310065
CarMax Group,0,1,2,,0.36572,Retail Automotive,113.47,0.34505,KMX,P,105,KMX   220121P00105000,156674,1/21/2022 12:00:00 AM,122,0,7.7,9.7,4.33284,32.84743,5,3,0.44177,0.69775,198.6926,-0.35777,0.51178,3,98.41001,15.01128,0.1502,0.15308,0.08971,-0.07465,-2.5935,0.3558,0.41897,0.24678,0.32197,0.37427,0.39272,0.1954,0.12535,0.55191,0.54134,351779,318754,187103
Expedia Group Inc,0,1,3,,0.42327,Internet,162.84,0.41248,EXPE,P,150,EXPE  220121P00150000,23427,1/21/2022 12:00:00 AM,2215,5,12.25,12.8,7.93459,32.40722,5,3,0.33115,0.37295,231.3025,-0.35123,0.50398,3,139.3357,17.52991,0.1666,0.16465,0.0995,-0.07885,-3.78135,0.38883,0.40104,0.2921,0.34066,0.37885,0.38243,0.19842,0.12115,0.63152,0.62094,318764,316222,88118
Teladoc Health Inc,0,3,5,,0.56609,Healthcare Information,156.36,0.59702,TDOC,P,185,TDOC1 220121P00185000,464030,1/21/2022 12:00:00 AM,2,0,79.25,84,45.9937,35.53515,5,3,1.17924,1.35656,75.26833,-0.065,0.07149,4,107.7057,39.19132,0.81899,0.32368,0.75998,0.18317,-13.27607,1.29787,1.40347,0.59556,0.634,0.56244,0.55777,1.39879,0.2,1.62895,2.53422,360700,320300,363051
Teladoc Health Inc,0,3,5,,0.56609,Healthcare Information,156.36,0.59702,TDOC,P,190,TDOC1 220121P00190000,909541,1/21/2022 12:00:00 AM,0,0,84.15,89,49.7666,35.97072,5,3,1.20905,1.38814,72.28491,-0.06213,0.06813,4,107.8586,39.9235,0.81666,0.32304,0.80556,0.21514,-13.58785,1.32397,1.43131,0.59934,0.65464,0.57147,0.56616,1.46778,0.2,1.62575,2.69091,362143,320378,364316
Teladoc Health Inc,0,3,5,,0.56609,Healthcare Information,156.36,0.59702,TDOC,P,195,TDOC1 220121P00195000,808118,1/21/2022 12:00:00 AM,0,0,89.1,94,53.64802,36.36431,5,3,1.23677,1.41578,69.58378,-0.05945,0.06506,5,107.9614,40.64317,0.81549,0.32272,0.85193,0.24712,-13.8882,1.34998,1.45802,0.60354,0.67393,0.57986,0.57402,1.53701,0.2,1.62416,2.84919,363373,320437,365398
Teladoc Health Inc,0,3,5,,0.56609,Healthcare Information,156.36,0.59702,TDOC,P,200,TDOC1 220121P00200000,223713,1/21/2022 12:00:00 AM,50,0,94.05,99,57.6271,36.7313,5,3,1.26095,1.43972,67.16142,-0.05704,0.06224,5,108.0643,41.36284,0.81432,0.3224,0.89825,0.2791,-14.17363,1.37486,1.48357,0.60809,0.69192,0.58773,0.5814,1.60661,0.2,1.62256,3.00748,364399,320482,366285
Teladoc Health Inc,0,3,5,,0.56609,Healthcare Information,156.36,0.59702,TDOC,P,210,TDOC1 220121P00210000,562174,1/21/2022 12:00:00 AM,0,0,104,108.95,65.84176,37.3923,5,3,1.30186,1.47691,62.98908,-0.05273,0.05733,5,108.22,42.79757,0.81316,0.32208,0.9917,0.34305,-14.70632,1.42269,1.53088,0.61806,0.7242,0.60204,0.59498,1.74421,0.2,1.62096,3.32566,365903,320546,367586
Boeing Co,0,2,3,,0.46188,Aerospace/Defense,238.11,0.32211,BA,P,220,BA    220121P00220000,16631,1/21/2022 12:00:00 AM,3145,19,16.95,17.2,7.67433,32.42894,5,3,0.63857,0.65514,192.1859,-0.3726,0.54663,3,205.3757,13.5601,0.15747,0.15781,0.09405,-0.07606,-5.18642,0.36999,0.37373,0.2258,0.30366,0.3769,0.3781,0.18294,0.12394,0.58491,0.57434,323518,317682,246628
MicroStrategy Inc,0,3,3,ev,0.50967,Computer Software/Svcs,629.92,0.55698,MSTR,P,600,MSTR  220121P00600000,133678,1/21/2022 12:00:00 AM,171,1,123.8,138,54.92853,34.28528,5,3,0.9931,1.20136,116.9829,-0.15197,0.17963,4,482.5429,24.19081,0.45298,0.2546,0.27055,-0.0475,-31.11304,0.75939,0.83874,0.38101,0.42028,0.4598,0.46359,0.5567,0.1525,1.2993,1.28872,352011,319346,355426
MicroStrategy Inc,0,3,3,ev,0.50967,Computer Software/Svcs,629.92,0.55698,MSTR,P,650,MSTR  220121P00650000,370852,1/21/2022 12:00:00 AM,8,0,152.4,167,80.41785,39.28249,5,3,1.00013,1.20728,108.4344,-0.14357,0.16757,4,504.4715,27.38062,0.46293,0.21006,0.31684,0.03188,-32.01571,0.75283,0.8308,0.37639,0.52851,0.51426,0.51293,0.59677,0.2,1.06086,1.20968,352407,319408,355760
MicroStrategy Inc,0,3,3,ev,0.50967,Computer Software/Svcs,629.92,0.55698,MSTR,P,680,MSTR  220121P00680000,194638,1/21/2022 12:00:00 AM,72,0,173.3,187,99.83995,42.00941,5,3,0.99432,1.18272,104.3501,-0.1366,0.15821,4,513.8886,29.73877,0.42486,0.19561,0.35259,0.0795,-32.69046,0.76237,0.83439,0.38227,0.5883,0.54455,0.54072,0.63207,0.2,0.98863,1.37557,350763,319356,354355
GTT Communications Inc,0,3,3,^,0.72617,Wireless Networking,2.19,0.73823,GTT,P,2,GTT   220218P00002000,720695,2/18/2022 12:00:00 AM,0,6,1,1.1,0.29801,20.31244,5,3,2.00442,2.34025,46.1341,-0.04065,0.04435,5,1.02386,22.04765,1.50144,0.55531,1.01193,-0.08676,-0.18475,1.76098,1.95782,0.58613,0.41551,0.47169,0.47453,2.2547,0.11324,4.04419,4.03226,383183,321005,383274
Trinity Biotech PLC,0,3,3,,0.78438,Medical Supplies  (Noninvasive),2.94,0.77154,TRIB,P,2.5,TRIB  220218P00002500,758149,2/18/2022 12:00:00 AM,0,0,0.75,0.85,0.34226,25.18011,5,3,0.81743,1.02577,107.294,-0.08749,0.09832,4,1.77982,29.08116,0.65359,0.41669,0.4405,-0.14966,-0.18007,1.13346,1.26339,0.62366,0.36695,0.42581,0.43337,1.01711,0.1,2.56295,2.55102,337670,315814,343626
Kaleyra Inc,0,1,2,,0.53007,Financial Svcs. (Div.),11.75,0.57191,KLR,P,12.5,KLR   220218P00012500,620643,2/18/2022 12:00:00 AM,0,0,2.9,3.7,1.84805,40.61241,5,3,0.70699,1.25699,104.6844,-0.13726,0.15341,4,9.74912,29.25297,0.35,0.18298,0.31401,0.06383,-0.54706,0.66395,0.87788,0.38896,0.56215,0.5365,0.52763,0.65186,0.2,0.92682,1.23404,374465,320368,315774
Harley Davidson Inc,0.0126,2,2,,0.4499,Recreation,43.75,0.41023,HOG,P,40,HOG   220218P00040000,877893,2/18/2022 12:00:00 AM,0,0,4.4,4.9,2.26572,33.22652,5,3,0.58155,0.71578,166.7236,-0.26988,0.35614,3,36.07717,17.69804,0.20108,0.19822,0.13552,-0.08571,-1.16466,0.4549,0.49351,0.28763,0.34677,0.40162,0.40918,0.28079,0.11429,0.89193,0.88,331162,316235,261700
Harley Davidson Inc,0.0126,2,2,,0.4499,Recreation,43.75,0.41023,HOG,P,41,HOG   220218P00041000,849293,2/18/2022 12:00:00 AM,0,0,4.8,5.1,2.60699,35.57546,5,3,0.58747,0.66765,164.6496,-0.27147,0.35772,3,36.6891,18.61914,0.21444,0.1845,0.14453,-0.06286,-1.15223,0.44865,0.47131,0.28262,0.38414,0.42638,0.42989,0.27955,0.13714,0.81193,0.8,325233,316421,249833
Harley Davidson Inc,0.0126,2,2,,0.4499,Recreation,43.75,0.41023,HOG,P,43,HOG   220218P00043000,682077,2/18/2022 12:00:00 AM,0,0,5.8,6.4,3.46175,40.286,5,3,0.60812,0.76497,148.111,-0.25299,0.3239,3,37.71296,20.68612,0.24904,0.16164,0.16784,-0.01714,-1.20704,0.4459,0.48939,0.27728,0.46372,0.47742,0.47943,0.30873,0.18286,0.73693,0.725,336543,316967,272792
Louisiana Pacific Corp,0.01008,3,1,,0.41577,Paper/Forest Products,55.73,0.36263,LPX,P,55,LPX   220218P00055000,888956,2/18/2022 12:00:00 AM,0,0,7.5,7.8,3.91062,40.6678,5,3,0.8258,0.89521,134.453,-0.2589,0.33365,4,48.15611,18.45565,0.25197,0.15961,0.16982,-0.0131,-1.49869,0.44743,0.46444,0.24506,0.46372,0.48011,0.48084,0.29972,0.1869,0.73198,0.72005,322081,316065,332018
Alliance Data Systems,0.00727,2,2,,0.53976,Information Services,102.97,0.40982,ADS,P,95,ADS   220414P00095000,452853,4/14/2022 12:00:00 AM,2,0,14.5,15.2,6.21802,33.4772,5,3,0.87003,0.94333,121.3946,-0.20664,0.25804,4,81.88666,17.49122,0.23612,0.23282,0.19472,-0.0774,-2.80517,0.52761,0.54829,0.28214,0.36392,0.42619,0.42894,0.38753,0.1226,1.1632,1.14861,351478,320079,306337
Alliance Data Systems,0.00727,2,2,,0.53976,Information Services,102.97,0.40982,ADS,P,105,ADS   220414P00105000,783668,4/14/2022 12:00:00 AM,0,0,19.7,20.7,10.85539,41.33968,5,3,0.87286,0.97273,107.7789,-0.19007,0.23085,4,86.83263,21.17051,0.2689,0.1716,0.24555,0.01971,-2.91388,0.51792,0.54554,0.27654,0.51734,0.50926,0.50879,0.43319,0.2,0.87261,0.95659,353391,320095,310854
Louisiana Pacific Corp,0.01008,3,1,,0.41577,Paper/Forest Products,55.73,0.35986,LPX,P,52.5,LPX   220520P00052500,775600,5/20/2022 12:00:00 AM,0,0,7.6,8.3,3.46132,35.40834,5,3,0.8488,0.99247,113.2498,-0.21947,0.27579,4,45.75797,16.19341,0.20103,0.21067,0.18561,-0.05796,-1.26834,0.45658,0.49206,0.24696,0.38926,0.43954,0.44387,0.3626,0.14204,0.97642,0.96008,334126,316749,340931
Louisiana Pacific Corp,0.01008,3,1,,0.41577,Paper/Forest Products,55.73,0.35986,LPX,P,57.5,LPX   220520P00057500,622248,5/20/2022 12:00:00 AM,0,0,10.3,10.7,5.90594,43.36357,5,3,0.85771,0.93642,103.2218,-0.20584,0.25234,4,48.13968,19.5385,0.21344,0.15306,0.23456,0.03176,-1.2757,0.452,0.47115,0.24331,0.54127,0.52225,0.52134,0.39629,0.2,0.78164,0.9241,327670,316961,335957
Signature Bank,0.00902,2,3,,0.39345,Bank,235.25,0.36459,SBNY,P,230,SBNY  220520P00230000,295410,5/20/2022 12:00:00 AM,20,0,31.4,33.4,18.36719,39.19052,5,3,0.60976,0.70366,129.9549,-0.24915,0.31919,3,202.3587,17.92241,0.18894,0.17213,0.17445,-0.02232,-4.67131,0.39753,0.42072,0.24695,0.44872,0.46809,0.46985,0.3133,0.17768,0.76754,0.7512,329773,317012,258847
General Motors Company,0,1,3,,0.37211,Automotive,58.83,0.3135,GM,P,57.5,GM    220617P00057500,64689,6/17/2022 12:00:00 AM,600,0,6.95,7.65,3.81002,38.42826,5,3,0.65471,0.80079,123.1585,-0.27062,0.35373,3,51.56775,15.16066,0.15519,0.15844,0.15519,-0.02261,-0.98822,0.35252,0.38364,0.21304,0.42449,0.45419,0.45789,0.2827,0.17739,0.68366,0.66596,357897,320232,218134
Boeing Co,0,2,3,,0.46188,Aerospace/Defense,238.11,0.32304,BA,P,230,BA    220617P00230000,71725,6/17/2022 12:00:00 AM,513,9,28.45,29.05,14.7916,37.18045,5,3,0.69098,0.72116,126.3093,-0.26886,0.35217,3,205.621,15.12418,0.15886,0.17124,0.15886,-0.03406,-4.05383,0.37144,0.37807,0.21966,0.40581,0.44396,0.44493,0.28396,0.16594,0.73773,0.72003,331811,318741,262919
Boeing Co,0,2,3,,0.46188,Aerospace/Defense,238.11,0.32304,BA,P,235,BA    220617P00235000,50196,6/17/2022 12:00:00 AM,863,1,31,31.65,16.98837,39.37321,5,3,0.69725,0.72974,122.0121,-0.26251,0.34049,3,208.1595,15.93375,0.16966,0.16095,0.16966,-0.01306,-4.09213,0.3709,0.378,0.21853,0.44387,0.46686,0.46748,0.29369,0.18694,0.71414,0.69644,332772,318822,264866
NVIDIA Corporation,0.00092,1,5,,0.47621,Semiconductor,748.55,0.45728,NVDA,P,700,NVDA  220617P00700000,123078,6/17/2022 12:00:00 AM,203,129,90.6,96.5,62.73323,34.09627,5,3,0.32359,0.392,160.0016,-0.24058,0.30903,3,621.79,19.85224,0.16637,0.20359,0.16637,-0.06486,-14.36686,0.41615,0.43766,0.31441,0.39487,0.42017,0.42404,0.32359,0.13514,0.91331,0.89561,321598,316003,93130
Signature Bank,0.00902,2,3,,0.39345,Bank,235.25,0.36468,SBNY,P,230,SBNY  220819P00230000,653089,8/19/2022 12:00:00 AM,0,0,35.7,38.2,20.7882,38.31928,5,3,0.62298,0.72836,111.0564,-0.21615,0.26962,3,199.0737,17.52114,0.17439,0.19483,0.20449,-0.02232,-4.08829,0.40073,0.42675,0.24691,0.45126,0.46992,0.47175,0.3709,0.17768,0.87482,0.85407,332626,317373,264549
Signature Bank,0.00902,2,3,,0.39345,Bank,235.25,0.36468,SBNY,P,240,SBNY  220819P00240000,856033,8/19/2022 12:00:00 AM,0,0,41.2,43.4,25.95955,42.06678,5,3,0.62282,0.71336,106.027,-0.20855,0.25677,3,203.7812,19.17077,0.17406,0.15494,0.228,0.02019,-4.09699,0.39936,0.42164,0.24609,0.51469,0.50905,0.50857,0.38946,0.2,0.79546,0.87566,330894,317364,261164
NVIDIA Corporation,0.00092,1,5,,0.47621,Semiconductor,748.55,0.45742,NVDA,P,760,NVDA  220916P00760000,186133,9/16/2022 12:00:00 AM,81,1,132.5,139.05,99.93997,40.27115,5,3,0.32383,0.38958,127.3913,-0.20024,0.2456,3,644.3058,23.01347,0.17211,0.16171,0.23327,0.0153,-12.74633,0.40852,0.42881,0.30859,0.49331,0.49495,0.49519,0.40716,0.2,0.83068,0.88504,321259,316010,92455
NVIDIA Corporation,0.00092,1,5,,0.47621,Semiconductor,748.55,0.45742,NVDA,P,780,NVDA  220916P00780000,194400,9/16/2022 12:00:00 AM,73,1,144.5,150.9,111.3079,42.41533,5,3,0.32615,0.38941,123.3715,-0.19459,0.23682,3,652.748,24.25921,0.16009,0.15103,0.24949,0.04201,-12.8155,0.40958,0.42912,0.30885,0.52332,0.51759,0.51679,0.42226,0.2,0.77724,0.9652,321233,316074,92420
HCI Group Inc,0.0183,3,3,e,0.39397,Insurance (Prop/Cas.),93.5,0.38802,HCI,P,105,HCI   221216P00105000,585931,12/16/2022 12:00:00 AM,0,0,30,40,19.15506,40.67308,5,3,0.9035,1.75757,53.43152,-0.10321,0.1095,5,77.7852,20.4337,0.18229,0.19786,0.42653,0.12299,-2.21712,0.5164,0.7481,0.27129,0.63758,0.57335,0.55078,0.91321,0.2,1.01583,1.60428,374480,318007,375173
HCI Group Inc,0.0183,3,3,e,0.39397,Insurance (Prop/Cas.),93.5,0.38802,HCI,P,110,HCI   221216P00110000,768646,12/16/2022 12:00:00 AM,0,0,33.5,43.5,23.05251,43.01467,5,3,0.84741,1.6641,53.07869,-0.09956,0.10492,5,79.41783,22.33178,0.16598,0.18182,0.46443,0.17647,-2.22238,0.51792,0.74688,0.28035,0.68302,0.6017,0.57093,0.95312,0.2,0.93562,1.79144,372018,316711,373044
Ford Motor Company,0,3,3,,0.3488,Automotive,14.54,0.318,F,P,15,F     230120P00015000,3273,1/20/2023 12:00:00 AM,12259,8,3.3,3.5,1.59017,38.58756,5,3,1.11202,1.24469,65.83108,-0.15196,0.17947,4,12.12335,15.32927,0.16993,0.19532,0.31027,0.03164,-0.23825,0.45307,0.48153,0.21452,0.50431,0.50204,0.50192,0.55721,0.2,1.00484,1.1348,354794,320041,357826
Norwegian Cruise Line Holdings Ltd,0,3,3,,0.64526,Recreation,30.38,0.4237,NCLH,P,30,NCLH  230120P00030000,16477,1/20/2023 12:00:00 AM,3175,7,7.15,7.9,3.68975,34.19019,5,3,0.83666,1.02267,73.48208,-0.12825,0.14898,4,23.69669,18.12523,0.21394,0.27608,0.34113,-0.01251,-0.58163,0.52578,0.57903,0.28627,0.45506,0.47549,0.47774,0.67124,0.18749,1.28349,1.25527,337364,316394,343403
Norwegian Cruise Line Holdings Ltd,0,3,3,,0.64526,Recreation,30.38,0.4237,NCLH,P,32.5,NCLH  230120P00032500,15895,1/20/2023 12:00:00 AM,3286,1,8.7,11.5,5.07779,36.53,5,3,0.84139,1.51998,58.55132,-0.10575,0.11517,5,24.71725,19.36361,0.19109,0.21659,0.39377,0.06978,-0.67059,0.52708,0.72132,0.28624,0.54322,0.5235,0.51718,0.8683,0.2,1.11117,1.43186,367422,316550,368979
MGM Resorts International,0.00023,1,3,,0.49734,Hotel/Gaming,40.95,0.42203,MGM,P,40,MGM   230120P00040000,72300,1/20/2023 12:00:00 AM,507,3,7.1,7.75,4.74972,35.81869,5,3,0.42203,0.53974,105.117,-0.1795,0.21761,3,34.02892,18.96268,0.15304,0.2248,0.24403,-0.0232,-0.59526,0.40653,0.44018,0.28588,0.44347,0.46018,0.46321,0.45953,0.1768,1.00889,0.98066,339052,318374,136637
Harley Davidson Inc,0.0126,2,2,,0.4499,Recreation,43.75,0.40344,HOG,P,42,HOG   230120P00042000,353849,1/20/2023 12:00:00 AM,10,0,8.5,9,4.76909,35.24641,5,3,0.66911,0.76007,87.88062,-0.1583,0.18884,3,34.68537,17.84578,0.17683,0.26251,0.28195,-0.04,-0.71048,0.45635,0.48122,0.27341,0.44362,0.46615,0.4679,0.52955,0.16,1.24251,1.21429,336025,318328,271711
Harley Davidson Inc,0.0126,2,2,,0.4499,Recreation,43.75,0.40344,HOG,P,45,HOG   230120P00045000,179493,1/20/2023 12:00:00 AM,90,0,10.3,11.9,6.3578,38.90916,5,3,0.6822,0.96541,76.12681,-0.13975,0.16211,4,35.97004,19.62535,0.18126,0.20686,0.32505,0.02857,-0.76923,0.45818,0.53532,0.27237,0.52323,0.51381,0.51182,0.61687,0.2,1.06251,1.17714,352939,318584,309753
Spirit Aerosystems Holdings Inc,0.00078,2,4,,0.54849,Aerospace/Defense,48.36,0.39194,SPR,P,45,SPR   230120P00045000,52959,1/20/2023 12:00:00 AM,802,2,8.5,9.4,4.16244,31.98729,5,3,0.73688,0.89102,86.05462,-0.15814,0.18897,3,37.77004,15.86037,0.16375,0.27347,0.2611,-0.06948,-0.79273,0.46505,0.50632,0.26775,0.38484,0.43307,0.43848,0.52918,0.13052,1.37486,1.34664,347810,319283,297570
National Beverage Corporation,0,3,3,,0.45845,Beverage,45.87,0.42678,FIZZ,P,47.5,FIZZ  230120P00047500,880873,1/20/2023 12:00:00 AM,0,0,12.8,15.7,6.79407,34.98758,5,3,0.93345,1.40299,60.30743,-0.10677,0.11945,5,36.04059,18.65486,0.21958,0.24351,0.3971,0.03554,-1.0035,0.55668,0.69187,0.28792,0.50735,0.5038,0.50306,0.8372,0.2,1.24579,1.39525,362800,318608,364893
Louisiana Pacific Corp,0.01008,3,1,,0.41577,Paper/Forest Products,55.73,0.35668,LPX,P,55,LPX   230120P00055000,173662,1/20/2023 12:00:00 AM,98,0,11.6,13.9,5.88498,36.089,5,3,0.89293,1.26116,69.58889,-0.14415,0.16775,4,44.95227,16.10371,0.18532,0.24947,0.2955,-0.0131,-0.97515,0.45612,0.54485,0.24096,0.46682,0.48246,0.48531,0.59613,0.1869,1.14189,1.11367,355734,317776,358651
Winnebago Industries Inc,0.00747,2,2,,0.52999,Recreation,62.52,0.46401,WGO,P,55,WGO   230120P00055000,486766,1/20/2023 12:00:00 AM,1,0,11,12.9,5.70076,28.89181,5,3,0.6126,0.83386,89.54714,-0.13821,0.16207,3,45.55227,17.23183,0.17449,0.32445,0.27822,-0.12028,-1.14173,0.51937,0.59063,0.32207,0.36121,0.41283,0.4232,0.61702,0.1,1.78766,1.75944,343117,317096,286864
Louisiana Pacific Corp,0.01008,3,1,,0.41577,Paper/Forest Products,55.73,0.35668,LPX,P,57.5,LPX   230120P00057500,622173,1/20/2023 12:00:00 AM,0,0,13.2,13.9,7.23361,39.47358,5,3,0.91188,1.02085,71.52769,-0.14749,0.1733,4,45.92282,17.60303,0.17951,0.2051,0.32619,0.03176,-0.93141,0.4604,0.48664,0.24081,0.52506,0.51312,0.51241,0.57704,0.2,1.0537,1.18428,337169,318184,343256
Winnebago Industries Inc,0.00747,2,2,,0.52999,Recreation,62.52,0.46401,WGO,P,60,WGO   230120P00060000,196110,1/20/2023 12:00:00 AM,71,1,13.7,14.3,7.82378,33.74914,5,3,0.64417,0.71111,87.10773,-0.13748,0.1617,3,47.99338,19.65262,0.20327,0.28766,0.32412,-0.04031,-1.13826,0.51701,0.53806,0.31445,0.44248,0.46494,0.4663,0.61843,0.15969,1.40042,1.3722,330636,317802,260650
Winnebago Industries Inc,0.00747,2,2,,0.52999,Recreation,62.52,0.46401,WGO,P,65,WGO   230120P00065000,497144,1/20/2023 12:00:00 AM,1,0,16.6,17.4,10.51766,38.25707,5,3,0.63932,0.72504,80.94267,-0.1292,0.14988,3,50.2345,22.19193,0.20066,0.22585,0.3712,0.03967,-1.16646,0.5135,0.54035,0.31324,0.52277,0.5139,0.5132,0.6672,0.2,1.15746,1.32758,332255,317711,263818
Winnebago Industries Inc,0.00747,2,2,,0.52999,Recreation,62.52,0.46401,WGO,P,70,WGO   230120P00070000,411252,1/20/2023 12:00:00 AM,4,0,19.7,20.5,13.73115,42.71592,5,3,0.60767,0.68995,77.32472,-0.1226,0.14077,3,52.27561,25.08215,0.17006,0.19546,0.41987,0.11964,-1.1655,0.50976,0.53585,0.31708,0.59542,0.5597,0.55682,0.71035,0.2,1.00551,1.5755,328120,316957,255513
Live Nation Entertainment Inc,0,2,3,,0.41251,Entertainment,85.74,0.33497,LYV,P,85,LYV   230120P00085000,171262,1/20/2023 12:00:00 AM,101,0,15.6,16.3,8.10664,36.95333,5,3,0.79958,0.87497,83.82291,-0.18047,0.21892,3,71.79896,15.5115,0.15867,0.2188,0.25301,-0.00863,-1.23096,0.40791,0.425,0.22667,0.44872,0.47145,0.4726,0.45679,0.19137,0.97898,0.95076,346561,319740,294755
Live Nation Entertainment Inc,0,2,3,,0.41251,Entertainment,85.74,0.33497,LYV,P,87.5,LYV   230120P00087500,341432,1/20/2023 12:00:00 AM,11,0,17,17.9,9.35639,39.01189,5,3,0.80252,0.89841,80.60401,-0.17485,0.21034,3,72.96951,16.3272,0.15327,0.17775,0.26936,0.02053,-1.24577,0.40737,0.42904,0.226,0.48895,0.49387,0.49418,0.47542,0.2,0.91696,0.99137,348392,319755,298884
Alliance Data Systems,0.00727,2,2,,0.53976,Information Services,102.97,0.41034,ADS,P,105,ADS   230120P00105000,178342,1/20/2023 12:00:00 AM,91,0,26.5,28.1,14.28968,36.84091,5,3,0.88758,1.0069,70.67706,-0.12768,0.14807,4,81.46342,18.88506,0.21319,0.23764,0.3658,0.01971,-1.95594,0.5225,0.55553,0.27681,0.5033,0.50175,0.50164,0.67535,0.2,1.21643,1.28678,355487,320160,315759
Zillow Group Inc,0,1,3,,0.53663,Internet,116.59,0.60757,Z,P,105,Z     230120P00105000,30602,1/20/2023 12:00:00 AM,1628,2,24.5,25.7,16.28718,29.05797,5,3,0.38308,0.4398,105.3737,-0.12498,0.14621,3,83.46342,22.58181,0.20857,0.33777,0.33257,-0.09941,-2.28078,0.58041,0.60421,0.41965,0.40097,0.42804,0.43084,0.68395,0.10059,2.11724,2.08902,328094,317570,106663
Zillow Group Inc,0,1,3,,0.53663,Internet,116.59,0.60757,Z,P,110,Z     230120P00110000,40544,1/20/2023 12:00:00 AM,1140,0,27,28.55,18.52776,31.2816,5,3,0.38592,0.45761,101.0974,-0.12193,0.1418,3,86.10453,23.98256,0.22171,0.31633,0.35352,-0.05652,-2.32522,0.57377,0.60345,0.414,0.43436,0.45253,0.45486,0.70523,0.14348,1.64228,1.61406,330235,317622,111950
Zillow Group Inc,0,1,3,,0.53663,Internet,116.59,0.60757,Z,P,120,Z     230120P00120000,48533,1/20/2023 12:00:00 AM,903,2,33.25,34.55,23.84906,35.5117,5,3,0.40997,0.46787,93.02772,-0.11403,0.1311,3,90.13676,26.95338,0.23342,0.25594,0.41151,0.02925,-2.41217,0.57789,0.60162,0.40986,0.50047,0.50033,0.50032,0.76275,0.2,1.30792,1.42594,331392,318150,114968
Zillow Group Inc,0,1,3,,0.53663,Internet,116.59,0.60757,Z,P,125,Z     230120P00125000,54571,1/20/2023 12:00:00 AM,769,0,36.35,37.55,26.90676,37.63997,5,3,0.40354,0.45573,90.64735,-0.11111,0.1272,3,92.17788,28.63495,0.21536,0.23964,0.43826,0.07213,-2.42808,0.57659,0.59803,0.41081,0.53183,0.52269,0.52187,0.78616,0.2,1.22644,1.55888,330013,318009,111421
Zillow Group Inc,0,1,3,,0.53663,Internet,116.59,0.60757,Z,P,135,Z     230120P00135000,21712,1/20/2023 12:00:00 AM,2401,0,43,44.15,33.72884,41.6521,5,3,0.38137,0.42923,86.42591,-0.1047,0.1188,3,95.81011,32.21327,0.18533,0.21091,0.49561,0.1579,-2.4495,0.5769,0.59689,0.41763,0.58881,0.56455,0.56241,0.84178,0.2,1.08277,1.84407,326724,317543,103605
Signature Bank,0.00902,2,3,,0.39345,Bank,235.25,0.36476,SBNY,P,230,SBNY  230120P00230000,760669,1/20/2023 12:00:00 AM,0,0,41.2,44.4,24.25505,37.05074,5,3,0.61362,0.73104,92.26587,-0.1823,0.22132,3,195.2913,16.93905,0.15456,0.22567,0.24644,-0.02232,-3.35585,0.39837,0.42736,0.24688,0.45351,0.47115,0.4731,0.45183,0.17768,1.01387,0.98565,332927,317127,265199
Signature Bank,0.00902,2,3,,0.39345,Bank,235.25,0.36476,SBNY,P,240,SBNY  230120P00240000,713334,1/20/2023 12:00:00 AM,0,0,47,50.1,29.44153,40.17389,5,3,0.62189,0.73319,87.84509,-0.17519,0.21033,3,199.7735,18.30813,0.15499,0.1796,0.27175,0.02019,-3.38774,0.39913,0.42652,0.24609,0.50789,0.50487,0.50456,0.47544,0.2,0.9262,0.99894,333145,317344,265711
MicroStrategy Inc,0,3,3,ev,0.50967,Computer Software/Svcs,629.92,0.54735,MSTR,P,600,MSTR  230120P00600000,73730,1/20/2023 12:00:00 AM,493,4,196.6,209.8,90.96009,28.62735,5,3,0.99681,1.12789,61.42374,-0.0837,0.09438,4,420.3338,19.7481,0.32335,0.38782,0.51558,-0.0475,-16.00117,0.74383,0.79266,0.37251,0.43508,0.46738,0.46939,1.05955,0.1525,2.07478,2.04655,346778,319374,350964
NVIDIA Corporation,0.00092,1,5,,0.47621,Semiconductor,748.55,0.45754,NVDA,P,740,NVDA  230120P00740000,286814,1/20/2023 12:00:00 AM,22,10,136,145.5,100.1171,36.74539,5,3,0.32343,0.40972,112.4026,-0.17748,0.21484,3,624.885,21.05579,0.15891,0.22133,0.25339,-0.01142,-10.9213,0.40951,0.43621,0.30943,0.46101,0.47052,0.47232,0.46546,0.18858,0.99167,0.96345,324167,315999,97972
NVIDIA Corporation,0.00092,1,5,,0.47621,Semiconductor,748.55,0.45754,NVDA,P,760,NVDA  230120P00760000,57165,1/20/2023 12:00:00 AM,719,11,147.5,157,110.597,38.63785,5,3,0.32771,0.41296,108.9631,-0.17315,0.20804,3,633.9495,22.0894,0.157,0.18175,0.26904,0.0153,-11.00671,0.40989,0.43621,0.30872,0.48816,0.49108,0.49162,0.48069,0.2,0.93698,0.98524,324614,316119,98864
