Company,DIV'D,CMRK,TechRank,^vCM,HISTVO,INDUST,CMPRICE,VOLF,TKR,C/P,STRIKE,OPTKR,Record Number,EXPDAY,OI,VOL,BID,ASK,EST,DLTA,Bid oprk,Ask oprk,Bid UN/OV,Ask UN/OV,RVOPT,10%,-10%,CCMPRK,CCMPBE,CCMPRV,CCPWPA,CCPWPT,CCPWMX,I/OTM,THETA,Bid Implied,Ask Implied,VOLFADJ,PrtbStrk VOLF,Bid PrtbStrk Implied,Ask PrtbStrk Implied,PctDble,Margin,Yld Margin,Max Margin,ROBUY,ROWRT,ROCCMP,06/25/2021
Southwestern Energy,0,5,3,,0.62917,Natural Gas (Div.),5.72,0.60424,SWN,P,5.5,SWN   210702P00005500,95711,7/2/2021 12:00:00 AM,365,313,0.08,0.1,0.11028,29.68243,3,1,-0.16812,-0.05632,2452.955,-0.89988,3.43765,3,5.42213,33.57193,0.69113,0.05284,0.01515,-0.03846,-0.98431,0.50808,0.57636,0.61076,0.33068,0.29924,0.32126,0.02909,0.16154,0.08697,0.08658,5067,63335,295474
Hecla Mining Company,0.00255,5,3,,0.66338,Precious Metals,7.82,0.84721,HL,P,7.5,HL    210702P00007500,110815,7/2/2021 12:00:00 AM,283,0,0.1,0.12,0.24479,28.0531,3,1,-0.41405,-0.35382,3696.34,-0.91304,3.77676,3,7.40291,44.22104,0.63425,0.0541,0.0139,-0.04092,-1.26731,0.49877,0.55004,0.85122,0.36912,0.28423,0.30252,0.02648,0.15908,0.08077,0.08039,886,43538,213442
Hecla Mining Company,0.00255,5,3,,0.66338,Precious Metals,7.82,0.84721,HL,P,8,HL    210702P00008000,76388,7/2/2021 12:00:00 AM,524,124,0.35,0.39,0.48538,58.57944,3,1,-0.35602,-0.25001,1882.999,-0.78594,1.64594,3,7.6531,90.71569,1.03159,0.02174,0.04614,0.02302,-1.61941,0.53852,0.62717,0.83624,0.57187,0.61075,0.59542,0.06076,0.2,0.10908,0.22379,1334,44199,245992
Cronos Group Inc,0,4,4,,0.87806,Cannabis,8.91,0.71057,CRON,P,8.5,CRON  210702P00008500,44050,7/2/2021 12:00:00 AM,1130,23,0.08,0.1,0.19435,23.74289,3,1,-0.36899,-0.29981,3931.057,-0.94668,5.03987,3,8.4233,31.18145,0.45119,0.05538,0.00989,-0.04602,-1.19198,0.4475,0.49656,0.70918,0.3255,0.23671,0.25911,0.01984,0.15398,0.0587,0.05831,5287,65479,145915
Co Diagnostics Inc,0,5,5,e,1.13675,Biotechnology,8.8,1.03572,CODX,P,9,CODX  210702P00009000,422165,7/2/2021 12:00:00 AM,5,8,0.4,0.5,0.60867,57.15939,3,1,-0.4228,-0.21906,1968.826,-0.74393,1.46989,3,8.60349,101.6675,1.07875,0.02273,0.0469,0.02273,-2.05795,0.55439,0.75008,0.96048,0.56171,0.60607,0.57882,0.06803,0.2,0.11402,0.22727,1655,43453,254793
Momo Inc,0,5,5,,0.57454,Computer Software/Svcs,15.48,0.60035,MOMO,P,15.5,MOMO  210702P00015500,259835,7/2/2021 12:00:00 AM,39,13,0.33,0.41,0.51414,49.44122,3,1,-0.36322,-0.20542,2154.242,-0.9415,3.25387,3,15.17601,50.7743,0.95005,0.02003,0.02214,0.00129,-2.22877,0.35313,0.44064,0.55456,0.50439,0.50689,0.50552,0.03073,0.2,0.10052,0.10659,1845,44116,258674
3D Systems Corporation,0,5,3,,0.71931,Electronics,40.61,0.97485,DDD,P,37.5,DDD   210702P00037500,300967,7/2/2021 12:00:00 AM,23,28,0.6,0.75,0.95113,22.94533,3,1,-0.19981,-0.1122,2703.704,-0.78926,2.31852,3,36.91455,39.92402,0.75957,0.09174,0.01665,-0.07658,-8.98755,0.75184,0.83416,0.93958,0.28246,0.23598,0.2584,0.04313,0.12342,0.1201,0.11971,3614,62183,282767
Urban Outfitters Inc,0,5,3,,0.49707,Retail (SoftLines),41.94,0.55791,URBN,P,40.5,URBN  210702P00040500,337462,7/2/2021 12:00:00 AM,15,0,0.4,0.5,0.66095,27.34012,3,1,-0.23889,-0.14511,3057.621,-0.96321,5.42915,3,40.11571,26.15488,0.47281,0.04426,0.01036,-0.03433,-5.33153,0.39318,0.44163,0.51659,0.32208,0.27196,0.29449,0.01842,0.16567,0.05796,0.05757,2901,60971,274714
Kraft Heinz Company,0.03986,4,3,,0.31694,Food Processing,40.73,0.32542,KHC,P,41,KHC   210702P00041000,172044,7/2/2021 12:00:00 AM,116,1,0.49,0.54,0.69421,62.48205,3,1,-0.39499,-0.29667,1744.896,-0.99999,7.46429,3,40.52591,25.76112,0.26548,0.0054,0.01248,0.00663,-1.95589,0.1347,0.15659,0.22264,0.58519,0.63896,0.62018,0.0134,0.2,0.0274,0.06015,5388,64272,147040
Abercrombie and Fitch Co,0,5,3,v,0.61572,Retail (SoftLines),46.81,0.59314,ANF,P,49,ANF   210702P00049000,912883,7/2/2021 12:00:00 AM,0,0,2.45,2.65,2.78737,76.52335,3,1,-0.29954,-0.11587,1213.69,-0.8657,1.68914,3,46.56901,72.70568,0.27253,0.00555,0.05302,0.04678,-5.22147,0.35938,0.45361,0.51306,0.7247,0.80292,0.75019,0.0592,0.2,0.02816,0.2617,3529,45189,281883
VF Corporation,0.02394,5,2,v,0.34562,Apparel,83.83,0.53243,VFC,P,82.5,VFC   210702P00082500,522627,7/2/2021 12:00:00 AM,1,0,0.45,0.55,1.53788,29.89115,3,1,-0.54522,-0.49182,5680.981,-0.99978,13.12388,3,82.08201,24.04633,0.26793,0.02162,0.00587,-0.01587,-5.50779,0.19756,0.22076,0.43441,0.40263,0.29387,0.31379,0.00762,0.18413,0.02954,0.02915,720,14147,166008
VF Corporation,0.02394,5,2,v,0.34562,Apparel,83.83,0.53243,VFC,P,83,VFC   210702P00083000,310326,7/2/2021 12:00:00 AM,21,14,0.6,0.7,1.7039,36.7137,3,1,-0.54322,-0.49265,4566.487,-0.99974,10.63216,3,82.4322,28.82638,0.34992,0.01745,0.00767,-0.0099,-5.81841,0.19367,0.21511,0.42399,0.43788,0.36607,0.37898,0.00941,0.1901,0.03804,0.03765,719,14153,165712
First Solar Inc,0,5,3,v,0.47398,Power,88,0.48468,FSLR,P,84,FSLR  210702P00084000,285400,7/2/2021 12:00:00 AM,28,32,0.65,0.7,1.03521,21.33224,3,1,-0.19178,-0.16563,3603.627,-0.97147,6.7385,3,83.38259,19.9413,0.3735,0.05323,0.00819,-0.04545,-9.72444,0.40798,0.42118,0.50479,0.26511,0.21869,0.22594,0.01484,0.15455,0.04818,0.04779,2506,62446,269450
VF Corporation,0.02394,5,2,v,0.34562,Apparel,83.83,0.53243,VFC,P,84,VFC   210702P00084000,422788,7/2/2021 12:00:00 AM,5,0,1,1.2,2.16134,52.26648,3,1,-0.562,-0.46521,3010.124,-0.99936,6.78191,3,83.03259,40.4378,0.47395,0.0099,0.01244,0.00203,-6.06045,0.18299,0.22343,0.41779,0.51395,0.53181,0.52606,0.01475,0.2,0.04989,0.05964,740,14110,175377
Kinross Gold Corporation,0.01887,5,3,v,0.5039,Precious Metals,6.37,0.46558,KGC,P,6,KGC   210709P00006000,77102,7/9/2021 12:00:00 AM,517,0,0.05,0.06,0.10067,20.03307,3,1,-0.2701,-0.2129,2737.734,-0.94076,5.16672,3,5.95436,17.96002,0.22218,0.06666,0.00913,-0.05808,-0.4365,0.35336,0.38105,0.48412,0.27118,0.20195,0.21945,0.01935,0.14192,0.05604,0.05531,1732,45895,256560
Vodafone Group PLC,0.06199,5,3,,0.29263,Telecom. Services,17.39,0.34978,VOD,P,17.5,VOD   210709P00017500,384184,7/9/2021 12:00:00 AM,9,0,0.31,0.38,0.41169,57.58097,3,1,-0.30883,-0.09568,1200.283,-0.99164,4.43882,3,17.20273,25.45399,0.30081,0.0115,0.01876,0.00633,-0.82646,0.16499,0.21587,0.23871,0.56668,0.59597,0.57365,0.02253,0.2,0.05823,0.08913,4001,45003,286711
3D Systems Corporation,0,5,3,,0.71931,Electronics,40.61,0.93851,DDD,P,36.5,DDD   210709P00036500,303105,7/9/2021 12:00:00 AM,23,1,0.8,1,1.19866,22.41016,3,1,-0.1767,-0.08632,1812.555,-0.66604,1.51341,3,35.72655,37.27514,0.56298,0.12163,0.02314,-0.10121,-6.35701,0.73948,0.82066,0.89819,0.27759,0.2368,0.25922,0.06608,0.1,0.19772,0.197,4227,63018,288871
Urban Outfitters Inc,0,5,3,,0.49707,Retail (SoftLines),41.94,0.53876,URBN,P,40,URBN  210709P00040000,468363,7/9/2021 12:00:00 AM,2,6,0.55,0.65,0.84909,26.8457,3,1,-0.20927,-0.13764,2028.172,-0.89529,3.49883,3,39.4791,24.78206,0.35695,0.0601,0.01467,-0.04626,-3.79235,0.39417,0.42988,0.49849,0.31709,0.27365,0.29054,0.02858,0.15374,0.08603,0.0853,3053,61886,276557
Urban Outfitters Inc,0,5,3,,0.49707,Retail (SoftLines),41.94,0.53876,URBN,P,41,URBN  210709P00041000,510894,7/9/2021 12:00:00 AM,1,0,0.85,1,1.15318,37.20378,3,1,-0.19784,-0.09951,1604.228,-0.87353,2.77521,3,40.17982,32.71452,0.53285,0.04341,0.0219,-0.02241,-4.25314,0.3809,0.42759,0.47484,0.40399,0.38095,0.39362,0.03603,0.17759,0.11485,0.11412,3900,62232,285877
Kraft Heinz Company,0.03986,4,3,,0.31694,Food Processing,40.73,0.33551,KHC,P,41.5,KHC   210709P00041500,328059,7/9/2021 12:00:00 AM,17,1,0.95,1.02,1.26253,74.57152,3,1,-0.45652,-0.34563,1096.277,-0.99817,3.94703,3,40.58019,33.0628,0.12571,0.00442,0.02416,0.0189,-1.11362,0.13012,0.15667,0.23942,0.65713,0.77172,0.73183,0.02534,0.2,0.02282,0.11662,4005,61969,130449
Urban Outfitters Inc,0,5,3,,0.49707,Retail (SoftLines),41.94,0.53876,URBN,P,42,URBN  210709P00042000,729492,7/9/2021 12:00:00 AM,0,0,1.3,1.45,1.59993,48.72347,3,1,-0.18939,-0.0947,1307.128,-0.84325,2.1774,3,40.73055,42.16836,0.75906,0.02957,0.03267,0.00143,-4.42531,0.37884,0.42309,0.46735,0.50296,0.50365,0.50327,0.04593,0.2,0.14856,0.15498,4024,62539,286948
Altria Group Inc,0.07316,4,2,,0.25345,Tobacco,47.54,0.21868,MO,P,48.5,MO    210709P00048500,120786,7/9/2021 12:00:00 AM,241,11,1.18,1.23,1.4236,79.94848,3,1,-0.40296,-0.30994,893.0551,-0.99917,3.81924,3,47.35528,29.63572,0.13083,0.00463,0.02566,0.02019,-0.97076,0.11951,0.13813,0.20017,0.70844,0.82102,0.7868,0.02618,0.2,0.02387,0.12411,4970,63950,142467
Abercrombie and Fitch Co,0,5,3,v,0.61572,Retail (SoftLines),46.81,0.58632,ANF,P,49,ANF   210709P00049000,763535,7/9/2021 12:00:00 AM,0,0,2.75,3,3.14747,69.4152,3,1,-0.24327,-0.08814,969.2398,-0.76436,1.39439,3,46.28564,62.33228,0.31233,0.01196,0.06019,0.04678,-4.31634,0.36694,0.44216,0.4849,0.67643,0.72738,0.69216,0.07172,0.2,0.06054,0.29374,4181,60836,288431
Abercrombie and Fitch Co,0,5,3,v,0.61572,Retail (SoftLines),46.81,0.58632,ANF,P,50,ANF   210709P00050000,839224,7/9/2021 12:00:00 AM,0,0,3.5,3.8,3.96141,77.25282,3,1,-0.30605,-0.10054,889.1251,-0.72192,1.1538,3,46.53637,73.23853,0.17992,0.00662,0.076,0.06815,-3.70019,0.35526,0.46047,0.51194,0.73507,0.81735,0.75755,0.08667,0.2,0.03384,0.37385,3876,45060,285629
VF Corporation,0.02394,5,2,v,0.34562,Apparel,83.83,0.50478,VFC,P,82,VFC   210709P00082000,468290,7/9/2021 12:00:00 AM,2,0,0.6,0.75,1.94951,29.54296,3,1,-0.52529,-0.46325,3726.849,-0.99549,8.77392,3,81.45965,22.54018,0.19706,0.02971,0.0081,-0.02183,-3.95192,0.19558,0.22114,0.412,0.39697,0.29108,0.31326,0.0114,0.17817,0.0409,0.04017,741,14225,176061
First Solar Inc,0,5,3,v,0.47398,Power,88,0.48321,FSLR,P,82.5,FSLR  210709P00082500,476759,7/9/2021 12:00:00 AM,2,0,0.75,0.92,1.37787,20.01391,3,1,-0.23599,-0.16853,2511.85,-0.91975,4.46012,3,81.81001,18.68892,0.24094,0.07175,0.0099,-0.0625,-6.61014,0.38525,0.41927,0.50425,0.26158,0.20166,0.22128,0.02242,0.1375,0.06271,0.06198,2438,61056,268667
VF Corporation,0.02394,5,2,v,0.34562,Apparel,83.83,0.50478,VFC,P,82.5,VFC   210709P00082500,680966,7/9/2021 12:00:00 AM,0,0,0.75,0.9,2.11202,34.51289,3,1,-0.5213,-0.46186,3212.89,-0.99479,7.5886,3,81.81001,25.83737,0.24094,0.02554,0.0099,-0.01587,-4.14615,0.19352,0.21755,0.40426,0.42386,0.34417,0.36062,0.01318,0.18413,0.04932,0.04859,744,14247,176573
First Solar Inc,0,5,3,v,0.47398,Power,88,0.48321,FSLR,P,83,FSLR  210709P00083000,411574,7/9/2021 12:00:00 AM,6,1,0.84,0.99,1.4893,21.79263,3,1,-0.23597,-0.17873,2424.166,-0.91966,4.33092,3,82.22037,20.12308,0.26648,0.06709,0.01095,-0.05682,-6.82382,0.38097,0.40951,0.49863,0.27897,0.22159,0.2378,0.02309,0.14318,0.06739,0.06667,2273,61057,265961
First Solar Inc,0,5,3,v,0.47398,Power,88,0.48321,FSLR,P,83.5,FSLR  210709P00083500,496666,7/9/2021 12:00:00 AM,1,3,0.97,1.11,1.61138,24.04669,3,1,-0.22533,-0.17416,2266.208,-0.91432,4.04557,3,82.59074,21.97422,0.3037,0.06289,0.01248,-0.05114,-7.20012,0.38227,0.40752,0.49346,0.29737,0.24613,0.25973,0.02472,0.14886,0.07477,0.07405,2347,61375,267223
Akamai Technologies Inc,0,5,4,,0.32514,E-Commerce,116.22,0.33163,AKAM,P,113,AKAM  210709P00113000,371225,7/9/2021 12:00:00 AM,10,0,0.5,0.6,1.03052,21.62349,3,1,-0.2869,-0.22896,3515.945,-0.99896,14.18446,3,112.5822,10.01448,0.12585,0.03274,0.00517,-0.02771,-4.14824,0.17834,0.19283,0.25009,0.28483,0.21264,0.23045,0.00705,0.17229,0.0257,0.02497,1544,45452,252054
Akamai Technologies Inc,0,5,4,,0.32514,E-Commerce,116.22,0.33163,AKAM,P,114,AKAM  210709P00114000,393456,7/9/2021 12:00:00 AM,8,0,0.65,0.8,1.23811,27.96564,3,1,-0.30268,-0.22267,2817.497,-0.99914,11.86777,3,113.4329,12.2474,0.15724,0.02542,0.00646,-0.0191,-4.44585,0.16491,0.18383,0.23649,0.33817,0.2747,0.29562,0.00843,0.1809,0.03164,0.03092,1603,45129,253797
Akamai Technologies Inc,0,5,4,,0.32514,E-Commerce,116.22,0.33163,AKAM,P,115,AKAM  210709P00115000,250775,7/9/2021 12:00:00 AM,43,10,0.9,1.05,1.54013,36.14801,3,1,-0.31421,-0.23949,2232.424,-0.99921,9.58564,3,114.1836,15.24776,0.20964,0.01897,0.00862,-0.0105,-4.63802,0.15621,0.17323,0.22778,0.4035,0.36084,0.37402,0.01043,0.1895,0.04159,0.04086,1463,44900,248949
International Business Machines Corp,0.04543,5,3,v,0.26231,Computers/Peripherals,146.11,0.21982,IBM,P,148,IBM   210709P00148000,136267,7/9/2021 12:00:00 AM,192,0,2.77,2.89,3.04419,69.14513,3,1,-0.16851,-0.0935,841.8102,-0.9994,4.87939,3,145.3376,19.8024,0.16514,0.00602,0.0198,0.01294,-4.16876,0.12859,0.14019,0.15465,0.67231,0.70428,0.68876,0.02049,0.2,0.03084,0.09479,4050,63315,287208
International Business Machines Corp,0.04543,5,3,v,0.26231,Computers/Peripherals,146.11,0.21982,IBM,P,149,IBM   210709P00149000,201723,7/9/2021 12:00:00 AM,79,20,3.5,3.65,3.83183,77.19828,3,1,-0.22133,-0.11782,740.7979,-0.99887,3.93369,3,145.6084,23.18808,0.11972,0.00417,0.02478,0.01978,-3.45527,0.1263,0.14309,0.1622,0.73576,0.79089,0.76254,0.02542,0.2,0.0216,0.11977,3486,61493,281416
Novavax Inc,0,4,3,e,1.00972,Biotechnology,195.65,0.91343,NVAX,P,185,NVAX  210709P00185000,367758,7/9/2021 12:00:00 AM,10,1,3.75,4.4,7.79606,28.49703,3,1,-0.35687,-0.29727,2255.543,-0.7909,2.21497,3,181.3846,42.76719,0.52115,0.07433,0.02142,-0.05443,-24.18653,0.5212,0.5695,0.81041,0.365,0.29576,0.31167,0.04515,0.14557,0.1324,0.13167,5369,66089,146811
AutoZone Inc,0,5,1,v,0.28786,Retail Automotive,1470.11,0.25697,AZO,P,1505,AZO   210709P01505000,760859,7/9/2021 12:00:00 AM,0,0,35.6,42.5,43.57013,78.76683,3,1,-0.48753,-0.05654,812.5244,-0.99841,3.63013,3,1470.495,27.65445,0.02946,0.00048,0.02495,0.02373,-33.96751,0.09716,0.17887,0.18959,0.72286,0.87574,0.73461,0.02755,0.2,0.00314,0.12108,5062,42970,295438
Kinross Gold Corporation,0.01887,5,3,v,0.5039,Precious Metals,6.37,0.46813,KGC,P,6,KGC   210716P00006000,25600,7/16/2021 12:00:00 AM,2188,90,0.08,0.1,0.1429,24.49736,3,1,-0.25697,-0.17216,1803.67,-0.86929,3.17792,3,5.9264,21.83486,0.2419,0.07171,0.01458,-0.05808,-0.41438,0.35763,0.39845,0.48131,0.30649,0.24802,0.2706,0.03147,0.14192,0.08956,0.0885,2384,46256,267713
Kinross Gold Corporation,0.01887,5,3,v,0.5039,Precious Metals,6.37,0.46813,KGC,P,6.5,KGC   210716P00006500,75186,7/16/2021 12:00:00 AM,537,11,0.3,0.32,0.36574,56.77275,3,1,-0.22674,-0.1575,1004.812,-0.75813,1.5484,3,6.20693,49.46483,0.47261,0.02669,0.04945,0.02041,-0.51216,0.36381,0.39639,0.47049,0.56966,0.58978,0.58251,0.06458,0.2,0.1345,0.23548,2662,61336,271578
Comstock Resources Inc New,0,4,3,e,0.75606,Petroleum (Producing),6.75,0.72684,CRK,P,7,CRK   210716P00007000,130264,7/16/2021 12:00:00 AM,209,8,0.4,0.45,0.58653,61.17802,3,1,-0.42686,-0.31044,1198.871,-0.68699,1.22568,3,6.60747,76.69345,0.39477,0.02222,0.06167,0.03704,-0.59472,0.38799,0.4668,0.67695,0.5841,0.64453,0.62097,0.08159,0.2,0.11218,0.2963,4950,63010,142315
Hecla Mining Company,0.00255,5,3,,0.66338,Precious Metals,7.82,0.82636,HL,P,7.5,HL    210716P00007500,103220,7/16/2021 12:00:00 AM,320,7,0.25,0.28,0.46229,34.96224,3,1,-0.36013,-0.30842,1635.001,-0.68406,1.47589,3,7.258,52.93024,0.5898,0.07396,0.03555,-0.04092,-0.86471,0.52311,0.56538,0.81752,0.41577,0.36978,0.3792,0.06776,0.15908,0.20203,0.20096,1030,44145,228293
Hecla Mining Company,0.00255,5,3,,0.66338,Precious Metals,7.82,0.82636,HL,P,8,HL    210716P00008000,27798,7/16/2021 12:00:00 AM,1998,24,0.52,0.55,0.71757,53.38322,3,1,-0.31829,-0.26979,1175.983,-0.58416,0.98037,3,7.48853,80.25079,0.77183,0.04348,0.07059,0.02302,-0.97116,0.5534,0.59277,0.81178,0.54364,0.56387,0.55966,0.102,0.2,0.21846,0.33248,1201,44824,240035
Coeur Mining Inc,0,5,3,,0.6944,Precious Metals,9.18,0.73134,CDE,P,10,CDE   210716P00010000,64596,7/16/2021 12:00:00 AM,673,11,1,1.1,1.17243,69.54237,3,1,-0.28965,-0.11826,822.759,-0.49946,0.70017,3,9.01067,95.39024,0.34952,0.01961,0.11218,0.08932,-1.02122,0.52616,0.65311,0.74071,0.6789,0.74347,0.70088,0.14282,0.2,0.09911,0.54466,3474,45389,281292
Co Diagnostics Inc,0,5,5,e,1.13675,Biotechnology,8.8,1.08424,CODX,P,10,CODX  210716P00010000,303650,7/16/2021 12:00:00 AM,23,0,1.35,1.5,1.66993,73.34989,3,1,-0.40971,-0.20711,871.4073,-0.39674,0.50127,3,8.66067,142.3545,0.3054,0.01705,0.15714,0.13636,-1.13082,0.61863,0.83096,1.04801,0.68888,0.79804,0.73283,0.19949,0.2,0.08629,0.76705,1822,43580,258216
eGain Corporation,0,5,5,e,0.69622,E-Commerce,11.41,0.73257,EGAN,P,12.5,EGAN  210716P00012500,423678,7/16/2021 12:00:00 AM,5,0,1.15,1.3,1.40702,78.47618,3,1,-0.46403,-0.17464,839.9327,-0.5923,0.82307,3,11.36334,93.14105,0.10541,0.00526,0.10239,0.09553,-0.7627,0.34351,0.52898,0.64091,0.7167,0.85751,0.75626,0.1215,0.2,0.02736,0.50394,2340,43126,267086
Hewlett Packard Enterprise Company,0.0332,5,2,,0.39388,Computers/Peripherals,14.74,0.38729,HPE,P,14.5,HPE   210716P00014500,295382,7/16/2021 12:00:00 AM,25,6,0.2,0.25,0.27707,38.02214,3,1,-0.21053,-0.07369,1370.87,-0.96624,4.61186,3,14.31547,18.68859,0.24974,0.03092,0.01505,-0.01628,-0.68496,0.20954,0.24586,0.26542,0.4061,0.38173,0.39879,0.02168,0.18372,0.07492,0.07386,4548,61833,291721
Momo Inc,0,5,5,,0.57454,Computer Software/Svcs,15.48,0.6152,MOMO,P,14.5,MOMO  210716P00014500,246660,7/16/2021 12:00:00 AM,45,25,0.22,0.26,0.4653,24.24012,3,1,-0.32715,-0.27063,1978.377,-0.83487,2.74651,3,14.29547,26.78085,0.2733,0.07859,0.01647,-0.06331,-1.10987,0.40142,0.43514,0.5966,0.32499,0.25002,0.26691,0.03641,0.13669,0.10504,0.10397,1196,44655,239774
Hewlett Packard Enterprise Company,0.0332,5,2,,0.39388,Computers/Peripherals,14.74,0.38729,HPE,P,15,HPE   210716P00015000,33733,7/16/2021 12:00:00 AM,1587,5,0.45,0.5,0.54037,62.33023,3,1,-0.24507,-0.10855,894.7781,-0.93865,2.67865,3,14.566,30.83615,0.23435,0.01289,0.03199,0.01764,-0.64005,0.20168,0.23815,0.26715,0.61058,0.64506,0.62363,0.03733,0.2,0.06552,0.15265,3689,60783,283629
Momo Inc,0,5,5,,0.57454,Computer Software/Svcs,15.48,0.6152,MOMO,P,15,MOMO  210716P00015000,66591,7/16/2021 12:00:00 AM,644,1,0.39,0.45,0.63206,35.83957,3,1,-0.29349,-0.22,1496.733,-0.78483,2.0255,3,14.626,38.17512,0.46058,0.05727,0.02776,-0.03101,-1.3504,0.40638,0.44865,0.57519,0.40881,0.37206,0.38375,0.04937,0.16899,0.15015,0.14908,1642,45311,254544
Mersana Therapeutics Inc,0,4,4,e,0.86744,Drug,14.12,0.8627,MRSN,P,15,MRSN  210716P00015000,654112,7/16/2021 12:00:00 AM,0,0,1,1.25,1.63681,70.32942,3,1,-0.61972,-0.35999,1287.472,-0.66511,1.04933,3,14.016,105.6283,0.15991,0.0085,0.0725,0.06232,-1.07411,0.30842,0.51907,0.81103,0.61725,0.78358,0.67941,0.0953,0.2,0.04356,0.35411,3661,44020,125594
Momo Inc,0,5,5,,0.57454,Computer Software/Svcs,15.48,0.6152,MOMO,P,15.38,MOMO  210716P00015380,47672,7/16/2021 12:00:00 AM,1026,4,0.57,0.63,0.80125,45.06269,3,1,-0.27032,-0.20013,1254.595,-0.74349,1.63937,3,14.82641,47.45185,0.65624,0.04435,0.03955,-0.00646,-1.45028,0.41492,0.45483,0.56863,0.47844,0.47047,0.47305,0.061,0.19354,0.19132,0.19025,1923,45892,260138
Vodafone Group PLC,0.06199,5,3,,0.29263,Telecom. Services,17.39,0.34188,VOD,P,17,VOD   210716P00017000,42685,7/16/2021 12:00:00 AM,1176,175,0.17,0.2,0.25728,32.96272,3,1,-0.23159,-0.15079,1692.135,-0.98743,6.573,3,16.84814,14.75509,0.18528,0.03327,0.01117,-0.02243,-0.6581,0.18574,0.20527,0.24172,0.36797,0.33038,0.34564,0.01521,0.17757,0.05612,0.05505,2780,61188,273289
Vodafone Group PLC,0.06199,5,3,,0.29263,Telecom. Services,17.39,0.34188,VOD,P,17.5,VOD   210716P00017500,57886,7/16/2021 12:00:00 AM,789,3,0.37,0.41,0.47986,57.21859,3,1,-0.2817,-0.17881,1040.641,-0.98069,3.84558,3,17.14867,24.67499,0.26952,0.01495,0.02267,0.00633,-0.63252,0.16727,0.19123,0.23287,0.56237,0.5865,0.5758,0.026,0.2,0.07582,0.10638,2271,45584,265940
SpartanNash Company,0.04057,5,3,,0.53315,Grocery,19.58,0.54064,SPTN,P,20,SPTN  210716P00020000,21508,7/16/2021 12:00:00 AM,2629,268,0.65,0.75,0.96368,64.6596,3,1,-0.46239,-0.31102,1155.25,-0.92505,2.43378,3,19.37134,44.47862,0.2149,0.01175,0.03466,0.02145,-0.86048,0.1997,0.25593,0.37146,0.59787,0.6776,0.64047,0.04109,0.2,0.0598,0.16599,1017,43135,227512
Ping Identity Holding Corp,0,5,5,e,0.66035,Cyber Security,23.57,0.6684,PING,P,22.5,PING  210716P00022500,111467,7/16/2021 12:00:00 AM,280,59,0.4,0.5,0.86282,29.53892,3,1,-0.37646,-0.29229,1895.963,-0.83703,2.60675,3,22.124,32.52508,0.31799,0.06343,0.01917,-0.0454,-1.76105,0.37075,0.4208,0.59459,0.37237,0.30079,0.32274,0.03836,0.1546,0.11084,0.10977,1089,43933,233183
Youdao Inc,0,5,5,,0.87825,Computer Software/Svcs,24.99,0.87471,DAO,P,25,DAO   210716P00025000,303660,7/16/2021 12:00:00 AM,23,0,1.5,1.85,1.96538,46.47403,3,1,-0.23632,-0.05862,1049.895,-0.53267,0.87071,3,23.52667,69.53634,1.06963,0.05962,0.0649,0.0004,-3.75231,0.61703,0.76061,0.80797,0.49866,0.49824,0.49858,0.11485,0.2,0.29919,0.30012,5013,61042,295011
Baozun Inc,0,5,5,,0.65205,E-Commerce,35.97,0.67207,BZUN,P,34,BZUN  210716P00034000,54466,7/16/2021 12:00:00 AM,858,4,0.8,0.95,1.21967,29.68443,3,1,-0.22354,-0.14235,1474.58,-0.7477,1.88404,3,33.23627,33.2647,0.41748,0.07808,0.02516,-0.05477,-3.37765,0.46986,0.51899,0.60513,0.34963,0.30941,0.3262,0.05308,0.14523,0.15421,0.15314,2956,61430,275389
Baozun Inc,0,5,5,,0.65205,E-Commerce,35.97,0.67207,BZUN,P,35,BZUN  210716P00035000,50841,7/16/2021 12:00:00 AM,942,11,1.2,1.35,1.57796,38.47198,3,1,-0.18975,-0.1143,1231.058,-0.70842,1.55094,3,33.83734,41.92448,0.60673,0.06139,0.03657,-0.02697,-3.75414,0.4768,0.5212,0.58846,0.42207,0.40414,0.41217,0.06448,0.17303,0.19387,0.1928,3565,62522,282263
EverQuote Inc,0,5,5,e,0.75667,Internet,33.86,0.98442,EVER,P,35,EVER  210716P00035000,99969,7/16/2021 12:00:00 AM,339,0,2.2,2.35,3.21812,58.05089,3,1,-0.39673,-0.33767,1242.619,-0.63193,1.08505,3,32.83734,84.02544,0.55387,0.03131,0.06814,0.03367,-3.54545,0.47153,0.51769,0.78162,0.56632,0.60904,0.59954,0.09216,0.2,0.15759,0.32487,927,43718,218824
Global Blood Therapeutics Inc,0,5,5,e,0.65375,Biotechnology,36.4,0.68439,GBT,P,35,GBT   210716P00035000,65366,7/16/2021 12:00:00 AM,661,0,0.7,0.85,1.47012,32.09455,3,1,-0.38762,-0.31017,1849.445,-0.83031,2.47227,3,34.33734,35.9459,0.35629,0.05876,0.02148,-0.03846,-2.80327,0.37037,0.41721,0.6048,0.39307,0.32886,0.34704,0.04045,0.16154,0.12011,0.11905,1019,43823,227756
RAPT Therapeutics Inc,0,5,5,e,1.14665,Biotechnology,34.49,1.13379,RAPT,P,35,RAPT  210716P00035000,79613,7/16/2021 12:00:00 AM,495,0,2.4,2.95,3.98697,49.58478,3,1,-0.42579,-0.27835,1318.038,-0.50359,0.78495,3,32.63734,101.4404,0.97957,0.0548,0.07469,0.01479,-5.39922,0.63435,0.79723,1.10473,0.52001,0.53482,0.52772,0.1274,0.2,0.27506,0.34793,1164,43419,237473
3D Systems Corporation,0,5,3,,0.71931,Electronics,40.61,0.91659,DDD,P,35.5,DDD   210716P00035500,852694,7/16/2021 12:00:00 AM,0,0,1,1.2,1.34858,21.66509,3,1,-0.1322,-0.05539,1390.542,-0.57109,1.11627,3,34.53787,35.70808,0.4986,0.15152,0.03005,-0.12583,-5.31568,0.77236,0.84072,0.89002,0.26752,0.23735,0.25568,0.08958,0.1,0.24731,0.24624,5093,64848,295668
Baozun Inc,0,5,5,,0.65205,E-Commerce,35.97,0.67207,BZUN,P,36,BZUN  210716P00036000,142507,7/16/2021 12:00:00 AM,174,10,1.7,1.8,2.04771,47.48548,3,1,-0.16971,-0.12091,1069.312,-0.67276,1.30816,3,34.33841,51.26586,0.82548,0.04643,0.05063,0.00083,-3.89038,0.48405,0.5125,0.58299,0.49935,0.49922,0.49926,0.07644,0.2,0.2332,0.23631,3413,63271,280640
Baozun Inc,0,5,5,,0.65205,E-Commerce,35.97,0.67207,BZUN,P,37,BZUN  210716P00037000,167943,7/16/2021 12:00:00 AM,122,11,2.3,2.4,2.63048,56.18443,3,1,-0.16109,-0.11218,933.7207,-0.62779,1.08721,3,34.73947,61.1786,0.62492,0.03531,0.06735,0.02863,-3.90643,0.49328,0.52204,0.588,0.57463,0.58875,0.58393,0.09198,0.2,0.1776,0.31971,3615,63605,282769
Kraft Heinz Company,0.03986,4,3,,0.31694,Food Processing,40.73,0.33926,KHC,P,41.5,KHC   210716P00041500,288103,7/16/2021 12:00:00 AM,27,0,1.09,1.14,1.4253,69.59789,3,1,-0.38512,-0.3249,964.259,-0.98745,3.38285,3,40.45427,30.712,0.14908,0.00786,0.02804,0.0189,-1.0792,0.14652,0.16087,0.23829,0.63419,0.7115,0.69428,0.02956,0.2,0.04035,0.13381,4514,64704,137360
Altria Group Inc,0.07316,4,2,,0.25345,Tobacco,47.54,0.22383,MO,P,48.5,MO    210716P00048500,158548,7/16/2021 12:00:00 AM,139,35,1.32,1.36,1.60999,75.53966,3,1,-0.36332,-0.30902,816.3273,-0.99369,3.36609,3,47.23174,28.2882,0.14429,0.00757,0.02904,0.02019,-0.93855,0.12875,0.13973,0.20222,0.68083,0.76982,0.75182,0.02971,0.2,0.03893,0.13883,4999,65754,142763
Abercrombie and Fitch Co,0,5,3,v,0.61572,Retail (SoftLines),46.81,0.58316,ANF,P,49,ANF   210716P00049000,371120,7/16/2021 12:00:00 AM,10,0,3.1,3.3,3.45231,65.05888,3,1,-0.17346,-0.07433,815.8405,-0.68239,1.17602,3,45.95228,57.1217,0.34663,0.01944,0.0686,0.04678,-3.85286,0.39188,0.43888,0.47412,0.64938,0.67873,0.66073,0.08503,0.2,0.09827,0.33113,4527,63130,291552
Axonics Inc,0,4,3,e,0.62484,Medical Supplies  (Noninvasive),66.83,0.59827,AXNX,P,65,AXNX  210716P00065000,841807,7/16/2021 12:00:00 AM,0,10,1.45,1.8,2.89826,36.1326,3,1,-0.39728,-0.30002,1729.063,-0.82957,2.36183,3,63.61935,39.15235,0.39625,0.05015,0.02388,-0.02738,-5.19866,0.35267,0.40958,0.58513,0.42047,0.36957,0.38716,0.04234,0.17262,0.12676,0.12569,5275,64167,145849
eHealth Inc,0,5,5,e,0.62525,Internet,60.87,0.62468,EHTH,P,65,EHTH  210716P00065000,230020,7/16/2021 12:00:00 AM,55,0,4.9,5.2,5.3518,72.38836,3,1,-0.19116,-0.06253,729.7435,-0.65493,1.03119,3,60.16935,62.65883,0.23026,0.01265,0.0826,0.06785,-4.39631,0.37807,0.43819,0.46742,0.7132,0.75671,0.72585,0.09698,0.2,0.06432,0.4025,4887,62471,294190
Kellogg Company,0.03694,5,3,,0.23399,Food Processing,63.72,0.2085,K,P,65,K     210716P00065000,11304,7/16/2021 12:00:00 AM,4942,6,1.55,1.7,1.78267,75.54928,3,1,-0.30456,-0.10268,668.834,-0.99749,3.74476,3,63.51935,21.31049,0.0883,0.00424,0.0255,0.02009,-1.11355,0.10593,0.13668,0.15232,0.71323,0.79084,0.73476,0.0267,0.2,0.02225,0.12163,3822,45091,285066
Axonics Inc,0,4,3,e,0.62484,Medical Supplies  (Noninvasive),66.83,0.59827,AXNX,P,70,AXNX  210716P00070000,353295,7/16/2021 12:00:00 AM,12,0,4.1,4.6,5.68997,67.29147,3,1,-0.43925,-0.29598,1093.192,-0.72291,1.27632,3,65.97468,73.5907,0.25184,0.01392,0.06328,0.04743,-4.78606,0.33115,0.41576,0.59055,0.62259,0.7112,0.67132,0.07835,0.2,0.07065,0.30675,5409,62546,147275
HealthEquity Inc,0,4,3,,0.48851,Healthcare Information,83.99,0.44385,HQY,P,80,HQY   210716P00080000,229156,7/16/2021 12:00:00 AM,56,0,0.8,0.95,1.89283,23.56706,3,1,-0.36035,-0.30715,2348.574,-0.93857,4.76647,3,79.28535,19.40354,0.18528,0.0581,0.01117,-0.04751,-4.17239,0.28439,0.30804,0.4446,0.32431,0.23812,0.25537,0.02098,0.15249,0.06353,0.06246,5046,65893,143410
First Solar Inc,0,5,3,v,0.47398,Power,88,0.4819,FSLR,P,81.5,FSLR  210716P00081500,352768,7/16/2021 12:00:00 AM,12,5,1.01,1.1,1.66937,20.36868,3,1,-0.20369,-0.17436,1884.302,-0.8581,3.19658,3,80.57695,18.93156,0.22589,0.08641,0.01361,-0.07386,-5.56475,0.39967,0.41439,0.5019,0.26389,0.21392,0.22222,0.03128,0.12614,0.09206,0.09099,2343,62063,267174
HealthEquity Inc,0,4,3,,0.48851,Healthcare Information,83.99,0.44385,HQY,P,85,HQY   210716P00085000,239268,7/16/2021 12:00:00 AM,50,0,2.75,3,4.04982,54.70302,3,1,-0.3671,-0.29629,1263.247,-0.87544,2.28282,3,82.34068,43.76039,0.36868,0.02072,0.0345,0.01203,-5.12316,0.2734,0.30399,0.43198,0.54088,0.56442,0.55799,0.04381,0.2,0.10465,0.16371,5398,65570,147169
Sturm Ruger and Co,0.02462,5,4,,0.36233,Recreation,88.3,0.38784,RGR,P,85,RGR   210716P00085000,399113,7/16/2021 12:00:00 AM,7,16,1.1,1.3,1.44028,28.88889,3,1,-0.13961,-0.05701,1521.538,-0.92901,4.09656,3,83.99068,17.49276,0.23522,0.0509,0.01418,-0.03737,-4.83409,0.28133,0.30834,0.32698,0.31944,0.29273,0.30937,0.02441,0.16263,0.07767,0.0766,5050,64503,295334
Carters Inc,0.01543,5,3,,0.34628,Apparel,106.06,0.35217,CRI,P,110,CRI   210716P00110000,345500,7/16/2021 12:00:00 AM,14,0,4.7,5.1,5.4838,72.88269,3,1,-0.29751,-0.1412,788.1181,-0.89779,1.96521,3,105.4174,40.12597,0.13744,0.00717,0.0457,0.03715,-4.15283,0.20885,0.25532,0.2973,0.69071,0.76075,0.71895,0.05089,0.2,0.0369,0.22157,2985,45222,275666
Akamai Technologies Inc,0,5,4,,0.32514,E-Commerce,116.22,0.33716,AKAM,P,115,AKAM  210716P00115000,58012,7/16/2021 12:00:00 AM,786,9,1.3,1.45,1.99107,38.48656,3,1,-0.27278,-0.2132,1597.181,-0.99237,6.49312,3,113.8227,16.42378,0.20739,0.02275,0.0125,-0.0105,-4.10012,0.16758,0.18131,0.23044,0.41864,0.38881,0.39703,0.0154,0.1895,0.06009,0.05903,1729,45821,256475
Akamai Technologies Inc,0,5,4,,0.32514,E-Commerce,116.22,0.33716,AKAM,P,116,AKAM  210716P00116000,792179,7/16/2021 12:00:00 AM,0,0,1.7,1.85,2.41884,46.35172,3,1,-0.2786,-0.22026,1338.638,-0.99072,5.36022,3,114.4238,19.53983,0.26446,0.01759,0.01594,-0.00189,-4.13188,0.16422,0.1775,0.22764,0.47887,0.47072,0.47291,0.01866,0.19811,0.0749,0.07384,1636,45674,254471
International Business Machines Corp,0.04543,5,3,v,0.26231,Computers/Peripherals,146.11,0.22599,IBM,P,148,IBM   210716P00148000,329595,7/16/2021 12:00:00 AM,17,21,3.2,3.3,3.48453,65.78857,3,1,-0.13665,-0.0882,747.6241,-0.99499,4.1394,3,144.9579,19.15909,0.1678,0.00897,0.02317,0.01294,-3.69873,0.13577,0.14339,0.15726,0.64661,0.66848,0.66004,0.02416,0.2,0.0459,0.10951,4179,64629,288421
International Business Machines Corp,0.04543,5,3,v,0.26231,Computers/Peripherals,146.11,0.22599,IBM,P,149,IBM   210716P00149000,286270,7/16/2021 12:00:00 AM,28,1,3.85,4,4.2371,73.06982,3,1,-0.19664,-0.11885,678.5784,-0.99355,3.51001,3,145.309,22.01973,0.12743,0.00657,0.02759,0.01978,-3.15446,0.13073,0.14339,0.16273,0.70267,0.74612,0.72703,0.02849,0.2,0.03392,0.13175,3465,62274,281161
International Business Machines Corp,0.04543,5,3,v,0.26231,Computers/Peripherals,146.11,0.22599,IBM,P,150,IBM   210716P00150000,4097,7/16/2021 12:00:00 AM,11145,14,4.65,4.75,5.0586,79.14142,3,1,-0.22092,-0.1635,625.3538,-0.99046,2.97887,3,145.51,24.93687,0.10445,0.0052,0.03306,0.02662,-2.63455,0.13256,0.14233,0.17015,0.74826,0.80476,0.78808,0.03357,0.2,0.02707,0.15913,2555,61512,270030
Novavax Inc,0,4,3,e,1.00972,Biotechnology,195.65,0.93848,NVAX,P,177.5,NVAX  210716P00177500,370846,7/16/2021 12:00:00 AM,10,5,3.15,3.7,8.04248,21.30421,3,1,-0.37699,-0.33078,2129.347,-0.73836,1.96113,3,174.5394,33.60936,0.31745,0.10993,0.01913,-0.09277,-17.24526,0.53074,0.57011,0.8519,0.31897,0.22502,0.24097,0.05099,0.10723,0.15121,0.15014,4378,65060,135404
Novavax Inc,0,4,3,e,1.00972,Biotechnology,195.65,0.93848,NVAX,P,180,NVAX  210716P00180000,86536,7/16/2021 12:00:00 AM,432,52,3.9,4.45,8.79987,24.58654,3,1,-0.36217,-0.31896,1955.67,-0.71957,1.7888,3,176.292,38.33816,0.38513,0.10099,0.02321,-0.07999,-18.83839,0.53707,0.57346,0.84203,0.34147,0.26096,0.27434,0.0559,0.12001,0.16717,0.1661,4688,65812,139348
Novavax Inc,0,4,3,e,1.00972,Biotechnology,195.65,0.93848,NVAX,P,182.5,NVAX  210716P00182500,71870,7/16/2021 12:00:00 AM,574,22,4.85,5.4,9.6369,28.17939,3,1,-0.34089,-0.30026,1775.343,-0.69499,1.60482,3,177.8447,43.50637,0.47065,0.09307,0.02837,-0.06721,-20.588,0.54951,0.58338,0.83371,0.36499,0.30026,0.31092,0.06231,0.13279,0.18775,0.18668,5269,66932,145762
Paylocity Holding Corporation,0,5,5,,0.42991,E-Commerce,192.04,0.42836,PCTY,P,200,PCTY  210716P00200000,571076,7/16/2021 12:00:00 AM,0,0,9.5,11,12.63428,70.02493,3,1,-0.4341,-0.21885,974.7855,-0.82826,1.63856,3,190.7134,55.34174,0.15182,0.00802,0.05094,0.04145,-10.00318,0.24151,0.33337,0.42677,0.64708,0.74761,0.68552,0.06103,0.2,0.04116,0.24734,1660,43353,254852
Kinross Gold Corporation,0.01887,5,3,v,0.5039,Precious Metals,6.37,0.47045,KGC,P,6.5,KGC   210723P00006500,265233,7/23/2021 12:00:00 AM,36,1,0.33,0.36,0.41029,55.3901,3,1,-0.23919,-0.14958,890.1677,-0.70068,1.33412,3,6.17914,48.46326,0.42568,0.0314,0.05489,0.02041,-0.44703,0.35946,0.4018,0.47247,0.56056,0.57938,0.57111,0.07496,0.2,0.15839,0.25903,2803,60960,273617
Hewlett Packard Enterprise Company,0.0332,5,2,,0.39388,Computers/Peripherals,14.74,0.38994,HPE,P,14.5,HPE   210723P00014500,349308,7/23/2021 12:00:00 AM,13,0,0.25,0.3,0.33464,39.44684,3,1,-0.19909,-0.08128,1132.477,-0.93663,3.6595,3,14.27039,19.43926,0.23851,0.03465,0.01895,-0.01628,-0.60141,0.21313,0.24448,0.26611,0.41979,0.40023,0.4128,0.02733,0.18372,0.09373,0.09232,4362,62201,290040
Hewlett Packard Enterprise Company,0.0332,5,2,,0.39388,Computers/Peripherals,14.74,0.38994,HPE,P,15,HPE   210723P00015000,405729,7/23/2021 12:00:00 AM,6,0,0.5,0.55,0.59915,60.58791,3,1,-0.2312,-0.11405,804.5272,-0.90196,2.34392,3,14.52109,30.03478,0.22602,0.01628,0.03589,0.01764,-0.56478,0.2058,0.23716,0.26769,0.59795,0.62652,0.61026,0.04266,0.2,0.08282,0.16961,3567,61200,282316
Juniper Networks Inc,0.03018,5,3,,0.27907,Telecom. Equipment,27.62,0.28887,JNPR,P,27,JNPR  210723P00027000,213712,7/23/2021 12:00:00 AM,68,10,0.35,0.4,0.45913,34.25904,3,1,-0.16249,-0.08777,1269.718,-0.96559,4.89966,3,26.68797,14.83289,0.183,0.03653,0.01454,-0.02245,-0.96133,0.19581,0.21328,0.2338,0.37091,0.34702,0.35899,0.02041,0.17755,0.07278,0.07137,4195,63548,288524
Urban Outfitters Inc,0,5,3,,0.49707,Retail (SoftLines),41.94,0.51769,URBN,P,38.5,URBN  210723P00038500,578647,7/23/2021 12:00:00 AM,0,0,0.6,0.75,0.92289,21.81951,3,1,-0.18137,-0.09496,1412.27,-0.78108,2.27597,3,37.95414,20.16001,0.21695,0.09773,0.01724,-0.08202,-2.53514,0.40844,0.45155,0.49893,0.26811,0.22495,0.24716,0.04394,0.11798,0.12267,0.12126,4020,62851,286882
Hecla Mining Company,0.00255,5,3,,0.66338,Precious Metals,7.82,0.80856,HL,P,7.5,HL    210730P00007500,222816,7/30/2021 12:00:00 AM,60,0,0.37,0.44,0.60798,37.11698,3,1,-0.32018,-0.22552,1083.798,-0.53811,0.93036,3,7.14309,54.7881,0.54384,0.08998,0.05364,-0.04092,-0.73119,0.54188,0.61733,0.79709,0.43137,0.39963,0.41168,0.10748,0.15908,0.29917,0.29743,1575,44781,253032
Co Diagnostics Inc,0,5,5,e,1.13675,Biotechnology,8.8,1.11677,CODX,P,9,CODX  210806P00009000,754301,8/6/2021 12:00:00 AM,0,0,0.9,1.05,1.34274,48.29472,3,1,-0.35707,-0.23637,838.6001,-0.36859,0.50884,3,8.11877,92.31536,0.75126,0.07955,0.1132,0.02273,-0.99087,0.66364,0.78823,1.03221,0.52294,0.53566,0.53003,0.19653,0.2,0.39981,0.51136,1484,44180,249894
Co Diagnostics Inc,0,5,5,e,1.13675,Biotechnology,8.8,1.11677,CODX,P,9.5,CODX  210806P00009500,663407,8/6/2021 12:00:00 AM,0,0,1.2,1.4,1.66281,56.66072,3,1,-0.37226,-0.21031,740.433,-0.33447,0.43431,3,8.31981,109.1432,0.52905,0.05682,0.14666,0.07955,-0.988,0.65296,0.82142,1.04018,0.5826,0.63014,0.60414,0.23025,0.2,0.28618,0.68182,1774,43988,257334
Vodafone Group PLC,0.06199,5,3,,0.29263,Telecom. Services,17.39,0.32358,VOD,P,18,VOD   210806P00018000,579327,8/6/2021 12:00:00 AM,0,0,0.87,0.95,0.99262,70.7189,3,1,-0.24818,-0.08402,556.1735,-0.83672,1.67296,3,17.16753,31.34419,0.14654,0.01495,0.05287,0.03508,-0.41269,0.17994,0.21923,0.23934,0.68552,0.73979,0.70108,0.05977,0.2,0.07684,0.25014,4278,60696,289428
Yamana Gold Inc,0.02529,5,3,,0.5152,Precious Metals,4.32,0.49074,AUY,P,4,AUY   210820P00004000,99381,8/20/2021 12:00:00 AM,343,0,0.12,0.14,0.18295,28.61228,3,1,-0.22138,-0.14974,895.1296,-0.64368,1.35574,3,3.89106,25.61912,0.21575,0.10462,0.03369,-0.07407,-0.19398,0.37647,0.41111,0.48351,0.34584,0.30526,0.32046,0.07376,0.12593,0.22335,0.22059,2800,61492,273584
W and T Offshore Inc,0,5,4,ev,0.75323,Petroleum (Producing),4.96,0.73999,WTI,P,5,WTI   210820P00005000,163471,8/20/2021 12:00:00 AM,130,35,0.45,0.55,0.57978,45.95454,3,1,-0.23022,-0.05293,617.2009,-0.38225,0.53699,3,4.56382,61.71014,0.59472,0.08266,0.10167,0.00806,-0.4113,0.5582,0.68676,0.72514,0.50733,0.50953,0.50774,0.18622,0.2,0.41607,0.45363,5175,61224,296174
Kinross Gold Corporation,0.01887,5,3,v,0.5039,Precious Metals,6.37,0.47785,KGC,P,6,KGC   210820P00006000,3360,8/20/2021 12:00:00 AM,13018,13,0.23,0.24,0.30828,32.49482,3,1,-0.17734,-0.15448,819.642,-0.61545,1.21468,3,5.78658,29.10633,0.27295,0.09696,0.04263,-0.05808,-0.30946,0.39791,0.40897,0.48369,0.37748,0.3522,0.35601,0.08233,0.14192,0.25719,0.25442,2712,62993,272326
Co Diagnostics Inc,0,5,5,e,1.13675,Biotechnology,8.8,1.12755,CODX,P,8,CODX  210820P00008000,176585,8/20/2021 12:00:00 AM,110,4,0.65,0.7,1.00911,31.87971,3,1,-0.27267,-0.23441,822.4377,-0.34723,0.49639,3,7.37211,62.15893,0.584,0.16754,0.0912,-0.09091,-0.83914,0.7658,0.80608,1.05289,0.40683,0.37294,0.37909,0.20146,0.10909,0.67985,0.67708,1499,45824,250489
Coeur Mining Inc,0,5,3,,0.6944,Precious Metals,9.18,0.72175,CDE,P,9,CDE   210820P00009000,103556,8/20/2021 12:00:00 AM,319,2,0.75,0.8,0.91064,41.51833,3,1,-0.1605,-0.11059,652.3231,-0.4032,0.592,3,8.27488,54.42822,0.59984,0.10407,0.09367,-0.01961,-0.73702,0.59429,0.62962,0.70791,0.46785,0.46172,0.46387,0.16892,0.18039,0.45566,0.4529,3650,63622,283135
Coeur Mining Inc,0,5,3,,0.6944,Precious Metals,9.18,0.72175,CDE,P,10,CDE   210820P00010000,192059,8/20/2021 12:00:00 AM,90,1,1.35,1.45,1.51933,58.17585,3,1,-0.1664,-0.06787,506.3754,-0.33169,0.43188,3,8.67764,77.16057,0.41005,0.05773,0.15883,0.08932,-0.75314,0.59704,0.66761,0.71622,0.61506,0.63717,0.62317,0.23154,0.2,0.29144,0.73529,4738,63400,293043
Coeur Mining Inc,0,5,3,,0.6944,Precious Metals,9.18,0.72175,CDE,P,11,CDE   210820P00011000,477175,8/20/2021 12:00:00 AM,2,0,2.1,2.2,2.28377,71.78538,3,1,-0.19663,-0.08737,422.4992,-0.27789,0.33289,3,8.93041,99.31241,0.21916,0.0305,0.23872,0.19826,-0.64679,0.60017,0.6818,0.74707,0.72684,0.77366,0.74571,0.3004,0.2,0.15527,1.14379,4210,62275,288623
eGain Corporation,0,5,5,e,0.69622,E-Commerce,11.41,0.75506,EGAN,P,12.5,EGAN  210820P00012500,368980,8/20/2021 12:00:00 AM,10,0,1.4,1.55,1.76262,65.90706,3,1,-0.34686,-0.19981,579.6836,-0.43001,0.58323,3,11.13455,75.41232,0.19654,0.02717,0.12889,0.09553,-0.60776,0.40356,0.49442,0.61788,0.64145,0.71048,0.67466,0.17146,0.2,0.13861,0.6135,1928,44347,260206
Momo Inc,0,5,5,,0.57454,Computer Software/Svcs,15.48,0.62056,MOMO,P,14,MOMO  210820P00014000,148780,8/20/2021 12:00:00 AM,159,6,0.46,0.52,0.75856,25.7675,3,1,-0.24473,-0.19411,948.7065,-0.58011,1.1279,3,13.5787,28.62483,0.23525,0.12809,0.03674,-0.09561,-0.78953,0.45307,0.48344,0.59988,0.33157,0.28207,0.29443,0.08866,0.10439,0.28742,0.28465,1998,60794,261817
Kimball International Inc,0.0274,5,3,,0.39527,Furn/Home Furnishings,13.59,0.55711,KBAL,P,15,KBAL  210820P00015000,646214,8/20/2021 12:00:00 AM,0,0,1.65,1.85,1.91685,72.38895,3,1,-0.31347,-0.07443,480.6344,-0.47135,0.63279,3,13.39146,63.02263,0.13282,0.01766,0.12636,0.10375,-0.54088,0.32276,0.43514,0.47013,0.70523,0.78402,0.72001,0.15803,0.2,0.09106,0.60706,4524,44911,291526
Coherus BioSciences Inc,0,5,5,e,0.63119,Biotechnology,15.34,0.68505,CHRS,P,17.5,CHRS  210820P00017500,155988,8/20/2021 12:00:00 AM,144,0,2.45,2.75,3.04397,71.40188,3,1,-0.39815,-0.18858,540.3838,-0.37126,0.46588,3,15.09837,92.18115,0.14109,0.0189,0.16555,0.14081,-0.82511,0.41958,0.56568,0.69715,0.68016,0.78167,0.71801,0.21465,0.2,0.09729,0.79857,2100,43697,263330
Vodafone Group PLC,0.06199,5,3,,0.29263,Telecom. Services,17.39,0.31476,VOD,P,18,VOD   210820P00018000,154725,8/20/2021 12:00:00 AM,147,89,0.95,1.02,1.06422,68.91971,3,1,-0.20514,-0.07794,486.4225,-0.79006,1.50238,3,17.09975,29.24748,0.14539,0.01955,0.05848,0.03508,-0.35651,0.18215,0.2113,0.22916,0.67619,0.71737,0.68995,0.06656,0.2,0.10052,0.27315,4447,62003,290757
SpartanNash Company,0.04057,5,3,,0.53315,Grocery,19.58,0.57901,SPTN,P,20,SPTN  210820P00020000,284971,8/20/2021 12:00:00 AM,29,1,1.25,1.35,1.48201,54.84001,3,1,-0.19312,-0.10966,598.8044,-0.6068,1.03476,3,18.80528,40.00883,0.30116,0.04239,0.06943,0.02145,-0.84054,0.31788,0.35076,0.39396,0.56327,0.57824,0.57098,0.09664,0.2,0.21472,0.3192,3668,62392,283348
Ping Identity Holding Corp,0,5,5,e,0.66035,Cyber Security,23.57,0.71157,PING,P,22.5,PING  210820P00022500,112970,8/20/2021 12:00:00 AM,273,78,1.4,1.45,1.73512,36.75395,3,1,-0.15273,-0.12987,716.4384,-0.47468,0.7657,3,21.16219,42.45762,0.44258,0.10756,0.06911,-0.0454,-1.59993,0.52853,0.54279,0.6238,0.42087,0.40684,0.40925,0.1306,0.1546,0.38696,0.38419,3203,63953,278472
RAPT Therapeutics Inc,0,5,5,e,1.14665,Biotechnology,34.49,1.12817,RAPT,P,35,RAPT  210820P00035000,219747,8/20/2021 12:00:00 AM,63,0,4.5,5,6.17328,44.88393,3,1,-0.28343,-0.19908,667.3629,-0.28516,0.37069,3,30.59674,91.34296,0.8554,0.11569,0.15031,0.01479,-3.8462,0.78747,0.88017,1.09895,0.51094,0.51527,0.51366,0.26977,0.2,0.58119,0.65236,1942,45532,260426
RAPT Therapeutics Inc,0,5,5,e,1.14665,Biotechnology,34.49,1.12817,RAPT,P,40,RAPT  210820P00040000,262221,8/20/2021 12:00:00 AM,37,0,7.9,8.5,9.5403,60.01255,3,1,-0.27562,-0.17352,522.8274,-0.22986,0.27555,3,32.21056,124.1604,0.49447,0.0693,0.24887,0.15976,-3.86111,0.80929,0.92335,1.11721,0.62909,0.67537,0.65491,0.36291,0.2,0.34924,1.14526,2360,45750,267388
REGENXBIO Inc,0,5,5,e,0.65758,Biotechnology,40.27,0.66116,RGNX,P,40,RGNX  210820P00040000,521839,8/20/2021 12:00:00 AM,1,0,3.1,3.8,3.98698,43.81675,3,1,-0.21356,-0.04508,634.2582,-0.41889,0.61501,3,37.01056,53.75991,0.55566,0.08645,0.08677,-0.0067,-3.07158,0.52105,0.63267,0.66254,0.48554,0.48162,0.48486,0.1626,0.1933,0.40102,0.39825,5438,61732,297789
Smith and Wesson Brands Inc,0.01113,4,4,,0.54234,Recreation,31.49,0.95504,SWBI,P,40,SWBI  210820P00040000,374593,8/20/2021 12:00:00 AM,10,17,9.2,9.5,11.24999,78.42413,3,1,-0.44047,-0.36553,535.4224,-0.24435,0.28061,3,30.91056,159.9751,0.16116,0.02191,0.30147,0.27024,-1.93689,0.61634,0.69889,1.10153,0.70787,0.83594,0.80577,0.35636,0.2,0.11232,1.46078,3537,62496,123797
RAPT Therapeutics Inc,0,5,5,e,1.14665,Biotechnology,34.49,1.12817,RAPT,P,45,RAPT  210820P00045000,482407,8/20/2021 12:00:00 AM,2,0,11.7,12.5,13.49885,72.43793,3,1,-0.32603,-0.17378,442.18,-0.19427,0.21841,3,33.42438,155.2291,0.24653,0.0345,0.35412,0.30473,-3.28678,0.77991,0.95608,1.15718,0.71757,0.80347,0.75701,0.45785,0.2,0.17528,1.69614,2355,44672,267321
Abercrombie and Fitch Co,0,5,3,v,0.61572,Retail (SoftLines),46.81,0.57873,ANF,P,55,ANF   210820P00055000,462258,8/20/2021 12:00:00 AM,2,0,8.7,9.1,9.42697,79.63756,3,1,-0.24966,-0.1059,408.2911,-0.37267,0.45486,3,46.45203,78.58309,0.08824,0.0109,0.19067,0.17496,-1.78791,0.39982,0.47642,0.53285,0.77415,0.84207,0.80003,0.21985,0.2,0.05724,0.92929,3751,60662,284285
Plantronics Inc,0,4,3,,0.64067,Electronics,41.81,0.95642,POLY,P,55,POLY  210820P00055000,769570,8/20/2021 12:00:00 AM,0,0,14.1,14.4,16.21483,79.35343,3,1,-0.36384,-0.30456,461.5119,-0.21758,0.24629,3,41.05203,157.9001,0.16017,0.02177,0.34751,0.31547,-2.7285,0.68356,0.74726,1.07451,0.73867,0.84251,0.821,0.40602,0.2,0.11159,1.6862,5122,65730,144268
Inogen Inc,0,5,3,,0.53286,Medical Supplies  (Noninvasive),68.2,0.76328,INGN,P,80,INGN  210820P00080000,718186,8/20/2021 12:00:00 AM,0,0,12.7,13.7,15.06915,76.79459,3,1,-0.3908,-0.21314,500.6709,-0.35486,0.43166,3,67.52113,97.76947,0.10333,0.0132,0.19147,0.17302,-3.14421,0.41882,0.54096,0.68749,0.7181,0.82831,0.76839,0.23166,0.2,0.06875,0.93109,1730,43782,256493
Paylocity Holding Corporation,0,5,5,,0.42991,E-Commerce,192.04,0.44161,PCTY,P,195,PCTY  210820P00195000,504737,8/20/2021 12:00:00 AM,1,0,11,12.5,14.31849,50.95233,3,1,-0.25523,-0.13979,666.9147,-0.60954,1.06714,3,184.539,40.53352,0.29751,0.04187,0.06255,0.01541,-8.62123,0.31994,0.36953,0.42958,0.52942,0.53948,0.53419,0.09371,0.2,0.2121,0.2864,3018,46314,276044
Paylocity Holding Corporation,0,5,5,,0.42991,E-Commerce,192.04,0.44161,PCTY,P,210,PCTY  210820P00210000,784051,8/20/2021 12:00:00 AM,0,0,20.8,22.5,24.53033,71.72778,3,1,-0.31342,-0.16555,519.5491,-0.5192,0.73083,3,189.7805,59.62438,0.11382,0.01479,0.1127,0.09352,-6.91291,0.30819,0.37457,0.44888,0.68737,0.76158,0.72083,0.13683,0.2,0.07671,0.54155,2510,44913,269479
NewAge Inc,0,5,4,e,0.9869,Cannabis,2.34,1.02296,NBEV,P,3,NBEV  210917P00003000,310543,9/17/2021 12:00:00 AM,21,0,0.75,0.85,0.91047,68.01056,3,1,-0.37479,-0.13497,383.1092,-0.18957,0.20902,3,2.26237,130.7365,0.18946,0.03846,0.33746,0.28205,-0.17212,0.64899,0.89794,1.03804,0.68714,0.78236,0.71358,0.47841,0.2,0.19643,1.60256,3095,43950,277203
Comstock Resources Inc New,0,4,3,e,0.75606,Petroleum (Producing),6.75,0.87622,CRK,P,7,CRK   210917P00007000,208130,9/17/2021 12:00:00 AM,73,0,0.75,0.85,1.1783,50.13987,3,1,-0.40734,-0.3124,638.5159,-0.35959,0.4909,3,6.27885,75.28594,0.36123,0.07407,0.12412,0.03704,-0.37646,0.48054,0.55752,0.81082,0.53284,0.5553,0.5477,0.20371,0.2,0.37449,0.55556,4892,63747,141655
Coeur Mining Inc,0,5,3,,0.6944,Precious Metals,9.18,0.71649,CDE,P,8,CDE   210917P00008000,13054,9/17/2021 12:00:00 AM,4321,3,0.45,0.55,0.67094,26.35494,3,1,-0.20976,-0.11366,658.8154,-0.39299,0.59606,3,7.58298,35.11063,0.27364,0.18168,0.06372,-0.12854,-0.49915,0.5685,0.63763,0.7194,0.34157,0.30274,0.32257,0.16777,0.1,0.49432,0.4902,3575,61867,282408
EverQuote Inc,0,5,5,e,0.75667,Internet,33.86,1.11434,EVER,P,40,EVER  210917P00040000,503210,9/17/2021 12:00:00 AM,1,0,7.7,8,10.05129,66.33006,3,1,-0.39695,-0.34374,500.6567,-0.25886,0.31255,3,32.46488,116.2324,0.22509,0.04607,0.24251,0.18133,-1.9435,0.57064,0.62099,0.94626,0.63905,0.72247,0.70621,0.31995,0.2,0.23448,1.13703,904,43716,216859
Smith and Wesson Brands Inc,0.01113,4,4,,0.54234,Recreation,31.49,0.99825,SWBI,P,40,SWBI  210917P00040000,775350,9/17/2021 12:00:00 AM,0,1,9.7,10,11.81108,72.64789,3,1,-0.38261,-0.32328,429.4243,-0.2147,0.24764,3,30.46488,134.9529,0.18635,0.03779,0.32425,0.27024,-1.77243,0.61932,0.67883,1.00312,0.68828,0.78677,0.76594,0.40382,0.2,0.19307,1.54017,4558,64824,137891
EverQuote Inc,0,5,5,e,0.75667,Internet,33.86,1.11434,EVER,P,45,EVER  210917P00045000,449041,9/17/2021 12:00:00 AM,3,0,11.8,12.2,14.68561,78.95578,3,1,-0.47547,-0.39693,445.0056,-0.2091,0.23505,3,33.38549,158.2171,0.10306,0.01949,0.35954,0.329,-1.50429,0.56759,0.65258,1.08209,0.70429,0.84693,0.81329,0.42545,0.2,0.10158,1.74247,807,43058,198946
Inogen Inc,0,5,3,,0.53286,Medical Supplies  (Noninvasive),68.2,0.76986,INGN,P,85,INGN  210917P00085000,646819,9/17/2021 12:00:00 AM,0,0,17.5,19,20.9365,78.70328,3,1,-0.4442,-0.23014,400.5963,-0.27394,0.31162,3,67.85036,107.685,0.06223,0.01026,0.26338,0.24633,-2.40644,0.41065,0.56881,0.73885,0.72776,0.86223,0.78442,0.3209,0.2,0.05544,1.28299,1536,43270,251759
Yamana Gold Inc,0.02529,5,3,,0.5152,Precious Metals,4.32,0.51584,AUY,P,4,AUY   211015P00004000,6653,10/15/2021 12:00:00 AM,7724,15,0.22,0.24,0.32447,32.70531,3,1,-0.23775,-0.19175,584.9511,-0.47353,0.7752,3,3.80192,30.64063,0.20569,0.13048,0.06368,-0.07407,-0.14455,0.38563,0.4089,0.50591,0.39548,0.36402,0.37148,0.129,0.12593,0.40989,0.40441,2037,61006,262442
SpartanNash Company,0.04057,5,3,,0.53315,Grocery,19.58,0.59105,SPTN,P,17.5,SPTN  211015P00017500,69627,10/15/2021 12:00:00 AM,602,0,0.7,0.8,0.94817,27.13604,3,1,-0.16017,-0.09485,577.3806,-0.52211,0.92893,3,16.8959,21.59526,0.15229,0.14746,0.04715,-0.10623,-0.57005,0.36091,0.38898,0.42974,0.32994,0.30014,0.31342,0.10765,0.1,0.36299,0.35751,4022,63637,286905
SpartanNash Company,0.04057,5,3,,0.53315,Grocery,19.58,0.59105,SPTN,P,22.5,SPTN  211015P00022500,237213,10/15/2021 12:00:00 AM,51,0,3.4,3.6,3.97172,76.06908,3,1,-0.34901,-0.21812,352.972,-0.37112,0.46088,3,19.22329,64.5432,0.09887,0.02451,0.18349,0.14913,-0.40286,0.29827,0.35824,0.45818,0.71669,0.81064,0.76819,0.21697,0.2,0.12805,0.86823,1668,44309,255048
Baozun Inc,0,5,5,,0.65205,E-Commerce,35.97,0.67639,BZUN,P,30,BZUN  211015P00030000,91893,10/15/2021 12:00:00 AM,392,16,1.55,1.65,2.15175,22.02854,3,1,-0.15682,-0.13015,594.9695,-0.39743,0.61902,3,28.61439,25.78848,0.19368,0.21454,0.05996,-0.16597,-1.37465,0.53303,0.54989,0.63217,0.29752,0.26421,0.27057,0.16155,0.1,0.43639,0.43091,3196,63767,278397
Ping Identity Holding Corp,0,5,5,e,0.66035,Cyber Security,23.57,0.72631,PING,P,30,PING  211015P00030000,233159,10/15/2021 12:00:00 AM,53,0,6.8,7.6,7.99762,74.62283,3,1,-0.39255,-0.11977,318.4602,-0.23133,0.25684,3,23.36439,97.36068,0.06921,0.0157,0.29858,0.2728,-0.85396,0.42797,0.62016,0.70454,0.7262,0.83891,0.75276,0.38935,0.2,0.08397,1.44251,3444,43759,280906
The Trade Desk Inc,0,5,5,,0.67047,Advertising,76.27,0.69073,TTD,P,104,TTD   211015P00104000,728958,10/15/2021 12:00:00 AM,0,0,29.2,29.8,30.74125,79.70742,3,1,-0.18708,-0.11025,248.2127,-0.19402,0.21687,3,75.36989,96.29985,0.08118,0.01927,0.39585,0.36358,-2.50753,0.53036,0.58048,0.65241,0.79932,0.84904,0.82721,0.4611,0.2,0.10185,1.91425,3656,62622,283207
Reata Pharmaceuticals Inc,0,5,4,e,0.70326,Biotechnology,150.46,0.74853,RETA,P,185,RETA  211015P00185000,883259,10/15/2021 12:00:00 AM,0,0,37.1,42,44.37481,72.94418,3,1,-0.3929,-0.11926,334.3478,-0.25901,0.29521,3,148.9138,88.0112,0.07361,0.01701,0.25632,0.22956,-5.21931,0.39555,0.57384,0.65154,0.71053,0.81966,0.73568,0.33874,0.2,0.09055,1.23289,3457,43755,281051
Reata Pharmaceuticals Inc,0,5,4,e,0.70326,Biotechnology,150.46,0.74853,RETA,P,190,RETA  211015P00190000,633627,10/15/2021 12:00:00 AM,0,0,41.2,45.9,48.79331,76.44949,3,1,-0.42154,-0.1459,326.7176,-0.24936,0.27785,3,149.8412,94.75207,0.05373,0.01103,0.28236,0.26279,-4.69535,0.38715,0.57163,0.66928,0.72968,0.85491,0.76312,0.3599,0.2,0.06064,1.36913,2880,43467,274522
Reata Pharmaceuticals Inc,0,5,4,e,0.70326,Biotechnology,150.46,0.74853,RETA,P,195,RETA  211015P00195000,883260,10/15/2021 12:00:00 AM,0,0,45.3,50,53.32717,79.89175,3,1,-0.46341,-0.16849,320.9158,-0.24175,0.26173,3,150.7686,101.8457,0.0341,0.00505,0.30808,0.29603,-4.08646,0.36938,0.5724,0.68839,0.74623,0.89158,0.78726,0.38208,0.2,0.03074,1.50538,2439,43131,268678
Coherus BioSciences Inc,0,5,5,e,0.63119,Biotechnology,15.34,0.689,CHRS,P,15,CHRS  211119P00015000,226797,11/19/2021 12:00:00 AM,57,0,1.6,1.95,2.33672,39.93439,3,1,-0.29213,-0.1537,432.0207,-0.29933,0.39683,3,13.50765,49.56449,0.31217,0.13364,0.12658,-0.02216,-0.62541,0.47443,0.56721,0.67022,0.47236,0.46099,0.46735,0.252,0.17784,0.59369,0.58651,2729,45335,272532
Hewlett Packard Enterprise Company,0.0332,5,2,,0.39388,Computers/Peripherals,14.74,0.39669,HPE,P,17,HPE   211119P00017000,286915,11/19/2021 12:00:00 AM,28,0,2.55,2.7,2.78312,78.25811,3,1,-0.25546,-0.08567,258.0121,-0.38326,0.47335,3,14.57201,47.14327,0.06719,0.01967,0.18365,0.15332,-0.18371,0.2422,0.29743,0.3253,0.76393,0.8329,0.78417,0.21126,0.2,0.10555,0.86499,4240,46309,289013
Coherus BioSciences Inc,0,5,5,e,0.63119,Biotechnology,15.34,0.689,CHRS,P,17.5,CHRS  211119P00017500,348773,11/19/2021 12:00:00 AM,13,0,3.1,3.6,3.93902,58.01278,3,1,-0.32088,-0.12847,335.8484,-0.24187,0.29061,3,14.5256,73.18098,0.17869,0.06128,0.22245,0.14081,-0.62185,0.46261,0.59368,0.68119,0.61301,0.6638,0.62911,0.34411,0.2,0.31357,1.01043,3234,44768,278798
eGain Corporation,0,5,5,e,0.69622,E-Commerce,11.41,0.76383,EGAN,P,17.5,EGAN  211119P00017500,799187,11/19/2021 12:00:00 AM,0,0,6.3,6.5,6.79913,79.95959,3,1,-0.27871,-0.15728,213.7314,-0.13711,0.1477,3,11.3256,120.0119,0.06394,0.0184,0.56968,0.53374,-0.36082,0.5846,0.68302,0.81049,0.79242,0.8707,0.8332,0.67707,0.2,0.0992,2.76074,2671,45670,271638
Coherus BioSciences Inc,0,5,5,e,0.63119,Biotechnology,15.34,0.689,CHRS,P,20,CHRS  211119P00020000,514194,11/19/2021 12:00:00 AM,1,0,5.1,5.5,5.92041,71.90658,3,1,-0.33332,-0.16347,276.3032,-0.19576,0.22022,3,15.04354,95.5239,0.09053,0.02868,0.34946,0.30378,-0.52075,0.47825,0.60009,0.71736,0.71396,0.80164,0.7503,0.45409,0.2,0.15059,1.66232,2557,44574,270041
RAPT Therapeutics Inc,0,5,5,e,1.14665,Biotechnology,34.49,1.1235,RAPT,P,60,RAPT  211119P00060000,573943,11/19/2021 12:00:00 AM,0,0,27.4,28.3,29.60801,72.04389,3,1,-0.24036,-0.13766,196.3851,-0.08649,0.09206,3,33.03062,158.4819,0.16068,0.0548,0.84767,0.73963,-2.14881,0.90237,1.02436,1.18789,0.765,0.82922,0.79893,1.08622,0.2,0.28117,3.97217,3052,60920,276551
Reata Pharmaceuticals Inc,0,5,4,e,0.70326,Biotechnology,150.46,0.74342,RETA,P,195,RETA  211119P00195000,504678,11/19/2021 12:00:00 AM,1,0,47.6,52.5,55.08657,73.23265,3,1,-0.35005,-0.11304,268.7507,-0.20835,0.23174,3,148.7995,89.44283,0.0689,0.02034,0.33011,0.29603,-4.62412,0.42866,0.58498,0.65953,0.72586,0.82217,0.75075,0.43152,0.2,0.10887,1.58182,3600,44296,282558
Reata Pharmaceuticals Inc,0,5,4,e,0.70326,Biotechnology,150.46,0.74342,RETA,P,200,RETA  211119P00200000,633625,11/19/2021 12:00:00 AM,0,0,51.5,56.4,59.59784,76.38907,3,1,-0.38814,-0.14021,266.1468,-0.20358,0.22217,3,149.9354,95.50615,0.05025,0.01303,0.35398,0.32926,-4.136,0.41309,0.58048,0.67514,0.74065,0.85423,0.77355,0.45011,0.2,0.07231,1.71142,3010,43812,275948
Paylocity Holding Corporation,0,5,5,,0.42991,E-Commerce,192.04,0.44696,PCTY,P,240,PCTY  211119P00240000,784045,11/19/2021 12:00:00 AM,0,0,50.3,52.8,55.42044,77.9384,3,1,-0.27949,-0.13541,256.593,-0.26743,0.31023,3,191.4225,69.2396,0.04812,0.01218,0.27233,0.24974,-3.68278,0.34565,0.41477,0.47973,0.76,0.83652,0.79301,0.32234,0.2,0.0681,1.30962,3092,45649,277100
NewAge Inc,0,5,4,e,0.9869,Cannabis,2.34,1.04711,NBEV,P,2,NBEV  211217P00002000,184795,12/17/2021 12:00:00 AM,100,0,0.25,0.3,0.44052,28.08679,3,1,-0.33766,-0.24903,459.5182,-0.21386,0.26816,3,1.76707,53.55214,0.31397,0.26067,0.15139,-0.1453,-0.10871,0.68195,0.7732,1.0296,0.40845,0.36333,0.37892,0.37292,0.1,1.07691,1.06838,1397,44503,246283
NewAge Inc,0,5,4,e,0.9869,Cannabis,2.34,1.04711,NBEV,P,3,NBEV  211217P00003000,375700,12/17/2021 12:00:00 AM,10,0,0.9,1,1.10558,56.16159,3,1,-0.30701,-0.15672,267.136,-0.13137,0.14601,3,2.1256,108.1755,0.25471,0.10256,0.43711,0.28205,-0.1344,0.72079,0.87711,1.04012,0.63013,0.68416,0.65318,0.68489,0.2,0.52136,1.92308,2683,45033,271786
NewAge Inc,0,5,4,e,0.9869,Cannabis,2.34,1.04711,NBEV,P,3.5,NBEV  211217P00003500,429454,12/17/2021 12:00:00 AM,4,0,1.3,1.45,1.51749,64.88144,3,1,-0.33224,-0.09909,220.1332,-0.10879,0.11278,3,2.22987,128.9218,0.14967,0.05983,0.59944,0.49573,-0.13006,0.71651,0.96668,1.073,0.70156,0.78583,0.72142,0.88665,0.2,0.30768,2.77778,3914,44590,285969
Paysign Inc,0,5,4,ev,0.83128,Financial Svcs. (Div.),3.19,1.20529,PAYS,P,5,PAYS  211217P00005000,181002,12/17/2021 12:00:00 AM,104,0,1.9,2.05,2.44276,73.55167,3,1,-0.52032,-0.35841,283.6053,-0.11689,0.12114,3,3.14267,175.2723,0.07791,0.02821,0.62144,0.5674,-0.12762,0.61726,0.82561,1.28681,0.68913,0.84817,0.77906,0.82551,0.2,0.1496,2.97806,879,14253,211920
Comstock Resources Inc New,0,4,3,e,0.75606,Petroleum (Producing),6.75,0.94302,CRK,P,8,CRK   211217P00008000,268283,12/17/2021 12:00:00 AM,35,0,1.75,1.9,2.43053,58.55816,3,1,-0.41228,-0.32002,357.4638,-0.19935,0.23452,3,6.31828,96.49192,0.18361,0.07407,0.28853,0.18519,-0.26468,0.52296,0.60505,0.88981,0.60301,0.67161,0.64954,0.4264,0.2,0.37891,1.2963,4662,63557,138972
Comstock Resources Inc New,0,4,3,e,0.75606,Petroleum (Producing),6.75,0.94302,CRK,P,9,CRK   211217P00009000,393978,12/17/2021 12:00:00 AM,7,0,2.25,2.7,3.23866,75.63965,3,1,-0.66495,-0.32253,355.5791,-0.21127,0.20345,3,6.82681,129.7066,0.0177,0,0.34187,0.33333,-0.15902,0.31025,0.62733,0.92599,0.6679,0.90246,0.73918,0.49153,0.2,0.00853,1.66667,4591,43530,138147
Comstock Resources Inc New,0,4,3,e,0.75606,Petroleum (Producing),6.75,0.94302,CRK,P,10,CRK   211217P00010000,909280,12/17/2021 12:00:00 AM,0,0,3.4,3.6,4.11459,75.99361,3,1,-0.44908,-0.30736,263.8681,-0.14138,0.15174,3,6.68535,136.8209,0.06483,0.02222,0.52369,0.48148,-0.20845,0.53562,0.67341,0.97223,0.71551,0.84939,0.79454,0.65902,0.2,0.11965,2.51852,5041,62203,143340
Kimball International Inc,0.0274,5,3,,0.39527,Furn/Home Furnishings,13.59,0.62683,KBAL,P,15,KBAL  211217P00015000,604880,12/17/2021 12:00:00 AM,0,0,2.2,2.5,2.61701,59.92675,3,1,-0.25095,-0.06966,291.4954,-0.30295,0.38153,3,12.92802,51.04095,0.1457,0.05813,0.18041,0.10375,-0.34984,0.34451,0.42789,0.45993,0.62693,0.6672,0.63607,0.2621,0.2,0.29919,0.80942,4674,46445,292634
Smith and Wesson Brands Inc,0.01113,4,4,,0.54234,Recreation,31.49,1.04514,SWBI,P,25,SWBI  211217P00025000,206298,12/17/2021 12:00:00 AM,74,7,1.8,2,3.87651,21.60567,3,1,-0.3579,-0.3219,584.1532,-0.30181,0.42242,3,23.41337,34.85395,0.1786,0.27179,0.08612,-0.2061,-1.00469,0.55935,0.59071,0.87112,0.34946,0.27347,0.28421,0.23673,0.1,0.58014,0.57161,4607,66030,138379
Global Blood Therapeutics Inc,0,5,5,e,0.65375,Biotechnology,36.4,0.71143,GBT,P,30,GBT   211217P00030000,339437,12/17/2021 12:00:00 AM,15,0,1.9,2.3,3.17037,22.90469,3,1,-0.24841,-0.16837,488.9612,-0.33252,0.47622,3,28.35604,27.69602,0.15793,0.23656,0.07615,-0.17582,-1.07381,0.49076,0.54302,0.65296,0.32805,0.27677,0.29617,0.20999,0.1,0.53051,0.52198,2442,60693,268716
EverQuote Inc,0,5,5,e,0.75667,Internet,33.86,1.13993,EVER,P,45,EVER  211217P00045000,526788,12/17/2021 12:00:00 AM,1,0,13,13.5,16.79139,67.17413,3,1,-0.42099,-0.36188,316.7556,-0.16111,0.18223,3,32.38407,123.9437,0.13824,0.05493,0.41478,0.329,-1.28912,0.5769,0.6358,0.99636,0.65497,0.75449,0.73398,0.54875,0.2,0.2832,1.91967,870,43472,210736
Bottomline Technologies Delaware Inc,0,4,5,e,0.38131,Computer Software/Svcs,38.43,0.64201,EPAY,P,50,EPAY  211217P00050000,595813,12/17/2021 12:00:00 AM,0,0,12.1,12.5,14.81234,78.40998,3,1,-0.44516,-0.36855,302.3942,-0.22818,0.25987,3,38.32674,97.16594,0.0467,0.01379,0.3278,0.30107,-0.67562,0.37128,0.42255,0.66917,0.70816,0.83835,0.80727,0.38481,0.2,0.07749,1.57429,3470,62324,122805
EverQuote Inc,0,5,5,e,0.75667,Internet,33.86,1.13993,EVER,P,50,EVER  211217P00050000,414252,12/17/2021 12:00:00 AM,5,0,17.3,17.8,21.55194,74.59075,3,1,-0.45482,-0.39367,289.0629,-0.13715,0.1505,3,33.12674,149.9177,0.09127,0.03426,0.53759,0.47667,-1.13026,0.5917,0.65807,1.08533,0.69353,0.82327,0.79795,0.66446,0.2,0.17983,2.55464,813,43188,200074
Inogen Inc,0,5,3,,0.53286,Medical Supplies  (Noninvasive),68.2,0.77673,INGN,P,90,INGN  211217P00090000,718202,12/17/2021 12:00:00 AM,0,0,22.8,25.6,27.67282,73.82216,3,1,-0.43695,-0.17168,266.4981,-0.1998,0.21648,3,67.96813,94.51971,0.04856,0.01466,0.34782,0.31965,-1.74535,0.38929,0.5727,0.6914,0.71224,0.84,0.75048,0.46193,0.2,0.08185,1.67155,2390,43332,267831
Inogen Inc,0,5,3,,0.53286,Medical Supplies  (Noninvasive),68.2,0.77673,INGN,P,95,INGN  211217P00095000,646452,12/17/2021 12:00:00 AM,0,0,27.7,30.1,32.89432,76.57552,3,1,-0.43388,-0.21529,254.9603,-0.17447,0.18693,3,68.11081,108.0438,0.04543,0.0132,0.42012,0.39296,-1.7308,0.43133,0.59788,0.76191,0.72917,0.8595,0.78164,0.53495,0.2,0.07452,2.03079,1697,43356,255862
Inogen Inc,0,5,3,,0.53286,Medical Supplies  (Noninvasive),68.2,0.77673,INGN,P,100,INGN  211217P00100000,741725,12/17/2021 12:00:00 AM,0,0,32.4,34.9,38.28796,78.90108,3,1,-0.46124,-0.24095,248.0682,-0.15642,0.16351,3,68.45348,122.3566,0.03611,0.0088,0.48782,0.46628,-1.68921,0.45116,0.63564,0.83741,0.74005,0.88384,0.80171,0.61158,0.2,0.05252,2.37537,1454,43146,248565
NewAge Inc,0,5,4,e,0.9869,Cannabis,2.34,1.05082,NBEV,P,2.5,NBEV  220121P00002500,156467,1/21/2022 12:00:00 AM,143,5,0.55,0.65,0.79859,42.86644,3,1,-0.35165,-0.21187,318.513,-0.15561,0.18019,3,1.97558,81.32082,0.36367,0.16667,0.29228,0.06838,-0.11399,0.66418,0.80738,1.02442,0.52861,0.54408,0.53628,0.55497,0.2,0.84357,1.17521,1742,44266,256860
Yamana Gold Inc,0.02529,5,3,,0.5152,Precious Metals,4.32,0.53404,AUY,P,4,AUY   220121P00004000,786,1/21/2022 12:00:00 AM,31393,3,0.35,0.4,0.50858,34.88483,3,1,-0.25291,-0.17304,388.0529,-0.33443,0.46752,3,3.69093,33.76076,0.18358,0.16532,0.10612,-0.07407,-0.10941,0.39043,0.43217,0.5226,0.42754,0.40343,0.4126,0.2139,0.12593,0.65361,0.64338,2370,46383,267508
Yamana Gold Inc,0.02529,5,3,,0.5152,Precious Metals,4.32,0.53404,AUY,P,4.5,AUY   220121P00004500,10333,1/21/2022 12:00:00 AM,5326,20,0.64,0.69,0.78784,49.09085,3,1,-0.21971,-0.14544,305.0797,-0.2768,0.35455,3,3.90604,47.44358,0.22385,0.10648,0.17604,0.04167,-0.11907,0.40722,0.44598,0.52188,0.54536,0.55805,0.55303,0.28205,0.2,0.54264,0.74074,2892,61547,274635
Paysign Inc,0,5,4,ev,0.83128,Financial Svcs. (Div.),3.19,1.20493,PAYS,P,5,PAYS  220121P00005000,15292,1/21/2022 12:00:00 AM,3697,0,1.95,2.1,2.52542,69.61839,3,1,-0.49408,-0.35405,257.9512,-0.10712,0.11261,3,3.10116,163.4575,0.0971,0.04389,0.64958,0.5674,-0.12617,0.64144,0.81898,1.26787,0.67566,0.81608,0.75969,0.88801,0.2,0.22967,3.05643,885,42938,213367
Petroleo Brasileiro ADR,0.03607,4,5,,0.55259,Petroleum (Integrated),12.14,0.65256,PBR,P,13,PBR   220121P00013000,194325,1/21/2022 12:00:00 AM,87,0,1.91,1.99,2.65462,55.30409,3,1,-0.36187,-0.32266,357.9669,-0.29626,0.37959,3,11.22302,58.58444,0.18148,0.08649,0.18246,0.07084,-0.28406,0.36503,0.38746,0.57203,0.57212,0.61213,0.6058,0.26344,0.2,0.44269,0.78666,4586,65821,138102
Petroleo Brasileiro ADR,0.03607,4,5,,0.55259,Petroleum (Integrated),12.14,0.65256,PBR,P,14,PBR   220121P00014000,467650,1/21/2022 12:00:00 AM,2,1,2.6,2.69,3.3919,65.39246,3,1,-0.38664,-0.34086,319.8205,-0.2649,0.32224,3,11.54325,71.23903,0.12999,0.06096,0.2383,0.15321,-0.25146,0.36083,0.38776,0.58828,0.63399,0.71169,0.69831,0.31033,0.2,0.31501,1.07084,4115,64631,132060
Petroleo Brasileiro ADR,0.03607,4,5,,0.55259,Petroleum (Integrated),12.14,0.65256,PBR,P,15,PBR   220121P00015000,321,1/21/2022 12:00:00 AM,50925,0,3.4,3.5,4.20762,73.19385,3,1,-0.40269,-0.34785,285.1399,-0.23249,0.27059,3,11.75348,82.97201,0.09823,0.04448,0.30334,0.23558,-0.21665,0.36564,0.39921,0.61214,0.68344,0.7879,0.7679,0.36957,0.2,0.23264,1.40033,3950,63955,129707
Petroleo Brasileiro ADR,0.03607,4,5,,0.55259,Petroleum (Integrated),12.14,0.65256,PBR,P,16,PBR   220121P00016000,4352,1/21/2022 12:00:00 AM,10686,0,4.2,4.4,5.08042,79.6956,3,1,-0.45975,-0.33723,260.9032,-0.2079,0.23145,3,11.96371,94.65328,0.06754,0.02801,0.36616,0.31796,-0.1716,0.34649,0.42507,0.64135,0.72172,0.86177,0.81249,0.43207,0.2,0.15027,1.72982,4211,61868,133257
SpartanNash Company,0.04057,5,3,,0.53315,Grocery,19.58,0.59666,SPTN,P,25,SPTN  220121P00025000,481756,1/21/2022 12:00:00 AM,2,0,6,6.3,6.84248,79.51274,3,1,-0.3681,-0.22285,228.7736,-0.23148,0.26109,3,19.2558,73.8585,0.07051,0.02962,0.32602,0.27681,-0.25054,0.31696,0.38982,0.5016,0.7503,0.85744,0.8076,0.383,0.2,0.15834,1.53218,1601,44039,253747
Smith and Wesson Brands Inc,0.01113,4,4,,0.54234,Recreation,31.49,1.0523,SWBI,P,25,SWBI  220121P00025000,100006,1/21/2022 12:00:00 AM,339,10,2.05,2.25,4.2769,22.27951,3,1,-0.3561,-0.32292,518.0855,-0.2783,0.37953,3,23.2058,35.09311,0.17222,0.28143,0.09956,-0.2061,-0.90636,0.54768,0.5759,0.85057,0.3584,0.28659,0.29606,0.26349,0.1,0.66123,0.651,4575,66133,138022
Global Blood Therapeutics Inc,0,5,5,e,0.65375,Biotechnology,36.4,0.71206,GBT,P,30,GBT   220121P00030000,158973,1/21/2022 12:00:00 AM,138,0,2.15,2.55,3.6077,23.48382,3,1,-0.25889,-0.18638,443.7034,-0.30847,0.43082,3,28.15696,28.18885,0.15124,0.24512,0.08743,-0.17582,-0.96226,0.48038,0.52738,0.64819,0.33976,0.28861,0.30581,0.23212,0.1,0.60089,0.59066,2133,46193,263893
Global Blood Therapeutics Inc,0,5,5,e,0.65375,Biotechnology,36.4,0.71206,GBT,P,35,GBT   220121P00035000,132197,1/21/2022 12:00:00 AM,203,0,4.3,4.7,5.77125,37.45152,3,1,-0.22702,-0.16544,350.3729,-0.26527,0.34555,3,31.05812,42.96521,0.25999,0.16683,0.1503,-0.03846,-1.14985,0.47886,0.51701,0.6195,0.45819,0.44598,0.44994,0.28939,0.16154,0.74152,0.73129,2515,61327,269507
Smith and Wesson Brands Inc,0.01113,4,4,,0.54234,Recreation,31.49,1.0523,SWBI,P,40,SWBI  220121P00040000,676845,1/21/2022 12:00:00 AM,0,0,10.9,11.3,13.71366,62.74256,3,1,-0.3554,-0.30326,279.0782,-0.16495,0.189,3,29.50928,98.94037,0.15977,0.0759,0.3848,0.27024,-1.07711,0.5489,0.5933,0.85154,0.64192,0.71365,0.69912,0.5291,0.2,0.38972,1.73071,5161,66169,144731
Global Blood Therapeutics Inc,0,5,5,e,0.65375,Biotechnology,36.4,0.71206,GBT,P,45,GBT   220121P00045000,321644,1/21/2022 12:00:00 AM,19,0,11,11.4,12.57854,62.32806,3,1,-0.22791,-0.16913,243.1039,-0.18734,0.21803,3,34.46044,74.75674,0.13981,0.06593,0.33376,0.23626,-1.12845,0.50007,0.53814,0.64768,0.65907,0.70226,0.68912,0.45865,0.2,0.3399,1.51099,2431,61302,268509
3D Systems Corporation,0,5,3,,0.71931,Electronics,40.61,0.85868,DDD,P,75,DDD   220121P00075000,497304,1/21/2022 12:00:00 AM,1,0,36.9,37.3,38.31663,71.84748,3,1,-0.13361,-0.09462,143.3926,-0.07596,0.08137,3,38.8674,130.9713,0.13166,0.06181,0.97874,0.84684,-1.83207,0.85285,0.89123,0.98437,0.78988,0.82389,0.81333,1.22902,0.2,0.31927,4.54322,4027,64782,286964
3D Systems Corporation,0,5,3,,0.71931,Electronics,40.61,0.85868,DDD,P,80,DDD   220121P00080000,302818,1/21/2022 12:00:00 AM,23,0,41.3,42,43.35986,74.62175,3,1,-0.18958,-0.12162,140.5427,-0.07067,0.07488,3,39.51856,144.1098,0.10308,0.04703,1.07742,0.96996,-1.71482,0.84515,0.91602,1.04285,0.80016,0.85065,0.83117,1.33556,0.2,0.2454,5.08495,3391,62531,280458
Ontrak Inc,0,5,5,e,0.9239,Medical Services,33.9,1.1357,OTRK,P,80,OTRK  220121P00080000,185085,1/21/2022 12:00:00 AM,99,0,47.5,48.2,50.87347,76.57091,3,1,-0.28376,-0.21787,135.1159,-0.05311,0.05542,3,33.31856,190.6531,0.09222,0.0413,1.47177,1.35988,-1.52961,0.96302,1.0516,1.34454,0.7967,0.8767,0.85567,1.80428,0.2,0.21672,7.0059,1671,45520,255126
Ontrak Inc,0,5,5,e,0.9239,Medical Services,33.9,1.1357,OTRK,P,90,OTRK  220121P00090000,467615,1/21/2022 12:00:00 AM,2,0,57.2,57.8,60.59969,78.98756,3,1,-0.28201,-0.22474,121.6877,-0.0457,0.04746,3,33.72088,206.3579,0.07571,0.03245,1.75413,1.65487,-1.44611,1.01292,1.09371,1.41077,0.81614,0.89517,0.87735,2.10717,0.2,0.17247,8.43658,1586,45570,253251
eHealth Inc,0,5,5,e,0.62525,Internet,60.87,0.62736,EHTH,P,95,EHTH  220121P00095000,268284,1/21/2022 12:00:00 AM,35,0,35.6,36.3,36.73611,77.94119,3,1,-0.12787,-0.04728,154.629,-0.12642,0.13727,3,60.37205,91.40914,0.06051,0.02415,0.60956,0.5607,-1.47493,0.55233,0.60337,0.63331,0.81679,0.84981,0.82844,0.72849,0.2,0.13098,2.92426,5368,65015,297313
Ontrak Inc,0,5,5,e,0.9239,Medical Services,33.9,1.1357,OTRK,P,95,OTRK  220121P00095000,833122,1/21/2022 12:00:00 AM,0,0,62,62.7,65.47473,79.98764,3,1,-0.2881,-0.22073,116.0384,-0.04281,0.04419,3,33.97205,213.3611,0.06488,0.02655,1.88902,1.80236,-1.40328,1.02543,1.12247,1.44041,0.82422,0.90466,0.88404,2.26295,0.2,0.14298,9.14454,1628,45425,254341
The Trade Desk Inc,0,5,5,,0.67047,Advertising,76.27,0.69126,TTD,P,116,TTD   220121P00116000,929870,1/21/2022 12:00:00 AM,0,0,41.8,42.4,43.68367,77.19192,3,1,-0.15866,-0.10571,167.3202,-0.13343,0.14596,3,75.38692,92.45733,0.06596,0.02714,0.57357,0.52091,-1.84144,0.54417,0.57842,0.64679,0.79726,0.8386,0.82386,0.68513,0.2,0.14593,2.74026,3757,63698,284344
The Trade Desk Inc,0,5,5,,0.67047,Advertising,76.27,0.69126,TTD,P,118,TTD   220121P00118000,729532,1/21/2022 12:00:00 AM,0,0,43.6,44.3,45.67508,78.01886,3,1,-0.17355,-0.11184,165.6751,-0.1295,0.141,3,75.60738,95.57022,0.06118,0.02452,0.59625,0.54714,-1.80458,0.54668,0.5875,0.66148,0.80161,0.84739,0.82998,0.70924,0.2,0.13282,2.85827,3623,63127,282837
The Trade Desk Inc,0,5,5,,0.67047,Advertising,76.27,0.69126,TTD,P,120,TTD   220121P00120000,201026,1/21/2022 12:00:00 AM,80,0,45.4,46.1,47.6778,79.01115,3,1,-0.18915,-0.12724,164.8041,-0.12625,0.1369,3,75.82785,98.96585,0.05642,0.0219,0.61881,0.57336,-1.74018,0.54844,0.59032,0.67638,0.80549,0.85596,0.83817,0.73048,0.2,0.11971,2.97627,3270,62551,279105
The Trade Desk Inc,0,5,5,,0.67047,Advertising,76.27,0.69126,TTD,P,122,TTD   220121P00122000,368453,1/21/2022 12:00:00 AM,10,0,47.3,47.8,49.6905,79.97932,3,1,-0.19612,-0.15165,164.0689,-0.12308,0.13319,3,75.94831,102.4106,0.05406,0.02058,0.64343,0.59958,-1.67252,0.55584,0.58659,0.69145,0.80896,0.86155,0.84857,0.75083,0.2,0.11316,3.10083,2765,62291,273066
AMN Healthcare Services Inc,0,4,3,,0.41122,Human Resources,94.51,0.61369,AMN,P,130,AMN   220121P00130000,838886,1/21/2022 12:00:00 AM,0,0,36.2,38.1,42.8751,79.65625,3,1,-0.43957,-0.29526,243.6481,-0.1926,0.21174,3,95.13017,95.99905,0.03079,0.00751,0.39616,0.37552,-1.4377,0.36472,0.45864,0.65079,0.73358,0.86711,0.81191,0.47227,0.2,0.04779,1.91514,5431,62532,147511
USANA Health Sciences,0,4,3,,0.40505,Food Processing,102.49,0.75477,USNA,P,130,USNA  220121P00130000,828362,1/21/2022 12:00:00 AM,0,0,28.4,32.8,38.77165,73.3299,3,1,-0.55495,-0.29798,308.0236,-0.23419,0.25702,3,102.9302,91.9652,0.03285,0.00868,0.28976,0.26842,-1.84475,0.3014,0.47543,0.67723,0.67072,0.83963,0.73548,0.38907,0.2,0.05365,1.3855,5341,45080,146553
USANA Health Sciences,0,4,3,,0.40505,Food Processing,102.49,0.75477,USNA,P,135,USNA  220121P00135000,679527,1/21/2022 12:00:00 AM,0,0,33.1,37,44.32074,76.33298,3,1,-0.5657,-0.34213,303.5298,-0.21436,0.2318,3,103.2813,103.8609,0.02772,0.00576,0.33506,0.3172,-1.73708,0.3191,0.48336,0.73474,0.68256,0.86289,0.7648,0.4314,0.2,0.03902,1.61479,4089,44872,131630
USANA Health Sciences,0,4,3,,0.40505,Food Processing,102.49,0.75477,USNA,P,140,USNA  220121P00140000,578570,1/21/2022 12:00:00 AM,0,0,37.5,41.5,50.06655,79.38844,3,1,-0.60386,-0.37382,303.6675,-0.2012,0.21066,3,103.9325,117.0671,0.01753,-0.0001,0.37609,0.36599,-1.55733,0.31544,0.49862,0.79629,0.69084,0.89575,0.78689,0.4747,0.2,0.00974,1.82945,3348,44232,120980
Coherus BioSciences Inc,0,5,5,e,0.63119,Biotechnology,15.34,0.68994,CHRS,P,15,CHRS  220218P00015000,916694,2/18/2022 12:00:00 AM,0,0,2.2,2.65,2.97745,38.2112,3,1,-0.24555,-0.10389,302.2724,-0.21762,0.26889,3,12.97385,47.48237,0.28019,0.17717,0.18346,-0.02216,-0.5083,0.50625,0.60131,0.67102,0.47503,0.46692,0.47214,0.3719,0.17784,0.81804,0.80645,3789,60773,284796
A10 Networks Inc,0,5,5,,0.44141,Telecom. Equipment,10.94,0.51028,ATEN,P,17.5,ATEN  220218P00017500,537956,2/18/2022 12:00:00 AM,0,0,6.7,7,7.12938,78.7809,3,1,-0.24688,-0.06819,153.0804,-0.12223,0.12937,3,11.00282,95.86614,0.0375,0.0128,0.63196,0.59963,-0.22231,0.49488,0.6123,0.65711,0.80557,0.87372,0.82245,0.773,0.2,0.07558,3.06216,4729,60729,292972
eGain Corporation,0,5,5,e,0.69622,E-Commerce,11.41,0.76591,EGAN,P,17.5,EGAN  220218P00017500,594075,2/18/2022 12:00:00 AM,0,0,6.5,6.7,7.04893,73.40619,3,1,-0.23519,-0.14514,172.3796,-0.12144,0.13232,3,11.20282,99.73046,0.07462,0.03593,0.6025,0.53374,-0.30396,0.5611,0.62717,0.73365,0.75833,0.82029,0.79387,0.75577,0.2,0.19126,2.84838,2898,61081,274697
Universal Insurance Holdings Inc,0.04655,5,5,e,0.40987,Insurance (Prop/Cas.),13.95,0.47593,UVE,P,17.5,UVE   220218P00017500,628520,2/18/2022 12:00:00 AM,0,0,4.1,4.3,4.50435,77.39535,3,1,-0.2734,-0.13099,196.688,-0.23214,0.26474,3,13.60282,61.27275,0.08038,0.03943,0.31756,0.25448,-0.17107,0.31063,0.37151,0.42751,0.76114,0.83575,0.79304,0.37772,0.2,0.20872,1.46953,3177,45805,278187
eGain Corporation,0,5,5,e,0.69622,E-Commerce,11.41,0.76591,EGAN,P,20,EGAN  220218P00020000,799189,2/18/2022 12:00:00 AM,0,0,8.8,9,9.4744,79.47843,3,1,-0.28146,-0.18885,155.3817,-0.09879,0.10492,3,11.4318,121.2473,0.04633,0.0184,0.7973,0.75285,-0.25889,0.59193,0.66822,0.82379,0.79519,0.87442,0.84531,0.95314,0.2,0.10361,3.85627,2096,45596,263261
Ping Identity Holding Corp,0,5,5,e,0.66035,Cyber Security,23.57,0.73412,PING,P,20,PING  220218P00020000,883106,2/18/2022 12:00:00 AM,0,0,1.95,2.4,2.88339,26.79185,3,1,-0.22485,-0.11585,357.2427,-0.25447,0.33257,3,18.2818,32.60816,0.18269,0.24579,0.11962,-0.15146,-0.67542,0.50945,0.58109,0.65723,0.37047,0.33486,0.35422,0.30069,0.1,0.83891,0.82732,3531,61390,281891
Ontrak Inc,0,5,5,e,0.9239,Medical Services,33.9,1.14199,OTRK,P,25,OTRK  220218P00025000,415068,2/18/2022 12:00:00 AM,5,0,3.6,4.1,6.04084,20.95924,3,1,-0.2798,-0.22203,377.8977,-0.16752,0.20438,3,21.68975,42.595,0.27461,0.38032,0.17981,-0.26254,-1.30498,0.79037,0.85377,1.09743,0.36092,0.31055,0.32363,0.48928,0.1,1.07354,1.06195,1613,45638,253972
Ping Identity Holding Corp,0,5,5,e,0.66035,Cyber Security,23.57,0.73412,PING,P,30,PING  220218P00030000,636057,2/18/2022 12:00:00 AM,0,0,7.7,8.6,9.22638,62.86625,3,1,-0.31141,-0.12503,226.4047,-0.17123,0.19298,3,22.6477,78.16021,0.10467,0.05388,0.35688,0.2728,-0.68031,0.4623,0.58743,0.67137,0.66374,0.73034,0.68548,0.51819,0.2,0.281,1.63343,3319,44952,279673
Pennant Group Inc,0,4,3,e,0.86043,Medical Services,42.15,0.85151,PNTG,P,50,PNTG  220218P00050000,834212,2/18/2022 12:00:00 AM,0,0,11,12.7,16.07424,56.51054,3,1,-0.44913,-0.29734,311.7757,-0.18697,0.21612,3,39.57949,87.41866,0.14105,0.07473,0.29364,0.18624,-1.29758,0.46017,0.58697,0.83535,0.5931,0.6655,0.63125,0.4627,0.2,0.38526,1.30486,5366,62200,146785
Paylocity Holding Corporation,0,5,5,,0.42991,E-Commerce,192.04,0.44822,PCTY,P,220,PCTY  220218P00220000,571300,2/18/2022 12:00:00 AM,0,0,38.9,40.2,43.70977,60.06476,3,1,-0.17824,-0.1296,240.7943,-0.2614,0.32222,3,183.6498,49.56344,0.10996,0.05697,0.22639,0.14559,-3.982,0.36617,0.38784,0.44559,0.63489,0.66262,0.65401,0.31035,0.2,0.29643,1.01281,3209,62963,278529
Petroleo Brasileiro ADR,0.03607,4,5,,0.55259,Petroleum (Integrated),12.14,0.67182,PBR,P,17,PBR   220617P00017000,478793,6/17/2022 12:00:00 AM,2,0,5.5,5.7,6.60302,74.49422,3,1,-0.40633,-0.32398,188.362,-0.14819,0.16332,3,11.79513,90.08834,0.07444,0.05272,0.49562,0.40033,-0.15409,0.38769,0.44147,0.65304,0.70832,0.82222,0.79141,0.6123,0.2,0.28095,2.26524,4540,63791,137664
Yamana Gold Inc,0.02529,5,3,,0.5152,Precious Metals,4.32,0.54904,AUY,P,4,AUY   230120P00004000,4591,1/20/2023 12:00:00 AM,10277,0,0.66,0.78,0.934,34.88531,3,1,-0.2666,-0.15054,200.9709,-0.18291,0.22171,3,3.45153,34.65404,0.14314,0.25474,0.22549,-0.07407,-0.06354,0.39341,0.45567,0.53642,0.46154,0.44763,0.45475,0.45104,0.12593,1.24112,1.21324,2783,45987,273371
Paysign Inc,0,5,4,ev,0.83128,Financial Svcs. (Div.),3.19,1.20378,PAYS,P,5,PAYS  230120P00005000,72070,1/20/2023 12:00:00 AM,572,0,2.35,2.8,3.12038,44.69488,3,1,-0.41624,-0.17932,124.3132,-0.05593,0.05558,3,2.78942,99.65469,0.14705,0.16928,0.91468,0.5674,-0.09698,0.70286,0.98812,1.20402,0.60985,0.68362,0.63303,1.79927,0.2,0.87428,3.68339,2259,43515,265809
Ontrak Inc,0,5,5,e,0.9239,Medical Services,33.9,1.16941,OTRK,P,25,OTRK  230120P00025000,175645,1/20/2023 12:00:00 AM,111,0,6.8,7.6,10.41578,20.10413,3,1,-0.28406,-0.22318,193.7089,-0.08896,0.10115,3,18.89709,40.96925,0.25487,0.49101,0.40151,-0.26254,-0.78546,0.78785,0.85484,1.10044,0.4049,0.36837,0.37835,0.9886,0.1,2.03378,2.0059,1600,45512,253650
