Company,DIV'D,CMRK,TechRank,^vCM,HISTVO,INDUST,CMPRICE,VOLF,TKR,C/P,STRIKE,OPTKR,Record Number,EXPDAY,OI,VOL,BID,ASK,EST,DLTA,Bid oprk,Ask oprk,Bid UN/OV,Ask UN/OV,RVOPT,10%,-10%,CCMPRK,CCMPBE,CCMPRV,CCPWPA,CCPWPT,CCPWMX,I/OTM,THETA,Bid Implied,Ask Implied,VOLFADJ,PrtbStrk VOLF,Bid PrtbStrk Implied,Ask PrtbStrk Implied,PctDble,Margin,Yld Margin,Max Margin,ROBUY,ROWRT,ROCCMP,07/22/2021
Invesco Mortgage Capital Inc,0.10811,3,3,,0.57234,R.E.I.T.,3.46,0.31604,IVR,C,3.5,IVR   210730C00003500,14020,7/30/2021 12:00:00 AM,4248,318,0.07,0.08,0.02703,43.59949,5,3,0.95187,1.1688,823.8064,3.16936,-0.94415,1,3.38078,22.59049,0.94554,0.0229,0.03511,-0.01156,-0.53663,0.42217,0.46909,0.21629,0.34308,0.418,0.4261,0.03155,0.18844,0.1078,0.10736,336361,314321,16220
Nokia Corp,0,3,3,,0.43283,Telecom. Equipment,5.75,0.40782,NOK,C,6,NOK   210730C00006000,1420,7/30/2021 12:00:00 AM,23327,5040,0.13,0.14,0.03831,35.84515,5,3,0.86652,0.95368,998.5421,2.31388,-0.8616,1,5.62,40.34746,0.93812,0.02261,0.06762,-0.04348,-1.22487,0.63389,0.66349,0.33961,0.2148,0.33608,0.34299,0.04322,0.15652,0.14488,0.14444,322543,313874,18273
PG&E Corporation,0,5,4,,0.70505,Electric Utility (West),9.31,0.31407,PCG,C,9.5,PCG   210730C00009500,224506,7/30/2021 12:00:00 AM,67,11,0.15,0.18,0.05534,39.4579,5,3,0.81658,1.06341,944.6209,3.76086,-0.96093,3,9.16,24.22357,0.66412,0.01611,0.03712,-0.02041,-1.32743,0.39249,0.44582,0.21606,0.28008,0.37421,0.38884,0.02659,0.17959,0.09015,0.08971,350889,315033,99501
Co Diagnostics Inc,0,5,5,e,1.12481,Biotechnology,10.56,0.89425,CODX,C,11,CODX  210730C00011000,366844,7/30/2021 12:00:00 AM,12,1006,0.75,0.9,0.37281,48.05971,5,3,0.69019,0.96181,947.7513,0.71534,-0.50916,3,9.81,80.40261,3.10058,0.07102,0.1213,-0.04167,-5.62365,1.41285,1.6399,0.83591,0.37917,0.42778,0.43769,0.13979,0.15833,0.449,0.44856,348092,314875,107236
Mattel  Inc,0,3,3,,0.45978,Recreation,19.36,0.33169,MAT,C,19.5,MAT   210730C00019500,88337,7/30/2021 12:00:00 AM,461,3,0.6,0.7,0.21303,48.90726,5,3,1.42484,1.7914,602.7392,2.03439,-0.85902,1,18.76,21.28675,1.29709,0.03099,0.03945,-0.00723,-3.99485,0.54554,0.62801,0.22498,0.42403,0.46851,0.47264,0.04915,0.19277,0.16121,0.16077,355620,315122,8909
Mattel  Inc,0,3,3,,0.45978,Recreation,19.36,0.33169,MAT,C,20,MAT   210730C00020000,88838,7/30/2021 12:00:00 AM,457,44,0.4,0.5,0.09089,38.10559,5,3,1.1626,1.50671,790.3678,2.51378,-0.88714,1,18.96,28.76829,0.8556,0.02066,0.05485,-0.03306,-3.80496,0.54279,0.62916,0.25099,0.20778,0.35329,0.37267,0.03978,0.16694,0.1242,0.12376,349390,314843,12062
Juniper Networks Inc,0.02923,5,3,,0.27664,Telecom. Equipment,27.29,0.28058,JNPR,C,27.5,JNPR  210730C00027500,105523,7/30/2021 12:00:00 AM,342,64,0.65,0.7,0.28366,46.9794,5,3,0.97002,1.10164,787.9279,2.87921,-0.93454,3,26.62033,21.90831,1.01876,0.02454,0.033,-0.0077,-4.36083,0.43957,0.46894,0.22313,0.41025,0.45415,0.45701,0.03473,0.1923,0.12429,0.12386,351839,315145,91082
Juniper Networks Inc,0.02923,5,3,,0.27664,Telecom. Equipment,27.29,0.28058,JNPR,C,28,JNPR  210730C00028000,124735,7/30/2021 12:00:00 AM,253,104,0.4,0.5,0.16877,36.511,5,3,0.60466,0.85092,1117.933,3.82381,-0.95803,3,26.87033,29.68581,0.63251,0.01538,0.042,-0.02602,-3.95029,0.40516,0.46734,0.25249,0.25624,0.34157,0.36172,0.02615,0.17398,0.08468,0.08425,344310,314736,113117
Weyerhaeuser Company,0.0196,3,3,,0.37427,Paper/Forest Products,34.13,0.22262,WY,C,34.5,WY    210730C00034500,166842,7/30/2021 12:00:00 AM,140,2,0.55,0.65,0.17654,43.49163,5,3,1.18683,1.49625,730.3658,4.1657,-0.97806,1,33.56351,16.04733,0.68385,0.0166,0.02788,-0.01084,-4.2773,0.33535,0.3828,0.15335,0.32645,0.41853,0.42851,0.02401,0.18916,0.08563,0.08519,349094,314871,11699
Corning Inc,0.02355,3,3,,0.31908,Electrical Equipment,40.38,0.25949,GLW,C,41,GLW   210730C00041000,214025,7/30/2021 12:00:00 AM,77,86,0.71,0.81,0.2237,41.79751,5,3,1.1012,1.31905,794.9036,3.67187,-0.96188,1,39.64655,19.96884,0.7494,0.01816,0.03411,-0.01535,-5.71046,0.38929,0.42965,0.18527,0.2985,0.40066,0.40983,0.02723,0.18465,0.09566,0.09523,343074,314724,13106
Corning Inc,0.02355,3,3,,0.31908,Electrical Equipment,40.38,0.25949,GLW,C,41.5,GLW   210730C00041500,146173,7/30/2021 12:00:00 AM,185,1,0.54,0.62,0.14796,34.59488,5,3,0.88886,1.05405,1025.9,4.37262,-0.96984,1,39.81655,25.1192,0.57325,0.01395,0.04225,-0.02774,-5.37683,0.39173,0.42599,0.20739,0.19918,0.3274,0.34048,0.02287,0.17226,0.07807,0.07763,329738,314011,17694
Skechers USA,0,3,3,,0.50257,Shoe,51.2,0.50112,SKX,C,52,SKX   210730C00052000,408470,7/30/2021 12:00:00 AM,7,186,2.35,2.55,0.77117,48.35606,5,3,1.43723,1.61776,643.1673,1.29535,-0.71397,1,48.85,33.06169,1.95098,0.0459,0.06448,-0.01563,-15.66437,0.84255,0.90496,0.3457,0.39067,0.45466,0.45778,0.0772,0.18438,0.24938,0.24894,352201,315125,8815
PulteGroup Inc,0.01121,3,3,,0.38298,Homebuilding,52.57,0.25714,PHM,C,53,PHM   210730C00053000,188632,7/30/2021 12:00:00 AM,106,30,1.2,1.3,0.39318,46.7572,5,3,1.41643,1.59047,642.7883,3.01625,-0.9423,1,51.35547,17.29109,0.95859,0.0231,0.03201,-0.00818,-8.11894,0.42377,0.45429,0.17537,0.3859,0.45224,0.45543,0.03315,0.19182,0.11944,0.119,351587,315117,8983
Skechers USA,0,3,3,,0.50257,Shoe,51.2,0.50112,SKX,C,53,SKX   210730C00053000,412984,7/30/2021 12:00:00 AM,7,98,1.7,2.1,0.54028,42.15538,5,3,1.02395,1.36132,798.1137,1.52851,-0.7578,1,49.5,40.38519,1.39282,0.0332,0.07071,-0.03516,-14.53971,0.76305,0.89024,0.37701,0.28221,0.38793,0.4036,0.06542,0.16484,0.20186,0.20142,344704,314568,14652
PulteGroup Inc,0.01121,3,3,,0.38298,Homebuilding,52.57,0.25714,PHM,C,53.5,PHM   210730C00053500,171560,7/30/2021 12:00:00 AM,131,4,1,1.1,0.25345,41.44024,5,3,1.33244,1.50307,729.1516,3.36713,-0.94927,1,51.55547,19.78452,0.79763,0.0193,0.0377,-0.01769,-7.98421,0.42553,0.45666,0.18244,0.27208,0.39742,0.40427,0.0297,0.18231,0.10478,0.10434,349296,315049,9788
PulteGroup Inc,0.01121,3,3,,0.38298,Homebuilding,52.57,0.25714,PHM,C,54,PHM   210730C00054000,201976,7/30/2021 12:00:00 AM,90,10,0.8,0.95,0.17147,36.36327,5,3,1.15279,1.40188,849.4893,3.76118,-0.95554,1,51.75547,22.92219,0.63791,0.01549,0.04335,-0.0272,-7.7146,0.41874,0.46719,0.19451,0.19121,0.34247,0.35806,0.02659,0.1728,0.0885,0.08807,346146,314826,12231
PulteGroup Inc,0.01121,3,3,,0.38298,Homebuilding,52.57,0.25714,PHM,C,54.5,PHM   210730C00054500,177823,7/30/2021 12:00:00 AM,121,130,0.65,0.75,0.12616,31.24348,5,3,0.98689,1.14907,1039.62,4.3509,-0.96408,1,51.90547,26.89781,0.51894,0.01264,0.04997,-0.03671,-7.16836,0.41973,0.45399,0.21125,0.13961,0.29301,0.3073,0.02298,0.16329,0.07616,0.07572,335315,314444,15441
Mondelez International Inc,0.02173,4,4,,0.22224,Food Processing,63.84,0.1869,MDLZ,C,64,MDLZ  210730C00064000,211770,7/30/2021 12:00:00 AM,79,1,0.85,1,0.50849,48.15738,5,3,0.58336,0.83893,914.6306,5.72719,-0.99757,2,62.95579,14.10215,0.56899,0.01385,0.01657,-0.00251,-5.72306,0.23258,0.27012,0.14689,0.45508,0.4716,0.47554,0.01746,0.19749,0.06785,0.06742,331951,313643,67944
Cognizant Technology Solutions Corporation,0.01387,4,3,,0.29965,IT Service,68.11,0.25731,CTSH,C,68.5,CTSH  210730C00068500,107649,7/30/2021 12:00:00 AM,330,4,1.45,1.7,0.57283,47.82389,5,3,1.18257,1.51807,671.8072,3.18982,-0.95359,2,66.63671,16.91955,0.89604,0.02163,0.02794,-0.00573,-9.89152,0.38219,0.44094,0.17511,0.41909,0.46273,0.46768,0.03135,0.19427,0.11002,0.10958,355175,315123,39348
Cognizant Technology Solutions Corporation,0.01387,4,3,,0.29965,IT Service,68.11,0.25731,CTSH,C,69,CTSH  210730C00069000,101255,7/30/2021 12:00:00 AM,367,0,1.2,1.4,0.41646,43.03871,5,3,1.05615,1.31819,785.9799,3.70783,-0.96522,2,66.88671,19.16115,0.74122,0.01796,0.03158,-0.01307,-9.40969,0.3735,0.4211,0.18165,0.3257,0.41303,0.42273,0.02697,0.18693,0.09469,0.09425,351004,315024,43460
Cognizant Technology Solutions Corporation,0.01387,4,3,,0.29965,IT Service,68.11,0.25731,CTSH,C,69.5,CTSH  210730C00069500,101761,7/30/2021 12:00:00 AM,364,1,1.05,1.2,0.31708,38.68551,5,3,0.98328,1.1733,897.8233,4.05245,-0.96825,2,67.03671,21.92902,0.64887,0.01576,0.03673,-0.02041,-9.25136,0.38303,0.41973,0.19313,0.25365,0.36907,0.38015,0.02468,0.17959,0.08628,0.08584,346862,314938,46162
Cognizant Technology Solutions Corporation,0.01387,4,3,,0.29965,IT Service,68.11,0.25731,CTSH,C,70,CTSH  210730C00070000,104624,7/30/2021 12:00:00 AM,347,53,0.85,1,0.25847,34.08807,5,3,0.79094,0.97362,1091.329,4.65709,-0.97503,2,67.23671,25.54331,0.52639,0.01282,0.04108,-0.02775,-8.6923,0.37479,0.41302,0.20927,0.20325,0.32151,0.33703,0.02147,0.17225,0.07289,0.07245,339061,314607,55117
VF Corporation,0.02441,5,3,,0.34498,Apparel,80.26,0.30244,VFC,C,81,VFC   210730C00081000,312810,7/30/2021 12:00:00 AM,24,0,1.6,1.95,0.87275,45.70548,5,3,0.61163,0.9033,931.7388,3.23867,-0.95188,3,78.61169,24.14397,0.84934,0.02054,0.03035,-0.00922,-11.88893,0.387,0.45704,0.24013,0.40215,0.4389,0.44821,0.03088,0.19078,0.10493,0.10449,346194,314751,112602
Colgate Palmolive Co,0.02163,4,4,,0.20661,Household Products,81.91,0.16773,CL,C,82,CL    210730C00082000,221450,7/30/2021 12:00:00 AM,70,18,1,1.15,0.53351,49.29857,5,3,0.8038,1.06181,789.2167,6.52697,-0.99934,2,80.86631,10.63322,0.52287,0.01274,0.01401,-0.0011,-6.4294,0.20428,0.2335,0.11325,0.47321,0.48514,0.487,0.01532,0.1989,0.06182,0.06138,342805,314635,54446
VF Corporation,0.02441,5,3,,0.34498,Apparel,80.26,0.30244,VFC,C,82,VFC   210730C00082000,279184,7/30/2021 12:00:00 AM,35,1,1.3,1.55,0.59447,38.77167,5,3,0.60227,0.807,1086.857,3.68234,-0.95703,3,78.91169,28.68774,0.69212,0.0168,0.0391,-0.02168,-11.71059,0.40539,0.45719,0.25301,0.29322,0.36711,0.38169,0.02716,0.17832,0.09127,0.09083,342596,314727,113292
Colgate Palmolive Co,0.02163,4,4,,0.20661,Household Products,81.91,0.16773,CL,C,82.5,CL    210730C00082500,227383,7/30/2021 12:00:00 AM,65,15,0.75,0.9,0.34845,42.05785,5,3,0.70038,0.95603,994.2735,8.20339,-0.99969,2,81.11631,12.5198,0.3964,0.00969,0.01704,-0.0072,-6.123,0.1984,0.22823,0.11668,0.34568,0.40769,0.41958,0.01219,0.1928,0.04793,0.04749,338215,314313,60242
First Solar Inc,0,5,4,,0.47508,Power,83.55,0.46224,FSLR,C,84,FSLR  210730C00084000,232786,7/30/2021 12:00:00 AM,61,16,2.94,3.1,2.16258,49.88371,5,3,0.32971,0.3976,1140.203,1.89276,-0.84038,3,80.61,41.81462,1.47914,0.03519,0.04205,-0.00539,-18.05253,0.5991,0.62969,0.45055,0.47219,0.47908,0.4801,0.05283,0.19461,0.18125,0.18081,317821,313607,135076
First Solar Inc,0,5,4,,0.47508,Power,83.55,0.46224,FSLR,C,85,FSLR  210730C00085000,129368,7/30/2021 12:00:00 AM,236,216,2.51,2.65,1.75499,44.99228,5,3,0.32214,0.38146,1232.039,2.07665,-0.85458,3,81.04,46.24112,1.2561,0.03004,0.04886,-0.01735,-17.87207,0.60017,0.6271,0.45394,0.407,0.42939,0.43239,0.04815,0.18265,0.16492,0.16448,316462,313546,135794
Overstock com Inc,0,3,3,e,0.93729,Internet,83.22,0.59744,OSTK,C,85.5,OSTK  210730C00085500,260695,7/30/2021 12:00:00 AM,44,7,4.15,4.5,1.9504,46.55515,5,3,0.77009,0.8914,919.1519,1.12424,-0.6612,1,79.07,55.02741,2.12856,0.04987,0.08132,-0.0274,-29.53741,0.98415,1.0516,0.55599,0.38034,0.43169,0.43603,0.08895,0.1726,0.28935,0.28892,317310,312932,21292
First Solar Inc,0,5,4,,0.47508,Power,83.55,0.46224,FSLR,C,86,FSLR  210730C00086000,174377,7/30/2021 12:00:00 AM,126,31,2.13,2.3,1.4267,40.33472,5,3,0.30522,0.37792,1328.882,2.24974,-0.86477,3,81.42,50.91548,1.06096,0.02549,0.05625,-0.02932,-17.59858,0.60146,0.63496,0.46081,0.34702,0.38156,0.38763,0.04445,0.17068,0.14981,0.14937,316123,313370,137359
iRobot Corporation,0,5,3,v,0.55363,Electronics,89.61,0.50156,IRBT,C,91,IRBT  210730C00091000,303565,7/30/2021 12:00:00 AM,26,1,4.8,5.4,1.34737,49.4542,5,3,1.79847,2.10892,550.6119,1.07494,-0.65091,2,84.81,32.25196,2.29533,0.05357,0.07299,-0.01551,-31.92664,0.96424,1.07121,0.34456,0.39111,0.46066,0.46458,0.09303,0.18449,0.29078,0.29035,363692,315369,63670
iRobot Corporation,0,5,3,v,0.55363,Electronics,89.61,0.50156,IRBT,C,91.5,IRBT  210730C00091500,430635,7/30/2021 12:00:00 AM,5,0,4.5,5.2,1.19505,48.03154,5,3,1.71052,2.06721,572.0194,1.1064,-0.65899,2,85.11,33.67749,2.14428,0.05022,0.07508,-0.02109,-31.67435,0.94852,1.07334,0.34994,0.35499,0.44543,0.45175,0.09038,0.17891,0.28113,0.28069,363453,315356,65759
iRobot Corporation,0,5,3,v,0.55363,Electronics,89.61,0.50156,IRBT,C,92,IRBT  210730C00092000,265018,7/30/2021 12:00:00 AM,42,0,4.6,4.9,1.06737,46.84294,5,3,1.81007,1.96033,581.8949,1.10516,-0.65554,2,85.01,35.13583,2.19451,0.05133,0.08223,-0.02667,-32.19639,1.003,1.05663,0.35693,0.3221,0.43473,0.43801,0.09049,0.17333,0.2966,0.29616,362804,315373,63415
iRobot Corporation,0,5,3,v,0.55363,Electronics,89.61,0.50156,IRBT,C,92.5,IRBT  210730C00092500,136642,7/30/2021 12:00:00 AM,212,0,4.3,4.7,0.96159,45.41425,5,3,1.6945,1.89074,610.8397,1.14072,-0.66438,2,85.31,36.94343,2.04418,0.04799,0.08428,-0.03225,-31.79474,0.98476,1.05648,0.36547,0.29271,0.41978,0.42516,0.08766,0.16775,0.28649,0.28606,362325,315354,66118
iRobot Corporation,0,5,3,v,0.55363,Electronics,89.61,0.50156,IRBT,C,93,IRBT  210730C00093000,329986,7/30/2021 12:00:00 AM,20,4,4.1,4.5,0.87512,44.06813,5,3,1.61827,1.81027,638.54,1.16662,-0.66978,2,85.51,38.89648,1.94454,0.04575,0.08759,-0.03783,-31.60685,0.98324,1.05534,0.37553,0.26687,0.40607,0.41238,0.08572,0.16217,0.28257,0.28214,361713,315334,68009
Hasbro Inc,0.02781,3,4,,0.34951,Recreation,93.33,0.30658,HAS,C,94,HAS   210730C00094000,432778,7/30/2021 12:00:00 AM,5,0,2.15,2.55,0.91101,47.32371,5,3,1.02324,1.35118,729.3574,2.83364,-0.93258,1,91.116,20.40231,0.9841,0.02372,0.03161,-0.00718,-15.02793,0.42316,0.49175,0.20915,0.41084,0.45565,0.46181,0.03529,0.19282,0.11991,0.11947,344323,314565,14670
Hasbro Inc,0.02781,3,4,,0.34951,Recreation,93.33,0.30658,HAS,C,95,HAS   210730C00095000,359580,7/30/2021 12:00:00 AM,14,0,1.85,2.1,0.62547,41.68079,5,3,1.00716,1.20534,832.003,3.13553,-0.93848,1,91.416,23.82016,0.84796,0.02051,0.03916,-0.01789,-14.93901,0.4427,0.48641,0.22056,0.30178,0.39793,0.40692,0.03189,0.18211,0.10929,0.10885,338179,314517,15000
Hasbro Inc,0.02781,3,4,,0.34951,Recreation,93.33,0.30658,HAS,C,95.5,HAS   210730C00095500,451349,7/30/2021 12:00:00 AM,4,0,1.6,2,0.53379,38.95728,5,3,0.87661,1.18687,903.9982,3.30868,-0.94209,1,91.666,25.9635,0.7352,0.01783,0.04178,-0.02325,-14.74043,0.43102,0.50228,0.22968,0.25972,0.36569,0.38416,0.03022,0.17675,0.09743,0.09699,337268,313943,18007
Hasbro Inc,0.02781,3,4,,0.34951,Recreation,93.33,0.30658,HAS,C,96,HAS   210730C00096000,291287,7/30/2021 12:00:00 AM,30,0,1.45,1.75,0.46779,36.09178,5,3,0.80366,1.03067,1010.299,3.5799,-0.94833,1,91.816,28.51727,0.66784,0.01622,0.04553,-0.02861,-14.23917,0.43461,0.48931,0.24096,0.22601,0.33835,0.35556,0.02793,0.17139,0.09108,0.09065,328179,313359,20138
Yum Brands Inc,0.01708,4,3,,0.27831,Restaurant,120.38,0.21369,YUM,C,121,YUM   210730C00121000,90334,7/30/2021 12:00:00 AM,444,22,1.95,2.2,0.81725,46.83879,5,3,1.04382,1.2726,744.28,4.54084,-0.98827,2,118.3793,14.31218,0.68484,0.01662,0.02212,-0.00515,-13.36707,0.29713,0.33039,0.14538,0.41124,0.45629,0.46068,0.02202,0.19485,0.08357,0.08313,349858,315010,43898
Yum Brands Inc,0.01708,4,3,,0.27831,Restaurant,120.38,0.21369,YUM,C,122,YUM   210730C00122000,88726,7/30/2021 12:00:00 AM,458,416,1.55,1.75,0.52382,40.22347,5,3,0.95954,1.13909,900.5149,5.38659,-0.99125,2,118.7793,16.88023,0.54608,0.0133,0.0271,-0.01346,-12.92391,0.29881,0.32619,0.15249,0.28855,0.38799,0.39717,0.01856,0.18654,0.06946,0.06902,345697,314902,47118
Starbucks Corporation,0.01628,3,4,,0.27143,Restaurant,122.64,0.21047,SBUX,C,123,SBUX  210730C00123000,63002,7/30/2021 12:00:00 AM,768,1118,2.29,2.39,0.92647,48.77318,5,3,1.25016,1.34125,673.8646,4.12724,-0.98389,1,120.3008,13.50775,0.78796,0.01907,0.02242,-0.00294,-14.2241,0.3204,0.33337,0.14239,0.44847,0.47705,0.47794,0.02423,0.19706,0.09519,0.09475,343981,314956,10730
Yum Brands Inc,0.01708,4,3,,0.27831,Restaurant,120.38,0.21369,YUM,C,123,YUM   210730C00123000,112869,7/30/2021 12:00:00 AM,304,38,1.2,1.4,0.36237,33.96112,5,3,0.8012,0.97531,1131.343,6.38325,-0.99329,2,119.1293,20.25682,0.42543,0.01039,0.03247,-0.02176,-12.22168,0.29835,0.32719,0.16564,0.20406,0.32303,0.33769,0.01567,0.17824,0.05636,0.05593,339139,314631,54590
Starbucks Corporation,0.01628,3,4,,0.27143,Restaurant,122.64,0.21047,SBUX,C,124,SBUX  210730C00124000,136071,7/30/2021 12:00:00 AM,214,891,1.84,1.94,0.58971,42.46985,5,3,1.15375,1.24303,797.8818,4.84094,-0.98775,1,120.7508,15.75048,0.63401,0.0154,0.02689,-0.01109,-13.86752,0.31841,0.33161,0.14784,0.31791,0.41299,0.4164,0.02066,0.18891,0.07986,0.07942,339948,314828,12212
Starbucks Corporation,0.01628,3,4,,0.27143,Restaurant,122.64,0.21047,SBUX,C,125,SBUX  210730C00125000,80641,7/30/2021 12:00:00 AM,532,822,1.47,1.53,0.39938,36.32051,5,3,0.99925,1.05137,992.0865,5.73012,-0.99082,1,121.1208,18.7996,0.50829,0.01239,0.03201,-0.01924,-13.17127,0.31872,0.32703,0.15942,0.22362,0.35192,0.35551,0.01745,0.18076,0.06675,0.06631,329546,314494,15160
Starbucks Corporation,0.01628,3,4,,0.27143,Restaurant,122.64,0.21047,SBUX,C,126,SBUX  210730C00126000,237693,7/30/2021 12:00:00 AM,57,156,1.16,1.21,0.30243,30.61476,5,3,0.80709,0.84896,1265.95,6.74429,-0.99283,1,121.4308,22.70568,0.40354,0.00986,0.03761,-0.0274,-12.30215,0.31933,0.32673,0.17671,0.16533,0.29518,0.2994,0.01483,0.1726,0.05524,0.0548,313268,313394,20033
Kimberly Clark Corp,0.03372,4,5,,0.22018,Household Products,135.09,0.18694,KMB,C,136,KMB   210730C00136000,237485,7/30/2021 12:00:00 AM,58,11,1.9,2.15,0.8425,44.74259,5,3,0.85638,1.0563,858.8757,5.22335,-0.9933,2,133.0777,15.26844,0.61226,0.0149,0.02193,-0.00674,-13.88758,0.27699,0.30682,0.14921,0.38079,0.43509,0.44135,0.01914,0.19326,0.07321,0.07277,342571,314742,51875
Procter and Gamble Co,0.02522,4,5,,0.2027,Household Products,137.78,0.15618,PG,C,138,PG    210730C00138000,102735,7/30/2021 12:00:00 AM,358,165,1.52,1.67,0.79388,48.34475,5,3,0.79926,0.9641,828.8302,7.48008,-0.99981,2,136.1743,10.09764,0.47762,0.01165,0.01339,-0.0016,-9.8314,0.18993,0.20733,0.10556,0.45722,0.47619,0.47819,0.01337,0.1984,0.05604,0.0556,338593,314627,54685
Procter and Gamble Co,0.02522,4,5,,0.2027,Household Products,137.78,0.15618,PG,C,139,PG    210730C00139000,90602,7/30/2021 12:00:00 AM,442,120,1.08,1.19,0.46157,38.9912,5,3,0.69832,0.81832,1130.105,10.03745,-0.99992,2,136.6143,12.49325,0.34563,0.00846,0.01745,-0.00885,-9.22095,0.1878,0.20107,0.11058,0.3021,0.3801,0.38779,0.00996,0.19115,0.04144,0.04101,330667,314301,60361
3M Company,0.02919,4,3,,0.2487,Diversified Co.,199.43,0.18846,MMM,C,200,MMM   210730C00200000,116432,7/30/2021 12:00:00 AM,287,47,3.2,3.35,1.30237,48.11331,5,3,1.19579,1.29019,698.2826,4.91516,-0.99321,2,196.0865,12.26448,0.69055,0.01677,0.01993,-0.00286,-20.29772,0.28027,0.29232,0.12764,0.43781,0.47158,0.47275,0.02035,0.19714,0.08183,0.08139,350307,315129,38955
3M Company,0.02919,4,3,,0.2487,Diversified Co.,199.43,0.18846,MMM,C,202.5,MMM   210730C00202500,96630,7/30/2021 12:00:00 AM,398,37,2.17,2.29,0.61864,37.2151,5,3,1.0005,1.07321,981.543,6.59753,-0.99607,2,197.1165,16.23106,0.47533,0.0116,0.02728,-0.01539,-19.06203,0.27927,0.28942,0.1396,0.23891,0.36136,0.36603,0.01516,0.18461,0.05938,0.05894,343240,314957,45510
Automatic Data Processing Inc,0.01917,3,3,,0.26876,IT Service,203.3,0.20562,ADP,C,205,ADP   210730C00205000,193630,7/30/2021 12:00:00 AM,100,9,2.65,2.8,1.08913,43.16261,5,3,0.8919,0.97621,901.7944,5.85838,-0.996,1,200.5539,14.9556,0.55479,0.01351,0.02215,-0.00836,-19.56969,0.26882,0.2808,0.14209,0.35389,0.42147,0.42478,0.01707,0.19164,0.06845,0.06802,324260,314035,17618
3M Company,0.02919,4,3,,0.2487,Diversified Co.,199.43,0.18846,MMM,C,205,MMM   210730C00205000,78035,7/30/2021 12:00:00 AM,559,82,1.4,1.5,0.38702,27.28601,5,3,0.67286,0.73066,1546.406,9.04748,-0.99774,2,197.8865,22.38783,0.3159,0.00774,0.03592,-0.02793,-16.61812,0.27813,0.28774,0.16626,0.14322,0.26199,0.26897,0.01105,0.17207,0.04123,0.0408,324571,314196,61923
United Parcel Service,0.01929,3,4,,0.26626,Air Transport,213.28,0.2285,UPS,C,215,UPS   210730C00215000,85336,7/30/2021 12:00:00 AM,489,320,4.9,5.05,1.36214,46.61711,5,3,1.70642,1.77801,588.1068,3.08181,-0.94556,1,208.2785,15.59077,0.97294,0.02345,0.03224,-0.00806,-32.44368,0.42683,0.43812,0.15771,0.37224,0.45207,0.4533,0.03245,0.19194,0.12014,0.1197,355363,315241,6746
United Parcel Service,0.01929,3,4,,0.26626,Air Transport,213.28,0.2285,UPS,C,217.5,UPS   210730C00217500,76843,7/30/2021 12:00:00 AM,573,109,3.9,4.05,0.82549,39.96376,5,3,1.44371,1.50991,731.6352,3.55903,-0.9544,1,209.2785,19.46397,0.77469,0.01876,0.03926,-0.01979,-31.5559,0.42782,0.43941,0.17507,0.23757,0.38505,0.388,0.0281,0.18021,0.1019,0.10147,349500,315127,8756
United Parcel Service,0.01929,3,4,,0.26626,Air Transport,213.28,0.2285,UPS,C,220,UPS   210730C00220000,102909,7/30/2021 12:00:00 AM,357,117,3,3.2,0.62535,33.58015,5,3,1.06183,1.14127,975.9658,4.16444,-0.96297,1,210.1785,25.28505,0.59788,0.01454,0.0467,-0.03151,-29.64326,0.42385,0.44018,0.20557,0.16797,0.32036,0.32658,0.02401,0.16849,0.08392,0.08348,334895,314654,13854
Norfolk Southern Corp,0.01513,3,3,,0.29653,Railroad,263.81,0.21061,NSC,C,265,NSC   210730C00265000,276553,7/30/2021 12:00:00 AM,36,5,3.9,4.4,1.82532,46.93485,5,3,0.88627,1.09875,805.5367,5.09506,-0.99382,1,259.8116,14.04065,0.62367,0.01516,0.01996,-0.00451,-26.64111,0.26951,0.29987,0.14288,0.42161,0.45825,0.46246,0.01963,0.19549,0.07606,0.07562,332529,313999,17764
Norfolk Southern Corp,0.01513,3,3,,0.29653,Railroad,263.81,0.21061,NSC,C,267.5,NSC   210730C00267500,223505,7/30/2021 12:00:00 AM,68,8,2.85,3.3,1.07498,38.56498,5,3,0.78402,0.9739,1030.665,6.43308,-0.99612,1,260.8616,17.04594,0.45805,0.01118,0.02543,-0.01399,-25.25667,0.2673,0.29575,0.14983,0.27837,0.37092,0.38295,0.01554,0.18601,0.05851,0.05808,324090,313124,20826
Atlassian Corporation PLC,0,3,3,,0.40304,Computer Software/Svcs,269.19,0.37767,TEAM,C,272.5,TEAM  210730C00272500,388298,7/30/2021 12:00:00 AM,10,8,8.5,9.1,4.16232,46.98788,5,3,0.78438,0.89202,880.3641,2.02056,-0.85192,1,260.69,32.49446,1.32235,0.03158,0.0453,-0.0123,-57.41048,0.59063,0.62626,0.331,0.41032,0.44944,0.45231,0.04949,0.1877,0.16866,0.16822,317364,313133,20808
Northrop Grumman Corp Holding Co,0.01726,3,3,,0.25591,Aerospace/Defense,359.63,0.17618,NOC,C,360,NOC   210730C00360000,324115,7/30/2021 12:00:00 AM,21,15,5.4,6.1,2.9337,49.84266,5,3,0.79252,1.0178,792.5779,5.1986,-0.99611,1,354.0769,12.83471,0.6355,0.01544,0.01671,-0.00103,-33.78993,0.24769,0.27882,0.13818,0.4813,0.48956,0.49073,0.01924,0.19897,0.0759,0.07547,327282,313216,20533
Alphabet Inc,0,3,4,,0.267,Internet,2566.44,0.20765,GOOGL,C,2575,GOOGL 210730C02575000,157908,7/30/2021 12:00:00 AM,157,93,49.5,53.9,22.71505,48.93834,5,3,1.02335,1.19076,732.4532,3.87016,-0.97874,1,2516.94,15.42629,0.7976,0.01929,0.02307,-0.00334,-312.7605,0.33009,0.3574,0.16314,0.45504,0.47774,0.47944,0.02584,0.19666,0.09851,0.09807,337446,314566,14664
Alphabet Inc,0,3,4,,0.267,Internet,2566.44,0.20765,GOOGL,C,2580,GOOGL 210730C02580000,132678,7/30/2021 12:00:00 AM,225,112,46.8,49.2,20.63427,47.38634,5,3,1.00067,1.09198,776.4526,4.13921,-0.98244,1,2519.64,15.95266,0.75328,0.01824,0.02396,-0.00528,-304.2808,0.32757,0.34252,0.16373,0.42544,0.46257,0.4642,0.02416,0.19472,0.09409,0.09365,332139,314496,15128
Alphabet Inc,0,3,4,,0.267,Internet,2566.44,0.20765,GOOGL,C,2590,GOOGL 210730C02590000,137527,7/30/2021 12:00:00 AM,210,68,42,44.4,17.0371,44.40905,5,3,0.95971,1.05036,840.0753,4.48752,-0.98495,1,2524.44,17.06745,0.67474,0.01637,0.02597,-0.00918,-299.3064,0.3249,0.33993,0.16579,0.3691,0.43228,0.43525,0.02228,0.19082,0.0862,0.08576,329475,314349,16043
Alphabet Inc,0,3,4,,0.267,Internet,2566.44,0.20765,GOOGL,C,2600,GOOGL 210730C02600000,64286,7/30/2021 12:00:00 AM,747,762,38.5,40,14.13147,41.53906,5,3,0.94426,1.00071,905.4424,4.80032,-0.98628,1,2527.94,18.29503,0.61765,0.015,0.02851,-0.01308,-295.985,0.32856,0.3381,0.16899,0.31806,0.40387,0.40653,0.02083,0.18692,0.08069,0.08025,326028,314287,16390
Alphabet Inc,0,3,4,,0.267,Internet,2566.44,0.20765,GOOGL,C,2610,GOOGL 210730C02610000,187574,7/30/2021 12:00:00 AM,107,98,34.1,35.4,11.82677,38.52638,5,3,0.87321,0.92209,1005.048,5.2754,-0.98875,1,2532.34,19.7262,0.54611,0.01329,0.03067,-0.01697,-286.0971,0.32459,0.33306,0.17328,0.27342,0.37386,0.37696,0.01896,0.18303,0.07303,0.0726,319972,313919,18088
Invesco Mortgage Capital Inc,0.10811,3,3,,0.57234,R.E.I.T.,3.46,0.33881,IVR,C,3.5,IVR   210806C00003500,40412,8/6/2021 12:00:00 AM,1375,144,0.12,0.13,0.0435,46.49335,5,3,1.17084,1.32215,547.262,1.75075,-0.80876,1,3.3236,22.88103,0.92772,0.03942,0.05264,-0.01156,-0.47385,0.50129,0.53623,0.23092,0.37459,0.44146,0.44525,0.05712,0.18844,0.18482,0.18405,343188,314858,11921
Mattel  Inc,0,3,3,,0.45978,Recreation,19.36,0.35451,MAT,C,19.5,MAT   210806C00019500,281783,8/6/2021 12:00:00 AM,34,0,0.7,0.8,0.32975,49.63859,5,3,0.95642,1.21413,563.9711,1.72741,-0.81247,1,18.66,22.36513,0.85577,0.03616,0.04502,-0.00723,-2.56989,0.46917,0.53097,0.23981,0.44905,0.47391,0.47694,0.05789,0.19277,0.18834,0.18757,338595,314338,16111
Mattel  Inc,0,3,3,,0.45978,Recreation,19.36,0.35451,MAT,C,20,MAT   210806C00020000,183489,8/6/2021 12:00:00 AM,113,0,0.5,0.6,0.17899,40.15409,5,3,0.84255,1.09246,681.3909,2.04355,-0.83951,1,18.86,28.28828,0.60479,0.02583,0.06045,-0.03306,-2.49516,0.47031,0.5341,0.25525,0.27624,0.37357,0.38824,0.04893,0.16694,0.15548,0.1547,332165,313709,18944
Stratasys Ltd,0,5,3,,0.56499,Electronics,20.43,0.60309,SSYS,C,21,SSYS  210806C00021000,111309,8/6/2021 12:00:00 AM,311,5,1,1.15,0.58737,46.62646,5,3,0.50648,0.68902,789.8989,1.10875,-0.65705,3,19.43,47.75153,1.17409,0.04895,0.0808,-0.0279,-4.14254,0.72781,0.816,0.48312,0.39574,0.43035,0.43781,0.09019,0.1721,0.28519,0.28441,337358,314514,120385
Stratasys Ltd,0,5,3,,0.56499,Electronics,20.43,0.60309,SSYS,C,21.5,SSYS  210806C00021500,364210,8/6/2021 12:00:00 AM,13,7,0.85,1,0.46061,41.32598,5,3,0.47282,0.6498,862.5119,1.1656,-0.66553,3,19.58,55.27418,0.99033,0.04161,0.09806,-0.05237,-4.17142,0.74924,0.83927,0.50871,0.31846,0.3743,0.3874,0.08579,0.14763,0.28261,0.28183,335347,314400,123042
Juniper Networks Inc,0.02923,5,3,,0.27664,Telecom. Equipment,27.29,0.2855,JNPR,C,27.5,JNPR  210806C00027500,284738,8/6/2021 12:00:00 AM,33,20,0.7,0.85,0.41186,47.58121,5,3,0.5639,0.85657,699.015,2.44197,-0.90215,3,26.55503,21.91397,0.62978,0.02693,0.0355,-0.0077,-2.80425,0.35305,0.41912,0.22575,0.43137,0.45599,0.46291,0.04095,0.1923,0.13416,0.13338,344516,314657,116147
Weyerhaeuser Company,0.0196,3,3,,0.37427,Paper/Forest Products,34.13,0.22924,WY,C,34.5,WY    210806C00034500,279510,8/6/2021 12:00:00 AM,35,3,0.7,0.8,0.28629,44.94868,5,3,0.9499,1.17611,603.2003,3.21392,-0.94901,1,33.40068,15.95367,0.49728,0.02137,0.03287,-0.01084,-2.92366,0.30514,0.34054,0.15649,0.37008,0.43247,0.43944,0.03111,0.18916,0.1092,0.10843,336727,314309,16259
Weyerhaeuser Company,0.0196,3,3,,0.37427,Paper/Forest Products,34.13,0.22924,WY,C,35,WY    210806C00035000,58418,8/6/2021 12:00:00 AM,852,3,0.5,0.6,0.16073,36.53058,5,3,0.82714,1.05335,748.274,3.94843,-0.96186,1,33.60068,19.34407,0.35877,0.01551,0.0416,-0.02549,-2.73876,0.30071,0.33794,0.16458,0.23181,0.34416,0.36057,0.02533,0.17451,0.08472,0.08395,329695,313585,19381
PulteGroup Inc,0.01121,3,3,,0.38298,Homebuilding,52.57,0.26689,PHM,C,53.5,PHM   210806C00053500,315804,8/6/2021 12:00:00 AM,23,0,1.25,1.4,0.44252,43.33618,5,3,1.03434,1.22137,600.1915,2.59441,-0.90544,1,51.29417,19.43464,0.56685,0.02427,0.04297,-0.01769,-5.43615,0.37678,0.41142,0.18521,0.3282,0.41345,0.42063,0.03854,0.18231,0.1312,0.13043,338943,314590,14426
Signet Jewelers Ltd,0.01012,4,3,,0.74506,Retail (Hardlines),67.08,0.47717,SIG,C,68,SIG   210806C00068000,519691,8/6/2021 12:00:00 AM,1,0,2.35,2.65,1.40916,47.29559,5,3,0.52318,0.68928,757.2747,1.72336,-0.80597,3,64.70024,31.55921,0.83832,0.03548,0.05096,-0.01371,-9.2146,0.49252,0.54623,0.32335,0.42219,0.44873,0.45375,0.05803,0.18629,0.18884,0.18806,321378,312977,72503
Cognizant Technology Solutions Corporation,0.01387,4,3,,0.29965,IT Service,68.11,0.26827,CTSH,C,68.5,CTSH  210806C00068500,345014,8/6/2021 12:00:00 AM,16,1,1.65,1.75,0.85855,48.18377,5,3,0.76816,0.86505,648.9254,2.91463,-0.93931,2,66.41859,17.44959,0.58024,0.02483,0.0313,-0.00573,-6.0177,0.32154,0.33916,0.18185,0.44214,0.4672,0.4689,0.03431,0.19427,0.12547,0.1247,333424,314552,56364
Consolidated Edison Inc,0.04277,5,4,,0.2314,Electric Utility (East),73.12,0.17049,ED,C,74,ED    210806C00074000,161345,8/6/2021 12:00:00 AM,150,14,0.65,0.8,0.35492,37.59706,5,3,0.43927,0.65441,975.8032,7.76884,-0.99877,3,72.33291,13.89043,0.24738,0.01076,0.02299,-0.01204,-3.50526,0.173,0.19886,0.1202,0.30187,0.35919,0.37686,0.01287,0.18796,0.04807,0.04729,335603,314263,125675
VF Corporation,0.02441,5,3,,0.34498,Apparel,80.26,0.30391,VFC,C,81,VFC   210806C00081000,122597,8/6/2021 12:00:00 AM,260,1,2.1,2.3,1.26196,46.85885,5,3,0.52523,0.65013,761.1332,2.5177,-0.90697,3,78.07412,23.62124,0.63734,0.02723,0.03741,-0.00922,-8.13038,0.3661,0.39608,0.24003,0.42525,0.45083,0.45453,0.03972,0.19078,0.13792,0.13715,335366,314571,118937
VF Corporation,0.02441,5,3,,0.34498,Apparel,80.26,0.30391,VFC,C,81.5,VFC   210806C00081500,406535,8/6/2021 12:00:00 AM,8,0,1.85,2.15,1.08547,43.84267,5,3,0.48132,0.66813,804.4299,2.66268,-0.91227,3,78.32412,25.27288,0.56265,0.02412,0.04048,-0.01545,-8.08223,0.35999,0.40539,0.24302,0.37938,0.41788,0.42697,0.03756,0.18455,0.12567,0.1249,336320,314432,122394
VF Corporation,0.02441,5,3,,0.34498,Apparel,80.26,0.30391,VFC,C,82.5,VFC   210806C00082500,320620,8/6/2021 12:00:00 AM,22,0,1.5,1.75,0.81961,37.95052,5,3,0.43579,0.59039,922.3727,3.01117,-0.92359,3,78.67412,29.09086,0.45888,0.01976,0.04856,-0.02791,-7.79589,0.3635,0.40264,0.25317,0.29984,0.35735,0.37069,0.03321,0.17209,0.10938,0.1086,332045,314244,125961
Yum Brands Inc,0.01708,4,3,,0.27831,Restaurant,120.38,0.21851,YUM,C,121,YUM   210806C00121000,342457,8/6/2021 12:00:00 AM,17,3,2.05,2.55,1.20395,47.30109,5,3,0.57187,0.90878,685.6935,4.01994,-0.98005,2,118.2399,14.45414,0.41229,0.01778,0.02331,-0.00515,-8.34545,0.23281,0.28271,0.14811,0.43456,0.45825,0.4656,0.02488,0.19485,0.08817,0.0874,335821,313542,68791
Yum Brands Inc,0.01708,4,3,,0.27831,Restaurant,120.38,0.21851,YUM,C,122,YUM   210806C00122000,279768,8/6/2021 12:00:00 AM,35,3,1.75,2.1,0.86463,41.47811,5,3,0.60736,0.84192,775.0659,4.5177,-0.98211,2,118.5399,16.4945,0.3536,0.01529,0.02916,-0.01346,-8.29157,0.24464,0.28034,0.1522,0.33774,0.39726,0.4101,0.02214,0.18654,0.07871,0.07793,332135,313813,66285
Starbucks Corporation,0.01628,3,4,,0.27143,Restaurant,122.64,0.21948,SBUX,C,123,SBUX  210806C00123000,112568,8/6/2021 12:00:00 AM,305,249,2.53,2.69,1.35051,49.11992,5,3,0.7778,0.88327,630.7873,3.62173,-0.97231,1,120.0225,13.97224,0.4968,0.02134,0.02477,-0.00294,-8.96666,0.26363,0.27927,0.14829,0.46319,0.47927,0.48043,0.02761,0.19706,0.10546,0.10468,316640,313049,21033
Procter and Gamble Co,0.02522,4,5,,0.2027,Household Products,137.78,0.16145,PG,C,138,PG    210806C00138000,139251,8/6/2021 12:00:00 AM,205,23,1.79,2.07,1.12662,48.6989,5,3,0.52976,0.7536,706.5792,5.99932,-0.99844,3,135.8377,10.35997,0.32549,0.0141,0.01589,-0.0016,-6.75057,0.16682,0.19123,0.10905,0.4664,0.47802,0.48083,0.01667,0.1984,0.06626,0.06548,326266,313075,71983
3M Company,0.02919,4,3,,0.2487,Diversified Co.,199.43,0.19298,MMM,C,200,MMM   210806C00200000,196833,8/6/2021 12:00:00 AM,96,62,3.6,3.8,1.8564,48.36158,5,3,0.80532,0.8971,631.632,4.24109,-0.98541,2,195.5748,12.4812,0.44856,0.01933,0.02257,-0.00286,-13.01613,0.23563,0.24761,0.13052,0.4511,0.47287,0.47418,0.02358,0.19714,0.09234,0.09157,335213,314638,54364
3M Company,0.02919,4,3,,0.2487,Diversified Co.,199.43,0.19298,MMM,C,202.5,MMM   210806C00202500,220646,8/6/2021 12:00:00 AM,71,5,2.58,2.86,1.06086,38.90657,5,3,0.71815,0.84563,796.3385,5.26179,-0.98899,2,196.5948,15.56638,0.32818,0.01422,0.02998,-0.01539,-12.62832,0.2364,0.25394,0.13759,0.29192,0.37493,0.38331,0.019,0.18461,0.07085,0.07008,332343,314381,59224
United Parcel Service,0.01929,3,4,,0.26626,Air Transport,213.28,0.25044,UPS,C,215,UPS   210806C00215000,126647,8/6/2021 12:00:00 AM,246,45,5.35,5.6,2.26985,47.10053,5,3,1.02033,1.10236,582.9567,2.75224,-0.92615,1,207.7496,16.76717,0.60625,0.02593,0.03485,-0.00806,-20.04989,0.3458,0.35984,0.17116,0.41057,0.45545,0.45718,0.03633,0.19194,0.13147,0.13069,332720,314559,14732
United Parcel Service,0.01929,3,4,,0.26626,Air Transport,213.28,0.25044,UPS,C,217.5,UPS   210806C00217500,128351,8/6/2021 12:00:00 AM,240,11,4.3,4.7,1.58079,41.03269,5,3,0.89227,1.01891,679.2589,3.09717,-0.93493,1,208.7997,19.86762,0.48868,0.02101,0.04162,-0.01979,-19.70719,0.34428,0.36732,0.18194,0.30286,0.39251,0.3991,0.03229,0.18021,0.11265,0.11187,327351,314040,17607
Invesco Mortgage Capital Inc,0.10811,3,3,,0.57234,R.E.I.T.,3.46,0.35833,IVR,C,3.5,IVR   210813C00003500,91923,8/13/2021 12:00:00 AM,432,79,0.15,0.18,0.05817,47.89047,5,3,1.10649,1.46465,448.1218,1.27587,-0.7086,1,3.28643,23.53421,0.82727,0.05017,0.06421,-0.01156,-0.42647,0.51373,0.60108,0.24388,0.38943,0.44697,0.45464,0.07838,0.18844,0.23118,0.23006,348164,314743,13007
Stratasys Ltd,0,5,3,,0.56499,Electronics,20.43,0.59992,SSYS,C,21,SSYS  210813C00021000,734428,8/13/2021 12:00:00 AM,0,0,1.2,1.35,0.73961,48.0408,5,3,0.4743,0.62806,676.9827,0.93322,-0.59857,3,19.23,45.92713,0.9903,0.05874,0.09204,-0.0279,-3.33051,0.7037,0.77709,0.47731,0.4128,0.44059,0.44617,0.10716,0.1721,0.34241,0.3413,334155,314409,122933
Juniper Networks Inc,0.02923,5,3,,0.27664,Telecom. Equipment,27.29,0.28747,JNPR,C,27.5,JNPR  210813C00027500,200007,8/13/2021 12:00:00 AM,92,0,0.8,0.95,0.51317,48.09659,5,3,0.46548,0.70802,626.3498,2.1151,-0.86751,3,26.43973,21.79943,0.50849,0.03116,0.03997,-0.0077,-2.19494,0.33237,0.38738,0.2268,0.44141,0.45994,0.46561,0.04728,0.1923,0.15355,0.15244,338324,314370,123585
Weyerhaeuser Company,0.0196,3,3,,0.37427,Paper/Forest Products,34.13,0.23506,WY,C,34.5,WY    210813C00034500,468123,8/13/2021 12:00:00 AM,3,0,0.8,0.95,0.38206,45.8848,5,3,0.77766,1.05397,533.6644,2.68593,-0.91878,1,33.28785,16.02311,0.40051,0.02467,0.03634,-0.01084,-2.33553,0.28423,0.32841,0.15989,0.39295,0.43928,0.44739,0.03723,0.18916,0.12503,0.12392,329734,313046,21038
American International Group Inc,0.02758,4,3,,0.37971,Financial Svcs. (Div.),47.55,0.30059,AIG,C,48,AIG   210813C00048000,202204,8/13/2021 12:00:00 AM,90,1,1.36,1.5,0.75446,47.14611,5,3,0.62869,0.77328,591.6694,2.24898,-0.88078,2,46.10736,19.98366,0.49484,0.03034,0.04092,-0.00946,-3.6875,0.33253,0.36205,0.20417,0.42233,0.45212,0.45601,0.04446,0.19054,0.15123,0.15011,327672,313958,64883
American International Group Inc,0.02758,4,3,,0.37971,Financial Svcs. (Div.),47.55,0.30059,AIG,C,49,AIG   210813C00049000,351405,8/13/2021 12:00:00 AM,15,0,0.96,1.1,0.46502,37.8066,5,3,0.52809,0.6713,726.9285,2.73444,-0.90425,3,46.50736,24.84972,0.35458,0.02193,0.05347,-0.03049,-3.48677,0.3297,0.3606,0.21576,0.28566,0.35552,0.36741,0.03657,0.16951,0.12022,0.11911,319924,313052,72108
Infinity Pharmaceuticals Inc,0,3,4,e,0.8489,Drug,2.53,0.83305,INFI,C,3,INFI  210820C00003000,21795,8/20/2021 12:00:00 AM,2778,398,0.35,0.4,0.0897,47.94617,5,3,1.1526,1.36313,491.0448,0.34677,-0.29846,1,2.18,79.23075,1.95336,0.13834,0.37615,-0.18577,-0.89789,1.76929,1.94233,0.82193,0.23671,0.36955,0.3808,0.28838,0.1,1.38485,1.3834,344779,314824,12235
Invesco Mortgage Capital Inc,0.10811,3,3,,0.57234,R.E.I.T.,3.46,0.37527,IVR,C,3.5,IVR   210820C00003500,8910,8/20/2021 12:00:00 AM,6276,116,0.17,0.19,0.07165,48.119,5,3,0.99111,1.19107,431.0017,1.15121,-0.67242,1,3.25926,24.52338,0.73678,0.05802,0.07272,-0.01156,-0.35877,0.50823,0.55927,0.25525,0.39796,0.44833,0.45302,0.08687,0.18844,0.26219,0.26074,337461,314458,15362
Spectrum Pharmaceuticals Inc,0,3,3,e,0.69667,Biotechnology,3.34,0.63606,SPPI,C,4,SPPI  210820C00004000,8632,8/20/2021 12:00:00 AM,6445,284,0.25,0.3,0.05679,38.42731,5,3,0.94139,1.15714,546.9494,0.52622,-0.40592,1,3.09,72.25784,0.98436,0.07485,0.2945,-0.1976,-0.79667,1.23028,1.367,0.63371,0.16243,0.30603,0.32405,0.19003,0.1,0.74996,0.7485,335738,314275,16452
BSQUARE Corporation,0,4,4,e^,0.71847,Computer Software/Svcs,3.01,0.69367,BSQR,C,5,BSQR  210820C00005000,17216,8/20/2021 12:00:00 AM,3497,593,0.2,0.25,0.04584,27.55295,5,3,0.55525,0.69645,838.838,0.40393,-0.33273,2,2.81,164.9915,0.86595,0.06645,0.77936,-0.66113,-0.96339,1.91265,2.0863,1.2298,0.0756,0.17804,0.19876,0.24757,0.1,0.66591,0.66445,321999,313371,70068
Sesen Bio Inc,0,4,4,e,0.90327,Biotechnology,4.05,0.99499,SESN,C,5,SESN  210820C00005000,8512,8/20/2021 12:00:00 AM,6506,332,0.5,0.55,0.18223,44.23275,5,3,0.71606,0.82292,643.7163,0.36926,-0.31167,2,3.55,105.4383,1.71362,0.12346,0.40845,-0.23457,-1.38627,1.75205,1.86115,1.02097,0.23732,0.33848,0.34746,0.27081,0.1,1.23602,1.23457,330998,314373,59353
RR Donnelley and Sons Company New,0,3,3,e,0.75954,Advertising,5.76,0.61159,RRD,C,6,RRD   210820C00006000,124868,8/20/2021 12:00:00 AM,252,11,0.4,0.5,0.18196,48.17981,5,3,0.79694,1.15795,478.4075,0.71697,-0.51044,1,5.36,40.39576,0.90796,0.06944,0.1194,-0.04167,-0.92429,0.75642,0.90839,0.42095,0.37213,0.42797,0.43992,0.13948,0.15833,0.44005,0.4386,335779,313291,20357
Chembio Diagnostics Inc,0,3,3,e,0.69399,Medical Supplies  (Noninvasive),4.38,0.5374,CEMI,C,7.5,CEMI  210820C00007500,10437,8/20/2021 12:00:00 AM,5502,13322,0.35,0.4,0.01793,29.18361,5,3,1.14668,1.26422,622.3058,0.37151,-0.30974,1,4.03,129.3776,1.05666,0.07991,0.86104,-0.71233,-1.5677,2.11781,2.23377,0.98655,0.02895,0.18849,0.20113,0.26917,0.1,0.80054,0.79909,340838,314814,12336
Mesoblast Limited,0,5,5,,0.76691,Biotechnology,7.18,0.70857,MESO,C,7.5,MESO  210820C00007500,49165,8/20/2021 12:00:00 AM,1074,649,0.4,0.5,0.2736,45.74892,5,3,0.32013,0.57059,658.6199,0.87872,-0.57619,3,6.78,49.11732,0.7178,0.05571,0.10619,-0.04457,-0.9754,0.64541,0.76786,0.4889,0.38182,0.4099,0.42408,0.1138,0.15543,0.35988,0.35842,330825,313522,135975
Alpha Pro Tech Ltd,0,5,5,e,0.72478,Apparel,9.16,0.56498,APT,C,10,APT   210820C00010000,27778,8/20/2021 12:00:00 AM,2136,964,0.72,0.82,0.16122,44.44361,5,3,1.35525,1.58393,411.7341,0.60449,-0.45004,3,8.44,43.38337,1.03791,0.0786,0.18483,-0.0917,-1.81669,0.99316,1.08959,0.42168,0.2377,0.38093,0.39119,0.16543,0.1083,0.72726,0.72581,359613,315289,75727
Atreca Inc,0,4,5,e,0.98368,Biotechnology,8.08,0.91512,BCEL,C,10,BCEL  210820C00010000,27618,8/20/2021 12:00:00 AM,2150,67,1.25,1.45,0.31414,48.4992,5,3,1.1122,1.33711,516.3564,0.30765,-0.27143,2,6.83,91.84595,2.2267,0.1547,0.46413,-0.23762,-3.30992,2.03411,2.25071,0.96303,0.22157,0.35827,0.3714,0.32505,0.1,1.54848,1.54703,351518,315069,41561
Alpha Pro Tech Ltd,0,5,5,e,0.72478,Apparel,9.16,0.56498,APT,C,10.5,APT   210820C00010500,188077,8/20/2021 12:00:00 AM,107,343,0.6,0.65,0.11565,38.20997,5,3,1.13247,1.23674,496.9749,0.65194,-0.46807,3,8.56,54.83522,0.8528,0.0655,0.22664,-0.14629,-1.76152,1.02192,1.07189,0.47922,0.16276,0.32238,0.33013,0.15339,0.1,0.65648,0.65502,354600,315220,83733
Tencent Music Entertainment Group,0,3,4,,0.49333,Internet,11.61,0.43405,TME,C,12,TME   210820C00012000,18051,8/20/2021 12:00:00 AM,3336,555,0.55,0.58,0.24767,45.0928,5,3,0.77232,0.84765,517.2761,1.17652,-0.67414,1,11.06,30.69414,0.60503,0.04737,0.08499,-0.03359,-1.22269,0.53501,0.55775,0.30187,0.35757,0.41843,0.42171,0.085,0.16641,0.28613,0.28468,313137,312964,21209
Atreca Inc,0,4,5,e,0.98368,Biotechnology,8.08,0.91512,BCEL,C,12.5,BCEL  210820C00012500,57909,8/20/2021 12:00:00 AM,863,96,0.85,1,0.12707,35.97295,5,3,0.92564,1.08101,647.534,0.3375,-0.28988,2,7.23,132.1673,1.43038,0.1052,0.72891,-0.54703,-3.23421,2.14649,2.31968,1.11469,0.08678,0.23988,0.25658,0.29629,0.1,1.05343,1.05198,343562,314861,48635
OraSure Technologies Inc,0,4,5,e,0.58344,Medical Supplies  (Noninvasive),11.17,0.56027,OSUR,C,12.5,OSUR  210820C00012500,57294,8/20/2021 12:00:00 AM,877,260,0.6,0.65,0.19201,37.29626,5,3,0.76086,0.84699,592.9086,0.80234,-0.53363,2,10.57,55.65654,0.69063,0.05372,0.18259,-0.11907,-1.76405,0.844,0.88528,0.47931,0.20952,0.32315,0.33087,0.12464,0.1,0.53861,0.53715,332425,314528,56772
Travere Therapeutics Inc,0,5,5,e,0.49106,Biotechnology,13.01,0.53787,TVTX,C,15,TVTX  210820C00015000,148858,8/20/2021 12:00:00 AM,179,199,1.5,1.7,0.26251,46.25038,5,3,1.53413,1.76451,406.8626,0.41035,-0.33972,2,11.51,58.31136,1.58558,0.1153,0.30321,-0.15296,-3.85348,1.48457,1.61953,0.58583,0.20079,0.37032,0.38079,0.2437,0.1,1.15441,1.15296,361361,315318,70351
Macerich Co,0.03995,5,3,,0.55298,R.E.I.T.,16.57,0.37856,MAC,C,17,MAC   210820C00017000,25516,8/20/2021 12:00:00 AM,2347,350,0.7,0.8,0.30163,45.29238,5,3,0.83085,1.03587,479.9145,1.28666,-0.70584,3,15.81559,26.35388,0.5766,0.04553,0.07449,-0.02595,-1.61011,0.47626,0.52959,0.26013,0.35642,0.42034,0.42827,0.07772,0.17405,0.24417,0.24272,350181,315048,98704
Macys Inc,0,4,3,,0.58714,Retail Store,16.91,0.48063,M,C,17.5,M     210820C00017500,92795,8/20/2021 12:00:00 AM,425,184,0.92,0.96,0.50372,46.0342,5,3,0.57025,0.62464,585.4901,1.02388,-0.62737,2,15.99,38.26974,0.70002,0.05441,0.09443,-0.03489,-1.99529,0.60131,0.62214,0.38294,0.38242,0.42446,0.42696,0.09767,0.16511,0.33097,0.32951,315788,313527,68923
Stratasys Ltd,0,5,3,,0.56499,Electronics,20.43,0.5974,SSYS,C,21,SSYS  210820C00021000,222255,8/20/2021 12:00:00 AM,69,4,1.35,1.5,0.8711,48.96882,5,3,0.43426,0.56975,612.3101,0.83539,-0.56105,3,19.08,44.75245,0.86085,0.06608,0.10063,-0.0279,-2.81073,0.67921,0.74337,0.47356,0.42388,0.44676,0.45133,0.11971,0.1721,0.38541,0.38396,330762,314237,126080
Tupperware Brands,0,4,3,e,0.748,Household Products,20.67,0.61902,TUP,C,22,TUP   210820C00022000,101054,8/20/2021 12:00:00 AM,369,144,1.25,1.45,0.54219,43.8798,5,3,0.71195,0.90718,544.3713,0.80018,-0.54069,2,19.42,45.56752,0.78313,0.06047,0.13285,-0.06434,-3.12678,0.75062,0.83622,0.43846,0.31401,0.38858,0.39973,0.12497,0.13566,0.44725,0.44579,335740,314358,59582
Liquidity Services Inc,0,3,3,e,0.57074,Internet,20.96,0.58624,LQDT,C,22.5,LQDT  210820C00022500,316427,8/20/2021 12:00:00 AM,23,50,1.3,1.5,0.49822,43.22445,5,3,0.80269,0.99543,525.6257,0.76636,-0.52554,1,19.66,46.19953,0.80451,0.06202,0.14446,-0.07347,-3.323,0.79212,0.87681,0.43941,0.29073,0.37988,0.39117,0.13049,0.12653,0.49165,0.4902,325635,313349,20169
CenterPoint Energy Inc,0.02624,4,3,,0.31388,Electric Util. (Central),25.05,0.20447,CNP,C,25.5,CNP   210820C00025500,81184,8/20/2021 12:00:00 AM,527,1,0.45,0.55,0.21675,41.00357,5,3,0.60907,0.86288,560.0085,3.32574,-0.94672,2,24.54597,15.4658,0.2488,0.02012,0.03874,-0.01796,-1.19077,0.22778,0.26371,0.14156,0.32419,0.38844,0.40331,0.03007,0.18204,0.10014,0.09868,333302,313826,66183
Juniper Networks Inc,0.02923,5,3,,0.27664,Telecom. Equipment,27.29,0.28851,JNPR,C,27.5,JNPR  210820C00027500,287338,8/20/2021 12:00:00 AM,32,12,0.95,1.1,0.59929,48.79398,5,3,0.4965,0.7086,541.9644,1.75861,-0.81593,3,26.27444,21.55868,0.46804,0.03721,0.04644,-0.0077,-1.95391,0.34023,0.38845,0.22735,0.44743,0.46482,0.46918,0.05686,0.1923,0.18248,0.18102,338353,314480,121171
CarGurus Inc,0,4,4,e,0.51353,Internet,28.29,0.50792,CARG,C,29,CARG  210820C00029000,26856,8/20/2021 12:00:00 AM,2215,879,1.65,1.9,0.8358,48.5859,5,3,0.72777,0.95011,496.2209,0.93849,-0.60159,2,26.64,33.13163,0.75357,0.05832,0.08859,-0.0251,-3.50675,0.60123,0.6786,0.34798,0.40754,0.44616,0.45227,0.10655,0.1749,0.33492,0.33347,337898,314422,58611
CarGurus Inc,0,4,4,e,0.51353,Internet,28.29,0.50792,CARG,C,30,CARG  210820C00030000,69431,8/20/2021 12:00:00 AM,667,606,1.25,1.4,0.58683,40.70059,5,3,0.58291,0.71,604.7457,1.09942,-0.64402,2,27.04,41.13842,0.56244,0.04419,0.10947,-0.06045,-3.28482,0.59299,0.6406,0.37462,0.29705,0.36819,0.37766,0.09096,0.13955,0.31807,0.31662,323027,313636,67979
PetMed Express Inc,0.04021,4,3,,0.56625,Internet,28.39,0.43429,PETS,C,30,PETS  210820C00030000,35122,8/20/2021 12:00:00 AM,1633,69,1.1,1.25,0.42199,39.41245,5,3,0.72552,0.87797,557.8406,1.23056,-0.6801,2,27.19617,35.37864,0.53062,0.04205,0.10261,-0.05671,-3.01402,0.54409,0.59216,0.31532,0.26413,0.35737,0.3685,0.08126,0.14329,0.27186,0.2704,334151,314413,58754
American International Group Inc,0.02758,4,3,,0.37971,Financial Svcs. (Div.),47.55,0.29958,AIG,C,48,AIG   210820C00048000,338850,8/20/2021 12:00:00 AM,18,28,1.48,1.57,0.8812,47.43052,5,3,0.54596,0.62781,554.2141,2.0841,-0.86153,2,45.96221,19.7817,0.41843,0.03339,0.04416,-0.00946,-3.01842,0.31414,0.33077,0.2032,0.43029,0.45478,0.45704,0.04798,0.19054,0.16481,0.16336,316112,313275,70761
AMC Networks Inc,0,3,3,,0.45183,Entertainment,53.43,0.48851,AMCX,C,55,AMCX  210820C00055000,188207,8/20/2021 12:00:00 AM,106,4,3.5,4.1,1.43675,48.91303,5,3,1.00561,1.29566,429.1056,0.81487,-0.55312,1,49.93,32.0495,0.85286,0.06551,0.10154,-0.02938,-7.52599,0.67944,0.7777,0.33877,0.38851,0.44385,0.45091,0.12272,0.17062,0.3854,0.38394,342136,314511,15032
AMC Networks Inc,0,3,3,,0.45183,Entertainment,53.43,0.48851,AMCX,C,57.5,AMCX  210820C00057500,269047,8/20/2021 12:00:00 AM,40,1,2.7,3,0.98129,40.36452,5,3,0.7788,0.90788,549.959,0.92929,-0.58641,1,50.73,43.27658,0.64755,0.05053,0.13345,-0.07617,-7.23221,0.69706,0.74764,0.39187,0.26092,0.3594,0.36854,0.10761,0.12383,0.40956,0.4081,318762,313065,20994
eHealth Inc,0,5,5,e,0.62498,Internet,58.31,0.62501,EHTH,C,60,EHTH  210820C00060000,160622,8/20/2021 12:00:00 AM,152,3,2.95,3.2,2.15819,46.57607,5,3,0.27982,0.36779,696.9783,1.10507,-0.65518,3,55.36,42.30681,0.64833,0.05059,0.08382,-0.02898,-6.3859,0.54729,0.58491,0.42763,0.41248,0.4314,0.43577,0.09049,0.17102,0.29728,0.29583,315143,313076,139689
Compass Minerals International Inc,0.04209,4,3,,0.36263,Chemical (Basic),67.5,0.32904,CMP,C,70,CMP   210820C00070000,138767,8/20/2021 12:00:00 AM,206,11,1.95,2.15,0.85613,39.35878,5,3,0.63758,0.74948,585.7411,1.82376,-0.80485,2,65.31649,27.02577,0.40403,0.03235,0.07135,-0.03704,-5.1749,0.3941,0.42103,0.24066,0.28905,0.36707,0.37528,0.05483,0.16296,0.17873,0.17727,325934,314007,64255
Ormat Technologies Inc,0.00715,4,5,,0.33163,Power,68.12,0.30154,ORA,C,70,ORA   210820C00070000,194177,8/20/2021 12:00:00 AM,100,0,2.15,2.55,1.15162,43.23059,5,3,0.54309,0.75688,569.9871,1.72454,-0.79712,2,65.92997,25.66398,0.40367,0.03215,0.06168,-0.0276,-5.28621,0.3767,0.42889,0.24412,0.35323,0.40359,0.41513,0.05799,0.1724,0.18453,0.18307,326502,313226,70987
Consolidated Edison Inc,0.04277,5,4,,0.2314,Electric Utility (East),73.12,0.17358,ED,C,73.5,ED    210820C00073500,230126,8/20/2021 12:00:00 AM,63,0,1.1,1.3,0.74423,45.18763,5,3,0.36699,0.57197,619.0096,4.67902,-0.98842,3,71.76296,11.97346,0.2286,0.01856,0.02407,-0.0052,-2.55231,0.16125,0.18543,0.11796,0.41519,0.43774,0.44581,0.02137,0.1948,0.07868,0.07723,330919,313876,131752
Consolidated Edison Inc,0.04277,5,4,,0.2314,Electric Utility (East),73.12,0.17358,ED,C,74,ED    210820C00074000,489468,8/20/2021 12:00:00 AM,2,1,0.9,1.1,0.57768,39.86361,5,3,0.33929,0.54595,705.327,5.33944,-0.99057,3,71.96296,13.40151,0.19439,0.01582,0.02816,-0.01204,-2.47723,0.16117,0.18604,0.12034,0.3422,0.38075,0.3963,0.01873,0.18796,0.06694,0.06548,329184,313688,134178
Consolidated Edison Inc,0.04277,5,4,,0.2314,Electric Utility (East),73.12,0.17358,ED,C,74.5,ED    210820C00074500,449948,8/20/2021 12:00:00 AM,4,0,0.75,0.9,0.45444,34.7646,5,3,0.32112,0.47782,817.5254,6.11714,-0.99235,3,72.11296,15.00293,0.16886,0.01377,0.03295,-0.01887,-2.36244,0.16407,0.18353,0.12419,0.27994,0.3295,0.3466,0.01635,0.18113,0.05808,0.05663,324367,313535,135888
Tech Target Inc,0,4,3,e,0.42501,Internet,73.1,0.43337,TTGT,C,75,TTGT  210820C00075000,281054,8/20/2021 12:00:00 AM,34,0,3.1,3.5,1.73847,45.91275,5,3,0.55193,0.71243,563.0092,1.31561,-0.71454,2,70,29.99939,0.53881,0.04241,0.07143,-0.02599,-6.9229,0.46482,0.51289,0.29951,0.38901,0.42793,0.43462,0.07601,0.17401,0.24517,0.24371,323226,313340,70308
Diamondback Energy Inc,0.01892,4,3,,0.55743,Petroleum (Producing),78.78,0.49341,FANG,C,80,FANG  210820C00080000,30440,8/20/2021 12:00:00 AM,1933,357,4.1,4.4,2.46041,49.02593,5,3,0.54586,0.64545,558.8809,1.13434,-0.66855,2,74.55749,31.60298,0.68688,0.0536,0.07279,-0.01549,-8.18634,0.51754,0.55088,0.33479,0.43599,0.45849,0.46099,0.08816,0.18451,0.28351,0.28206,317645,313274,70769
CH Robinson Worldwide Inc,0.02198,5,3,,0.25306,Industrial Services,91.8,0.2488,CHRW,C,92.5,CHRW  210820C00092500,79742,8/20/2021 12:00:00 AM,542,49,2.5,2.7,1.43728,47.6631,5,3,0.60246,0.71571,525.4991,2.45341,-0.90302,3,89.13416,16.38823,0.36259,0.02904,0.03764,-0.00763,-5.09987,0.27096,0.29011,0.16909,0.43488,0.45925,0.46193,0.04076,0.19237,0.14302,0.14156,338661,314729,113274
CH Robinson Worldwide Inc,0.02198,5,3,,0.25306,Industrial Services,91.8,0.2488,CHRW,C,95,CHRW  210820C00095000,61092,8/20/2021 12:00:00 AM,802,0,1.5,1.65,0.81985,34.32811,5,3,0.38495,0.46627,764.1285,3.37708,-0.93575,3,90.13416,23.27095,0.22408,0.01815,0.05386,-0.03486,-4.54524,0.26501,0.28057,0.19135,0.26402,0.32433,0.33347,0.02961,0.16514,0.1004,0.09894,323513,313995,130273
Simon Property Group Inc,0.04394,4,3,,0.45611,R.E.I.T.,124.96,0.2895,SPG,C,130,SPG   210820C00130000,20578,8/20/2021 12:00:00 AM,2950,403,2.68,2.79,1.07952,35.22333,5,3,0.61702,0.65705,645.4613,2.48131,-0.87691,2,121.8287,24.90063,0.3106,0.02506,0.06675,-0.04033,-7.73203,0.33566,0.34397,0.20758,0.24176,0.3324,0.33621,0.0403,0.15967,0.13578,0.13432,318660,313877,65656
CMC Materials Inc,0.01277,4,3,,0.4448,Chemical (Specialty),140.05,0.33332,CCMP,C,145,CCMP  210820C00145000,408123,8/20/2021 12:00:00 AM,7,3,4.1,5,1.8673,40.85794,5,3,0.63256,0.87836,553.4743,1.74793,-0.79624,2,135.803,25.73227,0.37969,0.03032,0.06762,-0.03534,-10.97563,0.38357,0.44132,0.23495,0.30515,0.37745,0.39307,0.05721,0.16466,0.17925,0.1778,334171,313979,64607
Kinsale Capital Group Inc,0.00261,5,5,,0.3793,Insurance (Prop/Cas.),163.68,0.34978,KNSL,C,165,KNSL  210820C00165000,422544,8/20/2021 12:00:00 AM,6,1,6.3,7.8,3.90589,49.97812,5,3,0.54133,0.88002,503.4107,1.52483,-0.77375,3,157.3449,21.91051,0.48965,0.0387,0.04863,-0.00806,-12.98713,0.36457,0.44468,0.23653,0.46011,0.47409,0.47876,0.06558,0.19194,0.20199,0.20053,345361,314611,117775
Home Depot Inc,0.02162,4,5,,0.25913,Retail Building Supply,326.69,0.18861,HD,C,327.5,HD    210820C00327500,168323,8/20/2021 12:00:00 AM,137,45,7.35,7.65,4.31296,49.38779,5,3,0.6401,0.70308,503.0453,3.30499,-0.96145,2,318.7595,11.93511,0.30165,0.02428,0.02733,-0.00248,-13.9988,0.20885,0.21687,0.12734,0.46945,0.48136,0.48205,0.03026,0.19752,0.11536,0.1139,322505,314021,64088
Home Depot Inc,0.02162,4,5,,0.25913,Retail Building Supply,326.69,0.18861,HD,C,330,HD    210820C00330000,25664,8/20/2021 12:00:00 AM,2331,133,6.15,6.45,3.31335,44.34266,5,3,0.60227,0.66563,563.1038,3.75372,-0.96869,2,319.9595,13.27325,0.25505,0.0206,0.03129,-0.01013,-13.64247,0.20634,0.2145,0.12878,0.38906,0.4302,0.43283,0.02664,0.18987,0.1006,0.09915,319442,313775,66643
Home Depot Inc,0.02162,4,5,,0.25913,Retail Building Supply,326.69,0.18861,HD,C,332.5,HD    210820C00332500,196020,8/20/2021 12:00:00 AM,97,7,5.15,5.35,2.55748,39.35227,5,3,0.56159,0.60384,639.9803,4.26813,-0.97442,2,320.9595,14.80703,0.21649,0.01754,0.03586,-0.01778,-13.12571,0.20588,0.21145,0.13184,0.31743,0.38052,0.38357,0.02343,0.18222,0.08797,0.08651,313769,313439,69604
Boston Beer Company Inc,0,3,3,,0.41129,Beverage,955.28,0.3726,SAM,C,970,SAM   210820C00970000,124925,8/20/2021 12:00:00 AM,252,169,46.5,51.3,21.73245,49.04925,5,3,0.89771,1.07108,446.7805,1.2114,-0.69204,1,908.78,23.91855,0.62254,0.04868,0.06737,-0.01541,-93.61223,0.48107,0.52502,0.2535,0.4245,0.46004,0.46338,0.08255,0.18459,0.26516,0.2637,330861,314067,17469
Boston Beer Company Inc,0,3,3,,0.41129,Beverage,955.28,0.3726,SAM,C,980,SAM   210820C00980000,212553,8/20/2021 12:00:00 AM,78,36,42.5,47.1,18.3639,46.2335,5,3,0.87207,1.03599,469.5501,1.265,-0.70155,1,912.78,25.6755,0.56649,0.04449,0.07364,-0.02588,-93.27139,0.48275,0.52502,0.25787,0.37225,0.4309,0.43641,0.07905,0.17412,0.25696,0.25551,328514,313911,18113
Boston Beer Company Inc,0,3,3,,0.41129,Beverage,955.28,0.3726,SAM,C,990,SAM   210820C00990000,257293,8/20/2021 12:00:00 AM,46,26,39.6,43.6,15.69978,43.61258,5,3,0.86011,1.0003,491.2852,1.30024,-0.70584,1,915.68,27.61835,0.52617,0.04145,0.08116,-0.03635,-93.58882,0.49198,0.52906,0.26449,0.32577,0.40408,0.41069,0.07691,0.16365,0.25476,0.2533,326008,313834,18466
Boston Beer Company Inc,0,3,3,,0.41129,Beverage,955.28,0.3726,SAM,C,1000,SAM   210820C01000000,184951,8/20/2021 12:00:00 AM,111,142,36.4,40.2,13.64213,41.02094,5,3,0.81516,0.9458,520.8878,1.34605,-0.71257,1,918.88,29.84668,0.48196,0.0381,0.08828,-0.04681,-92.91046,0.49603,0.53173,0.27327,0.2859,0.37771,0.38569,0.07429,0.15319,0.2502,0.24874,321947,313474,19778
Stratasys Ltd,0,5,3,,0.56499,Electronics,20.43,0.59537,SSYS,C,21,SSYS  210827C00021000,634430,8/27/2021 12:00:00 AM,0,0,1.5,1.6,0.98863,49.67877,5,3,0.41926,0.50108,567.8033,0.76925,-0.53305,3,18.93,43.88011,0.78169,0.07342,0.10935,-0.0279,-2.45272,0.6683,0.70683,0.47088,0.43188,0.45189,0.4545,0.13,0.1721,0.42842,0.42662,326069,314176,127321
Consolidated Edison Inc,0.04277,5,4,,0.2314,Electric Utility (East),73.12,0.17477,ED,C,74,ED    210827C00074000,309146,8/27/2021 12:00:00 AM,25,0,1.05,1.25,0.67188,40.78586,5,3,0.35448,0.53835,615.7942,4.52677,-0.98142,3,71.75298,13.23984,0.18649,0.0187,0.03112,-0.01204,-2.27155,0.16354,0.18574,0.12074,0.35297,0.39029,0.40312,0.02209,0.18796,0.07819,0.0764,328686,313795,132847
Ardelyx Inc,0,3,3,e,0.70377,Biotechnology,1.77,0.74432,ARDX,C,2.5,ARDX  210917C00002500,23026,9/17/2021 12:00:00 AM,2624,480,0.25,0.3,0.06853,43.64908,5,3,0.7962,0.99532,469.1593,0.29703,-0.26354,1,1.52,94.32414,1.03505,0.14124,0.64474,-0.41243,-0.41294,1.62357,1.80355,0.90389,0.17092,0.29833,0.3169,0.33667,0.1,1.41524,1.41243,325625,313282,20388
Orbital Energy Group Inc,0,4,4,e,0.88392,Electrical Equipment,3.69,0.73831,OEG,C,5,OEG   210917C00005000,121251,9/17/2021 12:00:00 AM,266,361,0.3,0.35,0.10374,34.82518,5,3,0.54375,0.66672,546.8299,0.43739,-0.3526,2,3.39,90.2273,0.55691,0.0813,0.47493,-0.35501,-0.56726,1.15406,1.24599,0.74757,0.15623,0.25646,0.27225,0.22863,0.1,0.81582,0.81301,319533,313233,70931
Alpha Pro Tech Ltd,0,5,5,e,0.72478,Apparel,9.16,0.58054,APT,C,10,APT   210917C00010000,63610,9/17/2021 12:00:00 AM,758,119,0.88,1.08,0.30253,47.54153,5,3,0.992,1.32558,338.2785,0.49297,-0.39251,3,8.28,40.08119,0.66883,0.09607,0.20773,-0.0917,-1.13276,0.82188,0.95951,0.41259,0.3028,0.39773,0.41214,0.20285,0.1083,0.88991,0.8871,356198,315158,90057
BeyondSpring Inc,0,4,4,e,0.73546,Drug,9.98,0.79053,BYSI,C,12.5,BYSI  210917C00012500,346227,9/17/2021 12:00:00 AM,16,0,1.3,1.5,0.56677,45.10889,5,3,0.57665,0.72734,500.8043,0.34509,-0.29649,2,8.68,85.69315,0.94252,0.13026,0.44009,-0.25251,-1.90615,1.32915,1.45618,0.84302,0.25411,0.33738,0.35085,0.28978,0.1,1.30542,1.30261,324338,313580,68442
Apollo Investment Corporation,0.09032,5,3,,0.36652,Public / Private Equity,13.77,0.27027,AINV,C,14,AINV  210917C00014000,35848,9/17/2021 12:00:00 AM,1592,23,0.35,0.4,0.24361,40.81068,5,3,0.27564,0.4033,520.5353,2.15882,-0.85537,3,13.22237,20.44333,0.25445,0.03977,0.05757,-0.0167,-0.48409,0.23792,0.26173,0.18651,0.35271,0.38349,0.39382,0.04632,0.1833,0.14148,0.13867,318329,313016,140092
Macerich Co,0.03995,5,3,,0.55298,R.E.I.T.,16.57,0.42211,MAC,C,17,MAC   210917C00017000,17963,9/17/2021 12:00:00 AM,3352,52,1.1,1.15,0.54538,48.34821,5,3,0.74104,0.80757,375.3039,0.84462,-0.56355,3,15.36481,27.53232,0.48742,0.07273,0.10525,-0.02595,-1.19232,0.50114,0.52029,0.28784,0.39971,0.44198,0.4441,0.1184,0.17405,0.38423,0.38141,342622,314948,104092
Macerich Co,0.03995,5,3,,0.55298,R.E.I.T.,16.57,0.42211,MAC,C,18,MAC   210917C00018000,23413,9/17/2021 12:00:00 AM,2571,9,0.7,0.8,0.30765,36.949,5,3,0.53989,0.66937,470.8996,1.01868,-0.61287,3,15.76481,36.39561,0.31753,0.04859,0.14056,-0.0863,-1.10074,0.48,0.52036,0.31171,0.24364,0.32596,0.33867,0.09817,0.1137,0.37436,0.37155,336397,314605,117882
Macerich Co,0.03995,5,3,,0.55298,R.E.I.T.,16.57,0.42211,MAC,C,19,MAC   210917C00019000,26836,9/17/2021 12:00:00 AM,2217,0,0.5,0.55,0.21137,27.91777,5,3,0.41058,0.47438,586.1989,1.14438,-0.63818,3,15.96481,47.40875,0.23575,0.03652,0.18868,-0.14665,-1.00034,0.50098,0.52364,0.35516,0.16071,0.24105,0.25063,0.08738,0.1,0.30456,0.30175,324123,314139,128071
PetMed Express Inc,0.04021,4,3,,0.56625,Internet,28.39,0.46577,PETS,C,30,PETS  210917C00030000,81709,9/17/2021 12:00:00 AM,522,13,1.6,1.8,0.80916,43.25028,5,3,0.55977,0.69798,434.5769,0.86697,-0.56657,2,26.6086,34.40715,0.41606,0.06275,0.12621,-0.05671,-2.09678,0.51067,0.55592,0.3274,0.32633,0.38647,0.39548,0.11534,0.14329,0.39613,0.39331,322119,313420,69724
Signet Jewelers Ltd,0.01012,4,3,,0.74506,Retail (Hardlines),67.08,0.57394,SIG,C,70,SIG   210917C00070000,499162,9/17/2021 12:00:00 AM,2,0,5.3,6,2.99008,48.6708,5,3,0.55733,0.72515,416.7371,0.66485,-0.48374,2,61.67213,37.24694,0.54999,0.08062,0.13466,-0.04353,-6.04171,0.61024,0.676,0.39185,0.39548,0.43242,0.43894,0.15041,0.15647,0.50777,0.50495,324165,313396,69917
CH Robinson Worldwide Inc,0.02198,5,3,,0.25306,Industrial Services,91.8,0.24956,CHRW,C,92.5,CHRW  210917C00092500,206382,9/17/2021 12:00:00 AM,85,30,3.1,3.3,2.10754,48.55225,5,3,0.40426,0.48595,431.976,1.91874,-0.841,3,88.37937,16.106,0.24192,0.03726,0.04633,-0.00763,-3.27236,0.23739,0.2512,0.16905,0.45113,0.46515,0.46706,0.05212,0.19237,0.17835,0.17554,324962,314107,128591
Simon Property Group Inc,0.04394,4,3,,0.45611,R.E.I.T.,124.96,0.2962,SPG,C,130,SPG   210917C00130000,49387,9/17/2021 12:00:00 AM,1068,107,4.15,4.45,1.97451,39.62671,5,3,0.57044,0.64639,443.5492,1.55728,-0.75712,2,119.9375,23.14086,0.26012,0.04019,0.08305,-0.04033,-5.72689,0.32505,0.34077,0.20698,0.29814,0.36793,0.37381,0.06421,0.15967,0.21081,0.208,317726,313530,68899
CMC Materials Inc,0.01277,4,3,,0.4448,Chemical (Specialty),140.05,0.34468,CCMP,C,145,CCMP  210917C00145000,522351,9/17/2021 12:00:00 AM,1,0,6.3,7.3,3.3025,44.66895,5,3,0.58181,0.77268,403.9329,1.16417,-0.67026,2,133.4658,24.36718,0.30919,0.04701,0.08614,-0.03534,-7.85953,0.37617,0.42156,0.23781,0.36012,0.41044,0.41995,0.0859,0.16466,0.27601,0.2732,327638,313623,68061
Ardelyx Inc,0,3,3,e,0.70377,Biotechnology,1.77,0.7479,ARDX,C,2.5,ARDX  211015C00002500,36052,10/15/2021 12:00:00 AM,1582,390,0.3,0.35,0.08793,46.97039,5,3,0.81758,0.99749,384.6632,0.26842,-0.2421,1,1.47,79.91366,0.86616,0.16949,0.70068,-0.41243,-0.3109,1.47907,1.62548,0.81376,0.19389,0.31734,0.33274,0.37255,0.1,1.69909,1.69492,325791,313497,19701
Sirius XM Holdings Inc,0.00923,3,3,,0.28854,Entertainment,6.46,0.24954,SIRI,C,7,SIRI  211015C00007000,11533,10/15/2021 12:00:00 AM,5071,544,0.25,0.3,0.07782,37.02162,5,3,0.79268,1.00339,324.6084,1.10676,-0.64124,1,6.19595,23.39064,0.18009,0.04087,0.12939,-0.08359,-0.27232,0.35954,0.4018,0.20056,0.21066,0.32687,0.34407,0.09035,0.11641,0.33662,0.33245,326248,313219,20528
OraSure Technologies Inc,0,4,5,e,0.58344,Medical Supplies  (Noninvasive),11.17,0.56992,OSUR,C,12.5,OSUR  211015C00012500,102239,10/15/2021 12:00:00 AM,361,2,1.05,1.15,0.4499,44.91363,5,3,0.68823,0.79944,353.1248,0.51089,-0.39884,2,10.12,42.76539,0.44036,0.094,0.23518,-0.11907,-0.93087,0.70774,0.75436,0.41922,0.29724,0.37626,0.38368,0.19574,0.1,0.94419,0.94002,329396,314256,60959
Meridian Bioscience Inc,0,4,3,,0.49897,Medical Supplies  (Noninvasive),18.93,0.44967,VIVO,C,20,VIVO  211015C00020000,121747,10/15/2021 12:00:00 AM,264,9,1.8,2.15,0.74295,49.88161,5,3,0.9347,1.24122,274.7138,0.53497,-0.4171,2,17.13,28.92295,0.44597,0.09509,0.16754,-0.05652,-1.42295,0.60291,0.69843,0.31163,0.36846,0.43108,0.44043,0.18693,0.14348,0.66691,0.66274,348961,314868,48219
ChemoCentryx Inc,0,5,5,e,0.65748,Biotechnology,15.03,0.69685,CCXI,C,22.5,CCXI  211015C00022500,131793,10/15/2021 12:00:00 AM,228,1,2.6,2.75,0.72784,45.16236,5,3,0.79739,0.85634,412.8228,0.26743,-0.23925,3,12.43,89.35996,0.88776,0.17299,0.81014,-0.49701,-2.72016,1.58161,1.63349,0.87995,0.17494,0.30149,0.30728,0.37393,0.1,1.73404,1.72987,344505,315014,100674
ChemoCentryx Inc,0,5,5,e,0.65748,Biotechnology,15.03,0.69685,CCXI,C,25,CCXI  211015C00025000,57312,10/15/2021 12:00:00 AM,877,110,2.15,2.3,0.82502,39.54889,5,3,0.48989,0.54065,519.8411,0.2833,-0.25023,3,12.88,117.8002,0.70846,0.14305,0.94099,-0.66334,-2.62308,1.5678,1.62121,1.05229,0.16158,0.25362,0.26067,0.35298,0.1,1.43464,1.43047,328821,314454,121705
AutoNation  Inc,0,4,4,,0.38136,Retail Automotive,116.41,0.32818,AN,C,120,AN    211015C00120000,163181,10/15/2021 12:00:00 AM,147,17,6.5,6.8,3.71947,47.37666,5,3,0.5547,0.61426,342.7182,1.02239,-0.62897,2,109.91,21.84258,0.251,0.05584,0.0918,-0.03084,-4.87971,0.34847,0.36182,0.22414,0.40484,0.43845,0.4407,0.09781,0.16916,0.33425,0.33008,314832,313365,70115
Simon Property Group Inc,0.04394,4,3,,0.45611,R.E.I.T.,124.96,0.30067,SPG,C,130,SPG   211015C00130000,24985,10/15/2021 12:00:00 AM,2397,23,5.5,5.75,2.72042,42.06946,5,3,0.58252,0.63343,357.5388,1.18368,-0.67099,2,118.1663,22.33544,0.23934,0.05437,0.09858,-0.04033,-4.84159,0.32948,0.34008,0.2082,0.32548,0.38748,0.3909,0.08448,0.15967,0.27983,0.27566,316654,313631,68005
CMC Materials Inc,0.01277,4,3,,0.4448,Chemical (Specialty),140.05,0.34985,CCMP,C,145,CCMP  211015C00145000,538846,10/15/2021 12:00:00 AM,1,0,8,9.7,4.47259,47.06358,5,3,0.55153,0.8149,327.9968,0.89541,-0.58335,2,131.6286,23.48318,0.2699,0.06013,0.10108,-0.03534,-6.61629,0.37167,0.43476,0.23955,0.3864,0.42619,0.4368,0.11168,0.16466,0.35109,0.34692,330440,313334,70335
ChemoCentryx Inc,0,5,5,e,0.65748,Biotechnology,15.03,0.69792,CCXI,C,22.5,CCXI  211119C00022500,118868,11/19/2021 12:00:00 AM,276,0,3.1,3.4,0.81617,49.33792,5,3,0.91134,1.02381,325.9177,0.23792,-0.21765,3,11.93,72.48805,0.78384,0.20625,0.886,-0.49701,-2.18865,1.47678,1.56368,0.77264,0.18572,0.32003,0.32938,0.42032,0.1,2.06841,2.06254,349886,315112,94147
ChemoCentryx Inc,0,5,5,e,0.65748,Biotechnology,15.03,0.69792,CCXI,C,25,CCXI  211119C00025000,58465,11/19/2021 12:00:00 AM,851,1,2.7,3.1,0.92874,45.11116,5,3,0.60525,0.73168,399.3196,0.244,-0.22276,3,12.33,93.91684,0.66055,0.17964,1.02758,-0.66334,-2.20151,1.48319,1.6,0.92396,0.17222,0.27794,0.29254,0.40983,0.1,1.80227,1.79641,339405,314741,113068
American International Group Inc,0.02758,4,3,,0.37971,Financial Svcs. (Div.),47.55,0.29599,AIG,C,49,AIG   211119C00049000,96676,11/19/2021 12:00:00 AM,398,17,2.66,2.75,1.52014,46.24019,5,3,0.52683,0.56786,301.1217,0.98982,-0.61577,3,44.45525,20.16491,0.20633,0.06508,0.1007,-0.03049,-1.50078,0.30926,0.31757,0.20255,0.38757,0.42579,0.42771,0.10103,0.16951,0.33589,0.33002,310190,313037,72196
CVR Partners LP,0,3,3,,0.62658,Chemical (Basic),59.63,0.53506,UAN,C,70,UAN   211119C00070000,170531,11/19/2021 12:00:00 AM,133,0,7.8,9.4,2.8421,48.08467,5,3,0.83059,1.08946,278.139,0.35794,-0.30693,1,51.83,43.43583,0.45396,0.13081,0.35057,-0.17391,-5.1036,0.82706,0.94402,0.4518,0.27632,0.37282,0.38813,0.27938,0.1,1.31393,1.30807,331982,313615,19279
CH Robinson Worldwide Inc,0.02198,5,3,,0.25306,Industrial Services,91.8,0.24998,CHRW,C,95,CHRW  211119C00095000,33214,11/19/2021 12:00:00 AM,1748,6,3.6,3.9,2.30229,42.81622,5,3,0.36504,0.44834,338.2108,1.36714,-0.72118,3,87.5311,18.52225,0.1451,0.0465,0.08438,-0.03486,-2.28005,0.23876,0.25333,0.17491,0.36155,0.3976,0.40337,0.07315,0.16514,0.24333,0.23747,322143,313861,131928
AutoNation  Inc,0,4,4,,0.38136,Retail Automotive,116.41,0.32842,AN,C,120,AN    211119C00120000,233958,11/19/2021 12:00:00 AM,60,0,8.3,8.8,4.7052,49.59881,5,3,0.60384,0.68755,277.6285,0.79765,-0.54529,2,108.11,20.83903,0.23159,0.0713,0.10998,-0.03084,-4.29819,0.35809,0.37678,0.22327,0.42441,0.45269,0.45503,0.12537,0.16916,0.42736,0.42149,321249,313789,66533
Jazz Pharmaceuticals PLC,0,3,3,,0.33672,Biotechnology,174.16,0.34687,JAZZ,C,200,JAZZ1 211119C00200000,841865,11/19/2021 12:00:00 AM,0,0,18.9,23.5,5.84458,46.50955,5,3,0.97406,1.30102,249.0332,0.41637,-0.34539,1,155.26,34.97384,0.36721,0.10852,0.28816,-0.14837,-12.7179,0.69698,0.81242,0.35307,0.25731,0.37066,0.38851,0.24017,0.1,1.09108,1.08521,342354,314407,15717
MIND Technology Inc,0,4,4,ev,0.66644,Oilfield Svcs/Equip.,2.04,0.68256,MIND,C,2.5,MIND  211217C00002500,108120,12/17/2021 12:00:00 AM,328,0,0.3,0.35,0.12745,48.17415,5,3,0.65782,0.84261,290.7948,0.32208,-0.28118,2,1.74,49.96492,0.42236,0.14706,0.43678,-0.22549,-0.16202,0.86308,0.95928,0.52061,0.27773,0.36105,0.37449,0.31049,0.1,1.47781,1.47059,332177,314126,62960
BSQUARE Corporation,0,4,4,e^,0.71847,Computer Software/Svcs,3.01,0.68663,BSQR,C,5,BSQR  211217C00005000,77157,12/17/2021 12:00:00 AM,569,3,0.6,0.75,0.15659,48.5501,5,3,0.80849,1.05937,312.223,0.22291,-0.20904,2,2.41,74.3775,0.60987,0.19934,1.07469,-0.66113,-0.39224,1.41178,1.60763,0.78064,0.15793,0.28958,0.31311,0.44861,0.1,2.00058,1.99336,342709,314646,54196
Apartment Investment and Management Company,0,4,5,,0.35984,R.E.I.T.,6.64,0.37072,AIV,C,7.5,AIV   211217C00007500,8087,12/17/2021 12:00:00 AM,6774,66,0.5,0.55,0.21022,41.56613,5,3,0.63578,0.74062,280.195,0.60327,-0.44651,2,6.14,31.19287,0.19948,0.0753,0.2215,-0.12952,-0.28103,0.47153,0.50175,0.28826,0.26696,0.35187,0.36041,0.16576,0.1,0.76024,0.75301,325298,313998,64364
CMC Materials Inc,0.01277,4,3,,0.4448,Chemical (Specialty),140.05,0.35467,CCMP,C,150,CCMP  211217C00150000,561738,12/17/2021 12:00:00 AM,0,0,9.6,11.8,5.07275,45.09019,5,3,0.5309,0.78315,268.1707,0.68138,-0.48925,3,129.7199,25.15785,0.19304,0.07376,0.15508,-0.07105,-5.12652,0.37876,0.44117,0.24741,0.33671,0.39154,0.40658,0.14676,0.12895,0.53879,0.53156,328341,313088,71905
AutoZone Inc,0,5,5,,0.28792,Retail Automotive,1595.62,0.26516,AZO,C,1640,AZO   211217C01640000,505435,12/17/2021 12:00:00 AM,1,0,79.4,85.4,58.84962,47.74458,5,3,0.28173,0.36341,307.0365,1.16465,-0.67542,3,1516.22,17.4388,0.12828,0.04976,0.08164,-0.02781,-35.77144,0.23098,0.2457,0.18021,0.43034,0.44554,0.44879,0.08586,0.17219,0.29622,0.289,314748,313099,139509
Sirius XM Holdings Inc,0.00923,3,3,,0.28854,Entertainment,6.46,0.24902,SIRI,C,7,SIRI  220121C00007000,1385,1/21/2022 12:00:00 AM,23678,113,0.45,0.5,0.14866,43.76187,5,3,0.9582,1.11098,199.5264,0.69095,-0.49123,1,5.97994,18.98349,0.15776,0.07431,0.16938,-0.08359,-0.19349,0.35694,0.38479,0.18228,0.27849,0.38212,0.39042,0.14473,0.11641,0.60733,0.5984,333207,314345,16077
Enel Americas SA,0.0444,5,5,,0.31919,Power,7.01,0.35072,ENIA,C,7.5,ENIA  220121C00007500,213680,1/21/2022 12:00:00 AM,77,1,0.45,0.55,0.27716,43.1557,5,3,0.36233,0.56732,279.1196,0.6896,-0.49121,3,6.4031,26.87367,0.18048,0.08658,0.16568,-0.0699,-0.21072,0.34779,0.40012,0.25529,0.32743,0.37141,0.38774,0.14501,0.1301,0.50234,0.49342,330599,313846,132175
Macerich Co,0.03995,5,3,,0.55298,R.E.I.T.,16.57,0.49892,MAC,C,17.5,MAC   220121C00017500,26802,1/21/2022 12:00:00 AM,2220,10,1.75,1.95,1.13118,49.66193,5,3,0.39438,0.52135,275.4279,0.48303,-0.38562,3,14.48629,31.92179,0.27419,0.12575,0.20098,-0.05613,-0.66683,0.47749,0.52097,0.34244,0.3933,0.42303,0.42938,0.20703,0.14387,0.74298,0.73406,327540,314045,129433
ChemoCentryx Inc,0,5,5,e,0.65748,Biotechnology,15.03,0.69883,CCXI,C,25,CCXI  220121C00025000,82001,1/21/2022 12:00:00 AM,519,3,3.1,3.6,1.05894,48.41534,5,3,0.6504,0.80027,314.9823,0.22516,-0.20849,3,11.93,74.93722,0.51546,0.20625,1.09556,-0.66334,-1.58358,1.29467,1.41224,0.78446,0.18472,0.29328,0.30905,0.44413,0.1,2.07146,2.06254,342324,314820,109941
CH Robinson Worldwide Inc,0.02198,5,3,,0.25306,Industrial Services,91.8,0.25012,CHRW,C,95,CHRW  220121C00095000,69041,1/21/2022 12:00:00 AM,673,1,4.4,4.7,3.04281,44.51606,5,3,0.31064,0.37855,284.3445,1.11901,-0.65578,3,86.38283,17.77849,0.12185,0.05901,0.09804,-0.03486,-1.80228,0.22678,0.23853,0.17303,0.38344,0.41052,0.41486,0.08936,0.16514,0.29916,0.29024,316178,313426,136850
Paychex  Inc,0.0235,5,4,,0.26916,IT Service,110.91,0.207,PAYX,C,115,PAYX  220121C00115000,123539,1/21/2022 12:00:00 AM,257,1,3.9,4.2,2.6789,41.12884,5,3,0.28566,0.3549,297.7202,1.49676,-0.74736,3,105.6961,15.62048,0.0958,0.04701,0.08651,-0.03688,-1.77378,0.18421,0.19413,0.14328,0.35022,0.38238,0.38823,0.06681,0.16312,0.22449,0.21556,313874,313144,139145
Simon Property Group Inc,0.04394,4,3,,0.45611,R.E.I.T.,124.96,0.30821,SPG,C,130,SPG   220121C00130000,15521,1/21/2022 12:00:00 AM,3860,4,8.45,9,4.65522,45.73828,5,3,0.52822,0.60402,249.9846,0.75511,-0.52231,3,113.7421,21.23744,0.18781,0.08977,0.13793,-0.04033,-3.39424,0.32299,0.33901,0.21135,0.36255,0.40901,0.41324,0.13243,0.15967,0.43244,0.42352,313790,313057,72096
AbbVie Inc,0.04431,3,4,,0.28548,Drug,117.5,0.29599,ABBV,C,195,ABBV1 220121C00195000,483409,1/21/2022 12:00:00 AM,2,0,25,29.85,2.16493,49.75436,5,3,1.53772,1.81731,205.4301,0.2149,-0.2012,1,89.87539,49.61292,0.58044,0.2351,1.13045,-0.65957,-13.05573,1.35311,1.50219,0.5332,0.0848,0.29417,0.31294,0.46532,0.1,2.13658,2.12766,356057,315182,7931
AbbVie Inc,0.04431,3,4,,0.28548,Drug,117.5,0.29599,ABBV,C,200,ABBV1 220121C00200000,419747,1/21/2022 12:00:00 AM,6,0,20.5,24,2.03852,44.56688,5,3,1.27785,1.47781,230.9742,0.23969,-0.21977,1,94.37539,55.73287,0.46354,0.19681,1.08419,-0.70213,-11.7076,1.23669,1.34525,0.54292,0.07859,0.26729,0.28403,0.4172,0.1,1.7536,1.74468,348560,314987,10375
Reata Pharmaceuticals Inc,0,5,4,e,0.67883,Biotechnology,128.58,0.71865,RETA,C,160,RETA  220218C00160000,818930,2/18/2022 12:00:00 AM,0,0,20.1,25,13.71638,49.46723,5,3,0.27424,0.48264,313.5208,0.29737,-0.26521,3,108.48,56.32345,0.31901,0.15632,0.47493,-0.24436,-7.84798,0.76694,0.89237,0.60188,0.32484,0.36075,0.37967,0.33629,0.1,1.57351,1.56323,324715,313001,140214
Apartment Investment and Management Company,0,4,5,,0.35984,R.E.I.T.,6.64,0.36693,AIV,C,7.5,AIV   220318C00007500,336324,3/18/2022 12:00:00 AM,18,31,0.7,0.8,0.30008,46.65852,5,3,0.71261,0.88597,205.4155,0.45592,-0.36782,2,5.94,26.60357,0.17922,0.10542,0.26263,-0.12952,-0.22748,0.46124,0.50793,0.26932,0.30699,0.38418,0.39456,0.21934,0.1,1.06586,1.05422,334586,314359,59542
Nasdaq Inc,0.01213,4,4,,0.24596,Securities Brokerage,185.3,0.20545,NDAQ,C,190,NDAQ  220318C00190000,711242,3/18/2022 12:00:00 AM,0,0,10.9,11.3,6.54859,48.63871,5,3,0.52626,0.57432,207.0498,0.98442,-0.61752,3,172.9221,13.27689,0.10718,0.0668,0.09743,-0.02536,-3.08071,0.21305,0.21976,0.13959,0.42507,0.45074,0.45224,0.10158,0.17464,0.34847,0.33684,310818,313030,72246
AutoZone Inc,0,5,5,,0.28792,Retail Automotive,1595.62,0.26563,AZO,C,1650,AZO   220318C01650000,713518,3/18/2022 12:00:00 AM,0,0,103.6,109.6,77.34939,49.28886,5,3,0.28246,0.34723,244.7096,0.88551,-0.58136,3,1492.02,16.91968,0.1056,0.06493,0.10588,-0.03408,-28.7678,0.23106,0.24273,0.18017,0.44049,0.45353,0.45575,0.11293,0.16592,0.40296,0.39132,313094,313107,139444
AutoZone Inc,0,5,5,,0.28792,Retail Automotive,1595.62,0.26563,AZO,C,1660,AZO   220318C01660000,713519,3/18/2022 12:00:00 AM,0,0,99.5,105.5,73.67056,48.03149,5,3,0.27769,0.34224,249.0932,0.90203,-0.58608,3,1496.12,17.3979,0.10114,0.06236,0.10954,-0.04035,-28.65483,0.23098,0.24265,0.18078,0.42448,0.44076,0.44359,0.11086,0.15965,0.40223,0.39059,312589,313047,139904
AutoZone Inc,0,5,5,,0.28792,Retail Automotive,1595.62,0.26563,AZO,C,1670,AZO   220318C01670000,889853,3/18/2022 12:00:00 AM,0,0,95.6,101,70.22177,46.76373,5,3,0.27278,0.33073,254.2137,0.92091,-0.59144,3,1500.02,17.89725,0.09693,0.05991,0.11332,-0.04662,-28.47119,0.23106,0.24158,0.18154,0.40887,0.42816,0.43126,0.10859,0.15338,0.40225,0.39061,311482,312970,140350
AutoZone Inc,0,5,5,,0.28792,Retail Automotive,1595.62,0.26584,AZO,C,1680,AZO   220617C01680000,713550,6/17/2022 12:00:00 AM,0,0,117.2,121.5,85.21797,48.26236,5,3,0.292,0.33157,215.5116,0.75817,-0.52633,3,1478.42,17.36085,0.08742,0.07345,0.13635,-0.05288,-24.90049,0.23411,0.24128,0.1812,0.41854,0.43678,0.43864,0.1319,0.14712,0.51532,0.49927,311568,313212,138556
Kellogg Company,0.03686,5,3,,0.23393,Food Processing,62.81,0.21204,K,C,65,K     230120C00065000,75465,1/20/2023 12:00:00 AM,589,0,4,4.4,2.74557,44.52174,5,3,0.29944,0.39372,171.4646,0.74188,-0.51496,3,55.33406,15.13734,0.08216,0.11902,0.16059,-0.03487,-0.6585,0.19146,0.20535,0.14734,0.36348,0.39408,0.40109,0.13479,0.16513,0.41223,0.38565,317505,313312,137866
Procter and Gamble Co,0.02522,4,5,,0.2027,Household Products,137.78,0.17417,PG,C,140,PG    230120C00140000,49448,1/20/2023 12:00:00 AM,1066,13,10.15,11.25,6.07878,49.95925,5,3,0.53159,0.67469,135.0489,0.72077,-0.5113,3,122.413,10.97004,0.07819,0.11153,0.13479,-0.01611,-1.43572,0.18131,0.19825,0.11838,0.42543,0.45114,0.4553,0.13874,0.18389,0.42719,0.40062,320193,313098,71842
Nasdaq Inc,0.01213,4,4,,0.24596,Securities Brokerage,185.3,0.20666,NDAQ,C,195,NDAQ  230120C00195000,377964,1/20/2023 12:00:00 AM,11,0,16,17.2,9.23374,49.28997,5,3,0.54127,0.63698,140.5956,0.61652,-0.45924,2,165.9254,13.25504,0.07508,0.10456,0.17001,-0.05235,-2.20791,0.21755,0.23106,0.14115,0.40258,0.43643,0.44011,0.1622,0.14765,0.61137,0.5848,316962,313203,71127
Crown Castle International Corp,0.02828,4,4,,0.25474,Wireless Networking,191.82,0.21094,CCI,C,200,CCI   230120C00200000,179267,1/20/2023 12:00:00 AM,119,7,17.5,19.2,8.66958,48.81597,5,3,0.68247,0.81268,131.097,0.55056,-0.4238,2,166.1756,13.77324,0.09515,0.13369,0.18977,-0.04264,-2.51783,0.24448,0.2634,0.14531,0.37306,0.4237,0.42912,0.18163,0.15736,0.60635,0.57978,330284,314229,61330
Crown Castle International Corp,0.02828,4,4,,0.25474,Wireless Networking,191.82,0.21094,CCI,C,210,CCI   230120C00210000,264409,1/20/2023 12:00:00 AM,42,2,13.2,16,6.40646,42.19352,5,3,0.52632,0.73441,149.7941,0.60965,-0.45098,3,170.4756,16.32819,0.0775,0.11127,0.21814,-0.09478,-2.39206,0.23281,0.26455,0.15253,0.28451,0.35453,0.37133,0.16403,0.10522,0.68056,0.65398,324854,313032,72239
Home Depot Inc,0.02162,4,5,,0.25913,Retail Building Supply,326.69,0.21181,HD,C,340,HD    230120C00340000,80945,1/20/2023 12:00:00 AM,529,1,28.8,31.65,16.212,49.4359,5,3,0.56533,0.69295,138.0387,0.58651,-0.44356,2,287.2858,13.55212,0.08601,0.12062,0.17382,-0.04074,-4.04679,0.22655,0.24502,0.14473,0.39806,0.43445,0.43935,0.1705,0.15926,0.58012,0.55355,321688,313477,69317
