Company,DIV'D,CMRK,TechRank,^vCM,HISTVO,INDUST,CMPRICE,VOLF,TKR,C/P,STRIKE,OPTKR,Record Number,EXPDAY,OI,VOL,BID,ASK,EST,DLTA,Bid oprk,Ask oprk,Bid UN/OV,Ask UN/OV,RVOPT,10%,-10%,CCMPRK,CCMPBE,CCMPRV,CCPWPA,CCPWPT,CCPWMX,I/OTM,THETA,Bid Implied,Ask Implied,VOLFADJ,PrtbStrk VOLF,Bid PrtbStrk Implied,Ask PrtbStrk Implied,PctDble,Margin,Yld Margin,Max Margin,ROBUY,ROWRT,ROCCMP,08/17/2021
Twitter Inc,0,1,2,,0.5335,Internet,62.86,0.53459,TWTR,C,66,TWTR  210827C00066000,77765,8/27/2021 12:00:00 AM,664,982,0.44,0.46,0.88575,21.70527,3,1,-0.27336,-0.25996,3516.087,7.15333,-0.98768,2,62.42,67.6307,0.2339,0.007,0.05735,-0.04995,-5.049,0.33894,0.34519,0.46645,0.27579,0.20629,0.21055,0.01398,0.15005,0.04718,0.04665,7944,94963,58912
Nike Inc,0.00642,2,5,,0.28794,Shoe,170.49,0.52547,NKE,C,172.5,NKE   210827C00172500,77641,8/27/2021 12:00:00 AM,665,269,1.52,1.69,3.43718,38.26126,3,1,-0.45459,-0.41351,3190.364,8.4181,-0.99944,3,168.937,41.83028,0.30491,0.00911,0.02108,-0.01179,-10.93714,0.19955,0.21458,0.36587,0.4289,0.37126,0.37999,0.01188,0.18821,0.0479,0.04737,15516,112634,160192
Nike Inc,0.00642,2,5,,0.28794,Shoe,170.49,0.52547,NKE,C,175,NKE   210827C00175000,63315,8/27/2021 12:00:00 AM,901,110,0.85,0.92,3.02134,24.50696,3,1,-0.5009,-0.48256,5464.437,13.3127,-0.99974,3,169.607,57.64593,0.17268,0.00518,0.03179,-0.02645,-9.06323,0.2058,0.21336,0.41234,0.35942,0.23537,0.2433,0.00751,0.17355,0.02926,0.02873,9840,96714,170642
Carvana Co,0,1,4,,0.79554,Retail Automotive,353.17,0.71422,CVNA,C,367.5,CVNA  210827C00367500,893905,8/27/2021 12:00:00 AM,0,100,3.7,4.05,9.74498,28.25359,3,1,-0.42689,-0.40032,3589.847,5.1362,-0.97514,3,349.47,84.28875,0.35131,0.01048,0.05159,-0.04058,-35.51609,0.36358,0.38044,0.6344,0.36081,0.26707,0.27621,0.01947,0.15942,0.06625,0.06571,2786,86530,122176
Facebook Inc,0,1,3,,0.32764,Internet,358.49,0.36865,FB,C,367.5,FB    210827C00367500,109127,8/27/2021 12:00:00 AM,381,984,2.2,2.3,3.41601,27.08451,3,1,-0.20538,-0.18799,3099.348,11.09955,-0.9994,2,356.29,37.35703,0.20489,0.00614,0.03146,-0.02513,-21.27977,0.21984,0.22465,0.27666,0.30652,0.26225,0.2667,0.00901,0.17487,0.03563,0.03509,13407,112571,40089
Facebook Inc,0,1,3,,0.32764,Internet,358.49,0.36865,FB,C,370,FB    210827C00370000,22572,8/27/2021 12:00:00 AM,3082,4382,1.64,1.74,3.09365,21.69687,3,1,-0.25065,-0.23199,4002.979,13.69575,-0.99957,2,356.85,42.65926,0.1525,0.00457,0.03685,-0.03211,-18.91489,0.22045,0.22594,0.29419,0.27148,0.20844,0.21415,0.0073,0.16789,0.02778,0.02725,9877,96732,52044
Twitter Inc,0,1,2,,0.5335,Internet,62.86,0.53941,TWTR,C,67,TWTR  210903C00067000,139206,9/3/2021 12:00:00 AM,242,10,0.56,0.6,1.14831,21.77031,3,1,-0.27775,-0.25724,2524.934,4.81175,-0.95892,2,62.3,68.45822,0.18227,0.00891,0.07544,-0.06586,-4.01382,0.3413,0.35099,0.47255,0.27442,0.20326,0.2098,0.02078,0.13414,0.06729,0.06641,8103,94628,60256
Activision Blizzard Inc,0.00612,1,2,,0.34154,Entertainment Tech,83.32,0.34086,ATVI,C,87,ATVI  210903C00087000,111479,9/3/2021 12:00:00 AM,366,6,0.64,0.71,1.03696,24.17024,3,1,-0.20384,-0.16626,2308.634,6.73665,-0.9874,2,82.65485,45.32934,0.16308,0.00798,0.05255,-0.04417,-4.31378,0.257,0.26913,0.3228,0.27594,0.22745,0.23774,0.01484,0.15583,0.05016,0.04929,15279,112692,39749
Nike Inc,0.00642,2,5,,0.28794,Shoe,170.49,0.45193,NKE,C,177.5,NKE   210903C00177500,536358,9/3/2021 12:00:00 AM,1,14,0.74,1.04,2.98948,20.34291,3,1,-0.48024,-0.40573,4160.758,10.93014,-0.99782,3,169.696,55.57262,0.09482,0.00466,0.04597,-0.04112,-6.40558,0.19581,0.22388,0.37673,0.3174,0.1804,0.21206,0.00915,0.15888,0.02819,0.02732,16157,110389,166400
Twitter Inc,0,1,2,,0.5335,Internet,62.86,0.54152,TWTR,C,67,TWTR  210910C00067000,110149,9/10/2021 12:00:00 AM,374,87,0.81,0.84,1.49788,25.57495,3,1,-0.26536,-0.25308,1876.578,3.47989,-0.92292,2,62.05,63.44322,0.19059,0.01289,0.07977,-0.06586,-3.6822,0.33817,0.34382,0.46032,0.30175,0.23979,0.24341,0.02874,0.13414,0.09727,0.09606,8362,95555,56445
Twitter Inc,0,1,2,,0.5335,Internet,62.86,0.54152,TWTR,C,68,TWTR  210910C00068000,70766,9/10/2021 12:00:00 AM,766,7,0.61,0.64,1.34024,20.59693,3,1,-0.29283,-0.27944,2174.35,3.97214,-0.93302,2,62.25,70.39524,0.14307,0.0097,0.09237,-0.08177,-3.26359,0.33855,0.34496,0.47874,0.26841,0.19122,0.19568,0.02518,0.11823,0.08329,0.08208,6789,93532,65238
Micron Technology Inc,0.00533,1,3,,0.46617,Semiconductor,70.72,0.43776,MU,C,76,MU    210910C00076000,142638,9/10/2021 12:00:00 AM,230,137,0.69,0.77,1.43875,21.76334,3,1,-0.28128,-0.24851,2069.954,4.03904,-0.9378,2,70.00418,65.07986,0.14918,0.01012,0.08561,-0.07466,-3.66773,0.32284,0.33756,0.44919,0.27249,0.19984,0.21028,0.02476,0.12534,0.07906,0.07784,8731,94350,61386
Activision Blizzard Inc,0.00612,1,2,,0.34154,Entertainment Tech,83.32,0.34159,ATVI,C,87,ATVI  210910C00087000,312359,9/10/2021 12:00:00 AM,29,4,0.88,0.96,1.36179,27.54617,3,1,-0.20275,-0.16799,1727,4.93449,-0.97072,2,82.40507,42.37878,0.16197,0.01098,0.05573,-0.04417,-3.85411,0.25181,0.26279,0.31585,0.30389,0.25986,0.26866,0.02027,0.15583,0.06899,0.06778,15104,112796,39469
Activision Blizzard Inc,0.00612,1,2,,0.34154,Entertainment Tech,83.32,0.34159,ATVI,C,88,ATVI  210910C00088000,236801,9/10/2021 12:00:00 AM,70,104,0.67,0.75,1.17929,22.43317,3,1,-0.22474,-0.18719,2013.291,5.66734,-0.97475,2,82.61507,47.02273,0.12447,0.00846,0.06515,-0.05617,-3.4813,0.25379,0.26608,0.32736,0.2648,0.20873,0.21965,0.01764,0.14383,0.05712,0.05591,13479,110922,44797
Carvana Co,0,1,4,,0.79554,Retail Automotive,353.17,0.74685,CVNA,C,375,CVNA  210910C00375000,358019,9/10/2021 12:00:00 AM,17,3,6,6.75,15.8991,29.75403,3,1,-0.43588,-0.40057,2173.412,2.65885,-0.88059,3,347.17,86.26986,0.25233,0.01699,0.08016,-0.06181,-25.1841,0.37411,0.39753,0.66318,0.36746,0.27419,0.28609,0.03761,0.13819,0.12415,0.12294,2778,86183,126155
Facebook Inc,0,1,3,,0.32764,Internet,358.49,0.35637,FB,C,375,FB    210910C00375000,131177,9/10/2021 12:00:00 AM,271,101,2.65,2.78,4.50986,23.20239,3,1,-0.2196,-0.20318,2093.718,7.11698,-0.9889,2,355.84,39.67307,0.10873,0.00739,0.05384,-0.04605,-12.98606,0.2177,0.22228,0.27896,0.27421,0.22095,0.22568,0.01405,0.15395,0.04923,0.04802,12180,111355,43482
Netflix Inc,0,1,3,,0.3953,Entertainment,518.9,0.41189,NFLX,C,540,NFLX  210910C00540000,173462,9/10/2021 12:00:00 AM,152,59,4.4,4.75,10.39325,26.04515,3,1,-0.36777,-0.34457,2362.116,6.47352,-0.98732,3,514.5,46.82849,0.12486,0.00848,0.04956,-0.04066,-20.04513,0.21618,0.22411,0.34193,0.33292,0.24728,0.25498,0.01545,0.15934,0.05443,0.05322,4319,89144,95379
Netflix Inc,0,1,3,,0.3953,Entertainment,518.9,0.41189,NFLX,C,545,NFLX  210910C00545000,185814,9/10/2021 12:00:00 AM,130,8,3.4,3.7,9.3812,21.31417,3,1,-0.38044,-0.35899,2770.109,7.51271,-0.98938,3,515.5,51.27402,0.09629,0.00655,0.05723,-0.0503,-18.03133,0.21801,0.22556,0.35188,0.30163,0.20077,0.20874,0.01331,0.1497,0.04498,0.04377,3864,88522,101156
Alphabet Inc,0,1,5,,0.2665,Internet,2745.35,0.23977,GOOG,C,2850,GOOG  210910C02850000,413139,9/10/2021 12:00:00 AM,9,2,14.7,16.3,23.31269,22.03726,3,1,-0.18466,-0.14855,2241.302,10.57892,-0.99795,2,2730.65,30.18746,0.0786,0.00535,0.04371,-0.03812,-77.07292,0.17048,0.17803,0.20909,0.25415,0.20859,0.21861,0.00945,0.16188,0.03429,0.03308,16794,114406,35656
Build A Bear Workshop Inc,0,1,2,e^,0.72387,Recreation,14.38,1.63785,BBW,C,12.5,BBW   210917C00012500,229193,9/17/2021 12:00:00 AM,76,6,2.5,2.75,3.44795,74.15063,3,1,-0.43906,-0.31905,1129.801,0.43308,-0.37264,3,11.88,72.4936,0.59528,0.17385,0.05219,0.13074,-2.06215,0.84949,1.03123,1.51441,0.62397,0.71335,0.67866,0.2309,0.2,0.21713,0.86926,5144,86066,127499
Build A Bear Workshop Inc,0,1,2,e^,0.72387,Recreation,14.38,1.63785,BBW,C,15,BBW   210917C00015000,122911,9/17/2021 12:00:00 AM,307,24,1.35,1.5,1.96063,50.29096,3,1,-0.27608,-0.20832,1219.713,0.57288,-0.43745,2,13.03,120.0225,1.18177,0.09388,0.15119,-0.04312,-2.65046,0.94387,1.03222,1.30383,0.45806,0.44216,0.44708,0.17456,0.15688,0.59996,0.5984,11755,94746,59750
Build A Bear Workshop Inc,0,1,2,e^,0.72387,Recreation,14.38,1.63785,BBW,C,17.5,BBW   210917C00017500,106628,9/17/2021 12:00:00 AM,397,24,0.65,0.8,1.85311,30.6745,3,1,-0.43905,-0.38012,1927.266,0.72432,-0.4973,3,13.73,218.7412,0.53999,0.0452,0.27458,-0.21697,-2.36808,0.95577,1.05618,1.70385,0.34969,0.24561,0.26666,0.13806,0.1,0.45357,0.45202,3256,86067,127496
Oasis Midstream Partners LP,0.09607,1,2,e^,0.72173,Pipeline MLPs,20.75,1.26715,OMP,C,20,OMP   210917C00020000,510441,9/17/2021 12:00:00 AM,2,2,1.55,1.75,2.38382,60.43486,3,1,-0.40935,-0.31085,1188.495,0.8841,-0.59938,3,19.02523,63.39508,0.57133,0.08312,0.05009,0.03614,-2.09978,0.51105,0.59628,0.86524,0.54652,0.57843,0.56734,0.11311,0.2,0.19432,0.37349,5431,87220,114312
Star Bulk Carriers Corporation,0,1,2,^,0.59941,Financial Svcs. (Div.),20.94,0.69915,SBLK,C,20,SBLK  210917C00020000,53825,9/17/2021 12:00:00 AM,1121,136,1.15,1.6,2.19023,70.56693,3,1,-0.68201,-0.37196,1305.948,1.27243,-0.77689,3,19.79,37.51299,0.12104,0.05492,0.01061,0.04489,-1.15207,0.21885,0.43224,0.68824,0.59212,0.76814,0.64468,0.07859,0.2,0.0517,0.27459,3496,41602,184674
Star Bulk Carriers Corporation,0,1,2,^,0.59941,Financial Svcs. (Div.),20.94,0.69915,SBLK,C,21,SBLK  210917C00021000,51267,9/17/2021 12:00:00 AM,1195,91,0.95,1.05,1.66515,51.98885,3,1,-0.42669,-0.36706,1352.46,1.40096,-0.74889,3,19.99,60.40692,0.54207,0.04537,0.05053,-0.00287,-1.6297,0.38952,0.43003,0.67942,0.4974,0.49547,0.4959,0.07138,0.19713,0.23169,0.23014,3626,86531,122085
Star Bulk Carriers Corporation,0,1,2,^,0.59941,Financial Svcs. (Div.),20.94,0.69915,SBLK,C,22,SBLK  210917C00022000,37395,9/17/2021 12:00:00 AM,1786,45,0.6,0.7,1.276,37.71906,3,1,-0.40743,-0.3457,1577.774,1.69544,-0.77996,3,20.34,79.3932,0.33647,0.02865,0.08161,-0.05062,-1.61456,0.40791,0.4504,0.68837,0.40724,0.34605,0.35993,0.05898,0.14938,0.19337,0.19182,4287,87302,113468
Oasis Midstream Partners LP,0.09607,1,2,e^,0.72173,Pipeline MLPs,20.75,1.26715,OMP,C,22.5,OMP   210917C00022500,152120,9/17/2021 12:00:00 AM,202,67,0.5,0.65,1.56353,30.86525,3,1,-0.49141,-0.41721,1982.564,1.5313,-0.73703,3,20.07523,120.8501,0.37771,0.03252,0.11953,-0.08434,-1.76923,0.48008,0.55012,0.94394,0.37665,0.26831,0.29485,0.0653,0.11566,0.20989,0.20833,2476,84660,149625
Micron Technology Inc,0.00533,1,3,,0.46617,Semiconductor,70.72,0.44227,MU,C,75,MU    210917C00075000,1466,9/17/2021 12:00:00 AM,25394,4913,1.17,1.22,2.06806,29.20159,3,1,-0.26981,-0.25396,1535.446,2.85055,-0.89393,2,69.51695,58.06256,0.19721,0.01701,0.07883,-0.06052,-3.7671,0.32337,0.33039,0.44286,0.33003,0.27347,0.27774,0.03508,0.13948,0.12016,0.11861,8303,95242,57783
Tradeweb Markets Inc,0.00366,1,3,,0.36759,Internet,87.02,0.30381,TW,C,85,TW    210917C00085000,120445,9/17/2021 12:00:00 AM,319,10,3.3,3.7,4.22162,65.7125,3,1,-0.32076,-0.17982,841.7458,2.11646,-0.91534,3,83.69208,19.03908,0.17805,0.03824,0.01561,0.02321,-3.587,0.20367,0.24593,0.29985,0.60965,0.65905,0.63286,0.04725,0.2,0.0751,0.18961,14102,91714,75411
Activision Blizzard Inc,0.00612,1,2,,0.34154,Entertainment Tech,83.32,0.34204,ATVI,C,87.5,ATVI  210917C00087500,1314,9/17/2021 12:00:00 AM,26960,535,1.07,1.12,1.54952,28.24045,3,1,-0.17668,-0.15761,1428.335,3.93182,-0.94644,2,82.20529,42.02186,0.15451,0.01338,0.06437,-0.05017,-3.54031,0.26035,0.26638,0.31622,0.30434,0.26703,0.27168,0.02543,0.14983,0.08726,0.08571,15989,115116,34118
Zendesk Inc,0,1,2,,0.41747,E-Commerce,120.89,0.41083,ZEN,C,130,ZEN   210917C00130000,128013,9/17/2021 12:00:00 AM,285,85,1.35,1.5,2.3823,23.16133,3,1,-0.22841,-0.19323,1631.364,3.58854,-0.92307,2,119.54,55.56859,0.12881,0.01117,0.0875,-0.07536,-5.38328,0.30132,0.31506,0.39052,0.26931,0.21274,0.22298,0.02787,0.12464,0.09115,0.08959,13023,110573,45793
American National Group Inc,0.01704,3,3,e,0.27849,Insurance (Life),190.98,0.23781,ANAT,C,190,ANAT  210917C00190000,82331,9/17/2021 12:00:00 AM,607,15,1.15,1.45,4.12913,71.83944,3,1,-0.85885,-0.76017,2297.642,14.43,-1,3,189.5447,8.38663,0.02725,0.00752,0.00239,0.00513,-1.57175,0.0227,0.03857,0.16082,0.5435,0.78054,0.67564,0.00693,0.2,0.006,0.03011,7927,89591,185963
Carvana Co,0,1,4,,0.79554,Retail Automotive,353.17,0.75326,CVNA,C,370,CVNA  210917C00370000,41057,9/17/2021 12:00:00 AM,1590,29,9.6,9.85,20.75635,36.96645,3,1,-0.41538,-0.4058,1685.394,1.93871,-0.817,3,343.57,77.10287,0.31871,0.02718,0.07693,-0.04765,-24.59707,0.38616,0.39249,0.66053,0.40901,0.34695,0.34929,0.05158,0.15235,0.17998,0.17843,2679,86982,116926
Carvana Co,0,1,4,,0.79554,Retail Automotive,353.17,0.75326,CVNA,C,380,CVNA  210917C00380000,101246,9/17/2021 12:00:00 AM,434,33,6.65,7,17.73768,28.57149,3,1,-0.42901,-0.41435,1952.889,2.29778,-0.84378,3,346.52,88.80415,0.2189,0.01883,0.09662,-0.07597,-22.01945,0.38334,0.39318,0.67136,0.35922,0.26388,0.26907,0.04352,0.12403,0.15336,0.15181,2523,86438,123090
Facebook Inc,0,1,3,,0.32764,Internet,358.49,0.35362,FB,C,380,FB    210917C00380000,11590,9/17/2021 12:00:00 AM,5755,755,2.61,2.72,4.77783,20.55829,3,1,-0.22961,-0.21693,1937.103,6.27382,-0.97923,2,355.88,42.43364,0.08365,0.00728,0.06778,-0.06,-10.9198,0.22221,0.22587,0.28844,0.25331,0.19433,0.1982,0.01594,0.14,0.05356,0.052,11032,110456,46107
Carvana Co,0,1,4,,0.79554,Retail Automotive,353.17,0.75326,CVNA,C,390,CVNA  210917C00390000,119401,9/17/2021 12:00:00 AM,324,11,4.55,4.9,15.32993,21.50125,3,1,-0.44102,-0.42435,2259.004,2.68916,-0.8649,3,348.62,99.78935,0.14887,0.01288,0.1187,-0.10428,-18.93849,0.38372,0.39516,0.68646,0.31547,0.19505,0.20199,0.03719,0.1,0.13038,0.12883,2364,85995,128362
Netflix Inc,0,1,3,,0.3953,Entertainment,518.9,0.41465,NFLX,C,545,NFLX  210917C00545000,63151,9/17/2021 12:00:00 AM,905,94,4.8,5.05,11.47214,24.78354,3,1,-0.36126,-0.34654,2068.035,5.44969,-0.975,3,514.1,48.42269,0.1065,0.00925,0.06011,-0.0503,-17.65559,0.22205,0.22717,0.34764,0.32215,0.2349,0.23993,0.01835,0.1497,0.06334,0.06179,4263,89489,92468
Netflix Inc,0,1,3,,0.3953,Entertainment,518.9,0.41465,NFLX,C,550,NFLX  210917C00550000,18208,9/17/2021 12:00:00 AM,3814,310,3.85,4.05,10.53653,20.80319,3,1,-0.3732,-0.36059,2351.592,6.13712,-0.97814,3,515.05,52.34909,0.08526,0.00742,0.06786,-0.05993,-16.05287,0.22373,0.22823,0.35694,0.29596,0.19621,0.20091,0.01629,0.14007,0.05452,0.05297,3817,88885,97856
ServiceNow Inc,0,1,4,,0.37614,IT Service,582.14,0.37055,NOW,C,600,NOW   210917C00600000,117623,9/17/2021 12:00:00 AM,333,45,10.1,10.6,17.83777,36.39067,3,1,-0.32097,-0.29981,1478.693,3.43945,-0.9427,3,572.04,42.92805,0.20139,0.01735,0.04888,-0.03068,-26.3928,0.24746,0.25517,0.36443,0.39525,0.34781,0.35219,0.02907,0.16932,0.10402,0.10247,5845,91703,75499
ServiceNow Inc,0,1,4,,0.37614,IT Service,582.14,0.37055,NOW,C,610,NOW   210917C00610000,155790,9/17/2021 12:00:00 AM,193,12,7,7.5,14.78805,28.23079,3,1,-0.33969,-0.31665,1789.3,4.25626,-0.95642,3,575.14,49.27089,0.13882,0.01202,0.06061,-0.04786,-23.43151,0.24479,0.25333,0.37072,0.34026,0.26646,0.27341,0.02349,0.15214,0.08059,0.07904,5220,90585,83072
ServiceNow Inc,0,1,4,,0.37614,IT Service,582.14,0.37055,NOW,C,620,NOW   210917C00620000,150813,9/17/2021 12:00:00 AM,206,14,4.8,5.2,12.37349,21.26028,3,1,-0.35475,-0.33363,2171.381,5.21559,-0.96595,3,577.34,55.31757,0.09483,0.00825,0.07389,-0.06504,-20.02718,0.24479,0.2528,0.37937,0.29215,0.19825,0.20581,0.01917,0.13496,0.06265,0.06109,4652,89803,89602
Amazon com,0,1,3,,0.29018,Internet,3242.01,0.30433,AMZN,C,3420,AMZN  210917C03420000,126035,9/17/2021 12:00:00 AM,293,80,23.9,24.7,48.41096,21.47077,3,1,-0.27403,-0.26409,2037.469,6.55821,-0.98306,2,3218.11,42.43342,0.08471,0.00737,0.06274,-0.0549,-96.65529,0.21183,0.21473,0.29179,0.27403,0.20401,0.20719,0.01525,0.1451,0.05236,0.05081,7669,94906,59111
Amazon com,0,1,3,,0.29018,Internet,3242.01,0.30433,AMZN,C,3430,AMZN  210917C03430000,146985,9/17/2021 12:00:00 AM,217,50,22.1,22.9,46.8634,20.19077,3,1,-0.28033,-0.27049,2136.6,6.8417,-0.98388,2,3219.91,43.58027,0.07829,0.00682,0.06525,-0.05799,-93.29683,0.21221,0.21511,0.29487,0.26506,0.1915,0.19472,0.01462,0.14201,0.04955,0.048,7299,94434,61082
Micron Technology Inc,0.00533,1,3,,0.46617,Semiconductor,70.72,0.44577,MU,C,78,MU    210924C00078000,126444,9/24/2021 12:00:00 AM,291,8,0.72,0.93,1.76223,20.16425,3,1,-0.31506,-0.24496,1668.829,3.01912,-0.88686,3,69.95972,68.21965,0.10159,0.01075,0.11486,-0.10294,-2.83523,0.31605,0.3484,0.46143,0.26081,0.17473,0.19801,0.03312,0.1,0.1037,0.10181,8961,92077,73237
Ferrari NV,0.00464,1,4,,0.29191,Automotive,219.15,0.28533,RACE,C,230,RACE  210924C00230000,696591,9/24/2021 12:00:00 AM,0,0,2.05,2.5,3.59606,25.86538,3,1,-0.24211,-0.16898,1467.92,5.01272,-0.96974,2,216.9913,36.38088,0.09301,0.00985,0.05992,-0.04951,-6.51856,0.20084,0.22022,0.265,0.294,0.23736,0.25723,0.01995,0.15049,0.06405,0.06216,15009,109325,49574
Netflix Inc,0,1,3,,0.3953,Entertainment,518.9,0.41646,NFLX,C,555,NFLX  210924C00555000,378208,9/24/2021 12:00:00 AM,13,8,4,4.5,11.50542,20.20131,3,1,-0.37985,-0.3509,2079.133,5.24864,-0.96494,3,514.9,53.40306,0.07271,0.00771,0.07788,-0.06957,-14.53407,0.22411,0.23457,0.36138,0.29001,0.18612,0.19697,0.01905,0.13043,0.06099,0.0591,4151,88558,100890
Alphabet Inc,0,1,5,,0.2665,Internet,2745.35,0.25077,GOOG,C,2890,GOOG  210924C02890000,435843,9/24/2021 12:00:00 AM,6,2,19,20.5,30.34869,21.50753,3,1,-0.18413,-0.15846,1651.761,7.01688,-0.98662,2,2726.35,32.39849,0.06522,0.00692,0.06003,-0.05269,-64.87358,0.18185,0.18757,0.22289,0.24863,0.2027,0.20994,0.01425,0.14731,0.04887,0.04698,15921,114453,35554
Amazon com,0,1,3,,0.29018,Internet,3242.01,0.30922,AMZN,C,3450,AMZN  210924C03450000,358470,9/24/2021 12:00:00 AM,17,6,24.85,27.2,53.6932,20.75246,3,1,-0.28865,-0.26263,1827.515,5.62081,-0.97165,2,3217.16,43.93689,0.07229,0.00766,0.07237,-0.06415,-87.46145,0.21297,0.22076,0.29939,0.26893,0.19323,0.20172,0.01779,0.13585,0.05832,0.05642,7760,93832,63778
Activision Blizzard Inc,0.00612,1,2,,0.34154,Entertainment Tech,83.32,0.34256,ATVI,C,90,ATVI  211001C00090000,386029,10/1/2021 12:00:00 AM,12,9,0.85,1.06,1.5878,22.26604,3,1,-0.23985,-0.16758,1367.024,3.54785,-0.91982,2,82.40574,47.57031,0.0879,0.01097,0.09208,-0.08017,-2.60756,0.2512,0.27508,0.33046,0.25948,0.1981,0.21923,0.02819,0.11983,0.08737,0.08514,15156,109528,48929
Facebook Inc,0,1,3,,0.32764,Internet,358.49,0.35051,FB,C,385,FB    211001C00385000,77100,10/1/2021 12:00:00 AM,673,51,3.35,3.55,5.61963,21.31296,3,1,-0.20029,-0.18143,1417.861,4.37899,-0.94742,2,355.14,41.8921,0.07485,0.00934,0.08408,-0.07395,-9.70841,0.22991,0.23533,0.28749,0.24915,0.19856,0.20404,0.02284,0.12605,0.07637,0.07413,13985,113018,38897
ServiceNow Inc,0,1,4,,0.37614,IT Service,582.14,0.3753,NOW,C,620,NOW   211001C00620000,282383,10/1/2021 12:00:00 AM,41,0,6.5,8.7,17.12363,25.77863,3,1,-0.39123,-0.30407,1565.474,3.54362,-0.92716,3,575.64,51.97832,0.0896,0.01117,0.07706,-0.06504,-18.58689,0.23022,0.26318,0.37817,0.32538,0.22854,0.25768,0.02822,0.13496,0.08496,0.08273,5685,88012,106097
ServiceNow Inc,0,1,4,,0.37614,IT Service,582.14,0.3753,NOW,C,625,NOW   211001C00625000,855724,10/1/2021 12:00:00 AM,0,3,6,7.3,15.94344,23.13481,3,1,-0.37507,-0.32094,1657.349,3.75751,-0.9304,3,576.14,54.34938,0.08263,0.01031,0.08481,-0.07362,-17.65675,0.23861,0.25928,0.38182,0.30585,0.2083,0.22736,0.02661,0.12638,0.08379,0.08156,5077,88791,98695
Alphabet Inc,0,1,5,,0.2665,Internet,2745.35,0.25405,GOOG,C,2910,GOOG  211001C02910000,521378,10/1/2021 12:00:00 AM,1,0,20,22.6,33.10059,21.09433,3,1,-0.19332,-0.15285,1487.543,6.06628,-0.97782,2,2725.35,33.32596,0.05823,0.00729,0.06775,-0.05997,-60.43634,0.18398,0.19321,0.22807,0.24452,0.19555,0.20707,0.01648,0.14003,0.05426,0.05203,16423,113662,37426
Marinus Pharmaceuticals Inc,0,1,1,e,0.94959,Biotechnology,12.04,0.93659,MRNS,C,12,MRNS  211015C00012000,167089,10/15/2021 12:00:00 AM,165,1,1.15,1.35,1.70878,56.02078,3,1,-0.33638,-0.21628,858.2629,0.60866,-0.46271,3,10.89,70.46286,0.62006,0.09551,0.10193,0.00332,-1.03114,0.57415,0.67806,0.86518,0.50709,0.51069,0.50905,0.1643,0.2,0.46387,0.47757,11081,90769,81759
Qurate Retail Inc,0,2,2,,0.50547,Retail (Hardlines),10.69,1.03891,QRTEA,C,12,QRTEA 211015C00012000,72426,10/15/2021 12:00:00 AM,739,7,0.25,0.3,0.96048,27.44737,3,1,-0.53021,-0.48861,1692.163,1.48043,-0.71943,3,10.44,111.6168,0.14567,0.02339,0.14943,-0.12254,-0.50361,0.39028,0.42484,0.83075,0.36898,0.23818,0.25648,0.06755,0.1,0.23677,0.23386,9378,94443,175437
Marinus Pharmaceuticals Inc,0,1,1,e,0.94959,Biotechnology,12.04,0.93659,MRNS,C,13,MRNS  211015C00013000,472986,10/15/2021 12:00:00 AM,4,1,0.75,0.95,1.33144,43.43245,3,1,-0.34468,-0.22532,991.5621,0.72047,-0.50702,3,11.29,91.39011,0.40412,0.06229,0.15146,-0.07973,-1.0198,0.57171,0.67585,0.87242,0.41736,0.37509,0.39383,0.1388,0.12027,0.52087,0.51796,10365,90314,85264
Twitter Inc,0,1,2,,0.5335,Internet,62.86,0.54467,TWTR,C,70,TWTR  211015C00070000,22614,10/15/2021 12:00:00 AM,3078,95,1.24,1.25,2.29381,25.13514,3,1,-0.25804,-0.25544,1160.409,1.88813,-0.78494,2,61.62,64.99934,0.12242,0.01973,0.13599,-0.11359,-2.42916,0.34786,0.34908,0.46884,0.29093,0.22899,0.22977,0.05296,0.1,0.20017,0.19726,8226,96130,54193
Tradeweb Markets Inc,0.00366,1,3,,0.36759,Internet,87.02,0.31866,TW,C,85,TW    211015C00085000,136443,10/15/2021 12:00:00 AM,252,16,4.3,4.6,5.54816,62.59469,3,1,-0.29548,-0.22394,682.3583,1.54102,-0.80924,2,82.66764,21.72002,0.17133,0.05002,0.02816,0.02321,-2.82826,0.22091,0.24334,0.31356,0.58039,0.61332,0.60313,0.06489,0.2,0.13391,0.24707,10460,93354,66112
Shift4 Payments Inc,0,1,1,e,0.61377,Financial Svcs. (Div.),79.56,0.59166,FOUR,C,90,FOUR  211015C00090000,236310,10/15/2021 12:00:00 AM,70,10,2.6,2.85,3.9215,30.29544,3,1,-0.19435,-0.1565,975.7687,1.1528,-0.64395,2,76.96,75.70948,0.20552,0.03268,0.16944,-0.13122,-4.64378,0.47253,0.49473,0.58652,0.30634,0.26488,0.27419,0.08675,0.1,0.32971,0.3268,16087,113562,37633
Tradeweb Markets Inc,0.00366,1,3,,0.36759,Internet,87.02,0.31866,TW,C,90,TW    211015C00090000,245547,10/15/2021 12:00:00 AM,63,16,1.9,2.25,3.23673,38.55504,3,1,-0.31169,-0.22891,972.5491,2.46035,-0.8827,3,85.06764,35.75073,0.13945,0.02244,0.05793,-0.03425,-2.73025,0.21626,0.24227,0.31419,0.40276,0.36028,0.37475,0.04064,0.16575,0.13463,0.13172,10097,92314,71925
Shift4 Payments Inc,0,1,1,e,0.61377,Financial Svcs. (Div.),79.56,0.59166,FOUR,C,95,FOUR  211015C00095000,107991,10/15/2021 12:00:00 AM,388,0,1.6,1.8,2.87452,21.18578,3,1,-0.21322,-0.17724,1132.988,1.36891,-0.68443,2,77.96,86.97587,0.12485,0.02011,0.21857,-0.19407,-3.80809,0.46886,0.4903,0.59592,0.23513,0.17938,0.19008,0.07305,0.1,0.20402,0.20111,14311,111881,41909
Zendesk Inc,0,1,2,,0.41747,E-Commerce,120.89,0.41876,ZEN,C,135,ZEN   211015C00135000,199689,10/15/2021 12:00:00 AM,110,61,1.7,1.9,3.22985,21.73076,3,1,-0.24309,-0.20885,1188.914,2.33426,-0.83336,2,119.19,58.75411,0.08677,0.01406,0.13265,-0.11672,-3.88646,0.30682,0.3207,0.40536,0.25656,0.19378,0.20422,0.04284,0.1,0.14353,0.14062,11706,109227,49869
Sea Limited,0,1,4,,0.58846,Foreign Electronics,308.7,0.58634,SE,C,360,SE    211015C00360000,199184,10/15/2021 12:00:00 AM,110,680,6.7,7.1,12.69318,23.0264,3,1,-0.24726,-0.22951,1164.379,1.43331,-0.70091,2,302,83.9896,0.13496,0.0217,0.19205,-0.16618,-14.53283,0.44353,0.45399,0.58922,0.26391,0.20081,0.20628,0.06977,0.1,0.21995,0.21704,10043,108880,51060
Twilio Inc,0,1,3,,0.60077,E-Commerce,344.8,0.60947,TWLO,C,400,TWLO  211015C00400000,85719,10/15/2021 12:00:00 AM,568,69,5.8,6.05,10.42678,20.47958,3,1,-0.21418,-0.2017,1168.503,1.76249,-0.75679,2,339,73.76697,0.10408,0.01682,0.17994,-0.16009,-13.43877,0.39364,0.39989,0.50093,0.23673,0.18082,0.1846,0.05674,0.1,0.17112,0.16821,12327,111795,42167
Shopify Inc,0,1,4,,0.51606,E-Commerce,1484.33,0.49676,SHOP,C,1700,SHOP  211015C01700000,150232,10/15/2021 12:00:00 AM,207,4,27.2,28.5,53.49807,22.26783,3,1,-0.25864,-0.2447,1201.627,1.74069,-0.75668,2,1457.13,74.80282,0.11356,0.01832,0.16668,-0.1453,-59.61344,0.38525,0.39249,0.51965,0.26431,0.19768,0.20207,0.05745,0.1,0.18616,0.18325,8977,96095,54358
Alphabet Inc,0,1,5,,0.2665,Internet,2745.35,0.25843,GOOG,C,2950,GOOG  211015C02950000,228567,10/15/2021 12:00:00 AM,77,9,23.1,24.3,37.68298,20.23698,3,1,-0.18409,-0.16795,1269.591,4.83799,-0.95678,2,2722.25,34.95097,0.05162,0.00841,0.08366,-0.07454,-53.56866,0.19306,0.19688,0.23662,0.23604,0.18907,0.19373,0.02067,0.12546,0.06998,0.06707,15113,114456,35550
Amazon com,0,1,3,,0.29018,Internet,3242.01,0.31822,AMZN,C,3490,AMZN  211015C03490000,174538,10/15/2021 12:00:00 AM,150,5,36.6,37.9,73.1206,22.93651,3,1,-0.27671,-0.26596,1300.904,3.68155,-0.92644,2,3205.41,43.51233,0.06946,0.01129,0.08878,-0.07649,-77.20654,0.22053,0.22381,0.3049,0.28342,0.21423,0.21763,0.02716,0.12351,0.09432,0.09141,7560,94711,59941
Amazon com,0,1,3,,0.29018,Internet,3242.01,0.31822,AMZN,C,3500,AMZN  211015C03500000,10754,10/15/2021 12:00:00 AM,6120,2347,34.8,35.9,71.57962,22.01131,3,1,-0.28061,-0.27143,1336.945,3.77216,-0.92819,2,3207.21,44.36546,0.06601,0.01073,0.09129,-0.07958,-75.44198,0.22099,0.22381,0.30719,0.27712,0.20551,0.20847,0.02651,0.12042,0.09205,0.08914,7241,94406,61178
Oasis Midstream Partners LP,0.09607,1,2,e^,0.72173,Pipeline MLPs,20.75,1.08432,OMP,C,22.5,OMP   211119C00022500,201903,11/19/2021 12:00:00 AM,107,1,1.3,1.65,2.33113,41.4566,3,1,-0.33118,-0.21762,805.3082,0.65908,-0.47659,3,18.93116,83.02646,0.35287,0.08766,0.18182,-0.08434,-1.24025,0.5122,0.59917,0.76583,0.39765,0.34904,0.37009,0.15173,0.11566,0.54627,0.54167,10972,91071,79627
Oasis Midstream Partners LP,0.09607,1,2,e^,0.72173,Pipeline MLPs,20.75,1.08432,OMP,C,25,OMP   211119C00025000,180322,11/19/2021 12:00:00 AM,139,0,0.65,0.9,2.06305,26.46524,3,1,-0.43496,-0.35008,1127.147,0.84865,-0.54617,3,19.58116,118.8458,0.22032,0.05633,0.26879,-0.20482,-0.98911,0.49313,0.56721,0.87274,0.32122,0.20562,0.23749,0.11783,0.1,0.31786,0.31325,4167,86220,125752
Planet Fitness Inc,0,1,3,,0.48208,Recreation,72.97,0.5002,PLNT,C,87.5,PLNT  211119C00087500,267782,11/19/2021 12:00:00 AM,49,0,1.35,1.5,2.22599,20.0908,3,1,-0.17754,-0.14519,878.9547,1.44311,-0.69841,2,71.62,65.59509,0.07242,0.0185,0.22173,-0.19912,-2.10887,0.36457,0.37891,0.44327,0.21693,0.17066,0.17995,0.06929,0.1,0.18961,0.18501,17062,115039,34293
International Flavors and Fragrances Inc,0.02016,1,3,^,0.29016,Chemical (Specialty),154.95,0.36647,IFF,C,165,IFF   211119C00165000,104481,11/19/2021 12:00:00 AM,411,0,2.35,3.2,4.75329,28.93816,3,1,-0.3133,-0.19829,879.4322,2.57741,-0.8731,3,151.787,36.22311,0.07933,0.02041,0.08651,-0.06486,-3.11739,0.18902,0.22068,0.27526,0.32561,0.25517,0.28642,0.0388,0.13514,0.11683,0.11223,12621,92198,72540
Community Health Systems Inc,0,1,1,e,0.83661,Medical Services,12.31,0.80447,CYH,C,18,CYH   211217C00018000,362751,12/17/2021 12:00:00 AM,16,0,0.45,0.55,0.84302,21.8629,3,1,-0.21339,-0.15513,816.346,0.63262,-0.44985,2,11.86,117.8539,0.11259,0.03656,0.51771,-0.46223,-0.58005,0.64068,0.68813,0.81448,0.21447,0.15731,0.17457,0.15807,0.1,0.37152,0.36556,16216,111872,41952
Star Bulk Carriers Corporation,0,1,2,^,0.59941,Financial Svcs. (Div.),20.94,0.65128,SBLK,C,18,SBLK  211217C00018000,248176,12/17/2021 12:00:00 AM,61,2,3.5,3.8,4.69821,79.42884,3,1,-0.48525,-0.35266,546.7858,0.48546,-0.41483,3,17.44,24.98748,0.09529,0.16714,0.03211,0.1404,-0.59917,0.33764,0.42461,0.65593,0.66019,0.78881,0.73826,0.20599,0.2,0.13968,0.83572,4086,84778,147179
Build A Bear Workshop Inc,0,1,2,e^,0.72387,Recreation,14.38,1.26697,BBW,C,20,BBW   211217C00020000,162252,12/17/2021 12:00:00 AM,176,5,1.5,1.7,2.49288,38.05189,3,1,-0.24778,-0.1967,779.1329,0.37137,-0.31154,2,12.88,141.353,0.34559,0.10431,0.5528,-0.39082,-1.25749,0.92686,0.9898,1.23217,0.32532,0.27357,0.28646,0.26927,0.1,1.04908,1.04312,12757,108830,51221
Northern Oil and Gas Inc,0,1,2,e^,0.84887,Petroleum (Producing),15.91,0.81574,NOG,C,20,NOG   211217C00020000,13094,12/17/2021 12:00:00 AM,5191,0,0.9,1.1,1.74118,32.48612,3,1,-0.29616,-0.22291,787.4778,0.59612,-0.43876,2,15.01,102.7474,0.17793,0.05657,0.33245,-0.25707,-0.84235,0.57842,0.63862,0.82181,0.32023,0.25347,0.27391,0.16775,0.1,0.57165,0.56568,10547,93305,66351
Northern Oil and Gas Inc,0,1,2,e^,0.84887,Petroleum (Producing),15.91,0.81574,NOG,C,22,NOG   211217C00022000,221697,12/17/2021 12:00:00 AM,84,0,0.6,0.7,1.39792,23.35281,3,1,-0.30211,-0.26016,898.9963,0.67974,-0.47077,3,15.31,119.7825,0.1163,0.03771,0.43697,-0.38278,-0.71235,0.58895,0.62435,0.8439,0.25804,0.17605,0.19004,0.14712,0.1,0.38309,0.37712,7926,92912,68478
Build A Bear Workshop Inc,0,1,2,e^,0.72387,Recreation,14.38,1.26697,BBW,C,22.5,BBW   211217C00022500,347715,12/17/2021 12:00:00 AM,19,0,1.1,1.25,2.62958,30.15942,3,1,-0.34362,-0.30718,967.005,0.40645,-0.33144,3,13.28,183.0509,0.2458,0.0765,0.69428,-0.56467,-1.14453,0.92899,0.98057,1.41533,0.29542,0.20637,0.21888,0.24603,0.1,0.77092,0.76495,5561,90374,84787
Enova International Inc,0,1,2,e^,0.55157,Financial Svcs. (Div.),31.61,0.72187,ENVA,C,40,ENVA  211217C00040000,110096,12/17/2021 12:00:00 AM,374,6,0.75,0.95,2.12855,21.27562,3,1,-0.35754,-0.29875,953.6768,1.01831,-0.59488,3,30.86,93.07992,0.07212,0.02373,0.29618,-0.26542,-0.95773,0.41019,0.44773,0.63847,0.26794,0.16763,0.18868,0.0982,0.1,0.24323,0.23727,5883,89641,90849
Progyny Inc,0,1,1,e^,0.75009,Medical Services,43.4,0.64301,PGNY,C,50,PGNY  211217C00050000,184383,12/17/2021 12:00:00 AM,132,9,2.45,2.65,4.14091,36.15031,3,1,-0.27344,-0.24023,728.9398,0.73053,-0.50226,2,40.95,75.50817,0.17754,0.05645,0.221,-0.15207,-1.8847,0.46398,0.48519,0.6386,0.35726,0.30733,0.3151,0.13689,0.1,0.57048,0.56452,9263,94955,58936
Progyny Inc,0,1,1,e^,0.75009,Medical Services,43.4,0.64301,PGNY,C,55,PGNY  211217C00055000,305644,12/17/2021 12:00:00 AM,31,2,1.5,1.7,3.04999,24.9836,3,1,-0.27433,-0.23619,829.3928,0.83467,-0.53453,2,41.9,90.88237,0.10623,0.03456,0.31265,-0.26728,-1.62991,0.47474,0.49969,0.65421,0.27159,0.20105,0.213,0.11981,0.1,0.35159,0.34562,9580,94869,59206
Lovesac Company,0,1,1,e,0.87686,Furn/Home Furnishings,58.67,0.86278,LOVE,C,85,LOVE  211217C00085000,198333,12/17/2021 12:00:00 AM,111,0,2.75,3,4.65418,24.48412,3,1,-0.19472,-0.16749,796.4023,0.57935,-0.42352,2,55.92,119.9374,0.14593,0.04687,0.52003,-0.44878,-3.1114,0.69065,0.714,0.85765,0.23189,0.18147,0.18942,0.17261,0.1,0.47469,0.46872,15167,113529,37708
Lovesac Company,0,1,1,e,0.87686,Furn/Home Furnishings,58.67,0.86278,LOVE,C,90,LOVE  211217C00090000,305415,12/17/2021 12:00:00 AM,31,0,2.15,2.4,4.30563,20.3116,3,1,-0.22685,-0.19768,870.1696,0.61506,-0.43862,2,56.52,131.6201,0.11288,0.03665,0.59236,-0.534,-2.79536,0.68958,0.7156,0.89191,0.20757,0.14594,0.15489,0.16259,0.1,0.37242,0.36646,12676,110717,45355
Shift4 Payments Inc,0,1,1,e,0.61377,Financial Svcs. (Div.),79.56,0.59761,FOUR,C,105,FOUR  211217C00105000,356796,12/17/2021 12:00:00 AM,17,2,2.35,2.65,3.99917,21.59239,3,1,-0.18884,-0.15215,779.9911,0.85389,-0.53824,2,77.21,87.86153,0.09032,0.02954,0.35993,-0.31976,-2.83154,0.49084,0.51304,0.60511,0.2198,0.17035,0.181,0.11711,0.1,0.30134,0.29537,16490,114055,36474
Zendesk Inc,0,1,2,,0.41747,E-Commerce,120.89,0.4235,ZEN,C,145,ZEN   211217C00145000,75108,12/17/2021 12:00:00 AM,700,2,2.45,2.85,4.46889,21.38877,3,1,-0.21852,-0.17209,788.8125,1.33902,-0.67836,2,118.44,61.47544,0.06138,0.02027,0.22425,-0.19944,-2.93652,0.33001,0.34962,0.42229,0.23653,0.17928,0.19307,0.07468,0.1,0.20863,0.20266,14734,111449,43181
FinVolution Group,0,1,1,,0.81711,Internet,5.78,0.88259,FINV,C,5,FINV  220121C00005000,101562,1/21/2022 12:00:00 AM,432,0,1.35,1.4,1.66174,71.58953,3,1,-0.27576,-0.23126,483.285,0.31621,-0.28309,2,4.43,45.82135,0.29724,0.23356,0.12867,0.13495,-0.27863,0.63076,0.66952,0.87093,0.60502,0.64348,0.63551,0.31625,0.2,0.50074,1.16782,9929,94763,59658
FinVolution Group,0,1,1,,0.81711,Internet,5.78,0.88259,FINV,C,7.5,FINV  220121C00007500,122761,1/21/2022 12:00:00 AM,307,9,0.5,0.6,0.82627,37.62095,3,1,-0.24913,-0.1713,650.6509,0.4363,-0.35322,2,5.28,102.8134,0.21876,0.08651,0.42045,-0.29758,-0.32898,0.6683,0.73757,0.89003,0.33295,0.28264,0.30118,0.2292,0.1,0.87271,0.86505,14802,108725,51615
Marinus Pharmaceuticals Inc,0,1,1,e,0.94959,Biotechnology,12.04,0.946,MRNS,C,10,MRNS  220121C00010000,405217,1/21/2022 12:00:00 AM,10,0,2.6,3.2,3.7271,75.96019,3,1,-0.50274,-0.22837,519.2716,0.3247,-0.30339,3,9.44,39.74938,0.13704,0.21595,0.05932,0.16944,-0.47218,0.44399,0.68897,0.89288,0.62895,0.74594,0.66511,0.30797,0.2,0.24022,1.07973,10144,42783,153996
Marinus Pharmaceuticals Inc,0,1,1,e,0.94959,Biotechnology,12.04,0.946,MRNS,C,11,MRNS  220121C00011000,739598,1/21/2022 12:00:00 AM,0,0,2,2.8,3.20938,67.22208,3,1,-0.48208,-0.16318,546.2555,0.35113,-0.32022,3,10.04,53.34061,0.22089,0.16611,0.09562,0.08638,-0.56653,0.45513,0.73536,0.87876,0.5673,0.62827,0.58026,0.2848,0.2,0.40633,0.83056,15539,84845,145925
Qurate Retail Inc,0,2,2,,0.50547,Retail (Hardlines),10.69,1.23353,QRTEA,C,12,QRTEA 220121C00012000,210218,1/21/2022 12:00:00 AM,97,1,0.75,0.9,2.02581,41.70989,3,1,-0.51596,-0.45425,885.6016,0.62185,-0.4572,3,9.94,95.67997,0.17431,0.07016,0.20724,-0.12254,-0.41409,0.42904,0.48374,0.88638,0.42658,0.35109,0.36725,0.16081,0.1,0.70925,0.70159,12086,95502,173175
Talos Energy Inc,0,1,1,,0.85807,Petroleum (Producing),9.69,0.83949,TALO,C,12.5,TALO  220121C00012500,201564,1/21/2022 12:00:00 AM,107,6,0.7,0.9,1.19881,35.58849,3,1,-0.25436,-0.15023,644.9505,0.48064,-0.38048,2,8.99,96.48486,0.17988,0.07224,0.39043,-0.28999,-0.49793,0.60314,0.68737,0.80889,0.3213,0.26685,0.2925,0.20806,0.1,0.73006,0.72239,16663,96452,53096
Qurate Retail Inc,0,2,2,,0.50547,Retail (Hardlines),10.69,1.23353,QRTEA,C,13.5,QRTEA 220121C00013500,13229,1/21/2022 12:00:00 AM,5141,594,0.35,0.45,2.10781,25.36008,3,1,-0.62004,-0.57835,1349.742,0.83199,-0.53663,3,10.34,147.2203,0.0782,0.03274,0.30561,-0.26286,-0.31544,0.4047,0.4491,1.0651,0.37369,0.1983,0.22246,0.12019,0.1,0.33507,0.32741,4822,89035,183565
Community Health Systems Inc,0,1,1,e,0.83661,Medical Services,12.31,0.81053,CYH,C,18,CYH   220121C00018000,270299,1/21/2022 12:00:00 AM,47,0,0.55,0.7,1.06556,24.74832,3,1,-0.23831,-0.16461,719.5912,0.55977,-0.41773,2,11.76,110.7942,0.10804,0.04468,0.53061,-0.46223,-0.52606,0.60558,0.66418,0.79505,0.23832,0.17505,0.19712,0.17865,0.1,0.45445,0.44679,15426,109654,48500
Star Bulk Carriers Corporation,0,1,2,^,0.59941,Financial Svcs. (Div.),20.94,0.64197,SBLK,C,18,SBLK  220121C00018000,177722,1/21/2022 12:00:00 AM,144,5,3.7,4,5.00708,77.6214,3,1,-0.46339,-0.34979,496.9409,0.44933,-0.38663,3,17.24,26.60608,0.10184,0.1767,0.04408,0.1404,-0.55679,0.34451,0.41744,0.64201,0.64665,0.75843,0.71862,0.22255,0.2,0.18913,0.88348,4175,85298,138133
Community Health Systems Inc,0,1,1,e,0.83661,Medical Services,12.31,0.81053,CYH,C,19,CYH   220121C00019000,472363,1/21/2022 12:00:00 AM,4,0,0.45,0.6,0.98922,21.33067,3,1,-0.25559,-0.17809,764.2515,0.57739,-0.42684,2,11.86,119.7391,0.08765,0.03656,0.60202,-0.54346,-0.49004,0.61184,0.67554,0.82191,0.21522,0.14476,0.16871,0.17319,0.1,0.37322,0.36556,14234,96335,53458
Amyris Inc,0,1,2,e^,0.97455,Biotechnology,13.01,0.94802,AMRS,C,22,AMRS  220121C00022000,74052,1/21/2022 12:00:00 AM,715,31,0.5,0.65,1.3892,20.18932,3,1,-0.31455,-0.25363,866.8821,0.51973,-0.39649,3,12.51,151.0255,0.09233,0.03843,0.75859,-0.69101,-0.56787,0.70042,0.76267,1.02184,0.22065,0.13065,0.15112,0.19241,0.1,0.39198,0.38432,8329,92112,73027
ConAgra Brands Inc,0.03342,2,2,,0.31704,Food Processing,34.13,0.71722,CAG,C,37,CAG   220121C00037000,56337,1/21/2022 12:00:00 AM,1055,3,0.7,0.85,3.53767,28.62313,3,1,-0.627,-0.58988,1285.823,1.80826,-0.7806,3,32.93625,70.90235,0.08179,0.03498,0.12126,-0.08409,-0.55069,0.20008,0.21999,0.53641,0.40204,0.25301,0.27264,0.0553,0.11591,0.18461,0.17695,4457,88701,183873
Dynatrace Inc,0,1,3,,0.58814,Computer Software/Svcs,62,0.56718,DT,C,75,DT    220121C00075000,266856,1/21/2022 12:00:00 AM,49,0,2.25,2.5,5.29011,27.68002,3,1,-0.35305,-0.32161,787.5995,0.89956,-0.56071,3,59.75,78.01183,0.08699,0.03629,0.25523,-0.20968,-1.73969,0.37685,0.39516,0.5825,0.31679,0.23061,0.24112,0.11117,0.1,0.37057,0.3629,5048,89883,88871
Lovesac Company,0,1,1,e,0.87686,Furn/Home Furnishings,58.67,0.86506,LOVE,C,85,LOVE  220121C00085000,364465,1/21/2022 12:00:00 AM,16,0,3.6,3.8,5.78821,28.01851,3,1,-0.19137,-0.17294,688.6339,0.50389,-0.38584,2,55.07,111.4247,0.15102,0.06136,0.54349,-0.44878,-2.8738,0.67593,0.69134,0.8359,0.25458,0.20714,0.21238,0.19846,0.1,0.62126,0.6136,14661,113838,36998
Smartsheet Inc,0,1,3,,0.58656,E-Commerce,67.87,0.59033,SMAR,C,85,SMAR  220121C00085000,114849,1/21/2022 12:00:00 AM,347,0,2.4,2.65,5.49272,25.66218,3,1,-0.3247,-0.2961,781.6149,0.8524,-0.54148,3,65.47,83.36987,0.08468,0.03536,0.2983,-0.25239,-1.97354,0.40897,0.42629,0.60561,0.29267,0.20956,0.21914,0.11732,0.1,0.36128,0.35362,5996,91460,77055
Lovesac Company,0,1,1,e,0.87686,Furn/Home Furnishings,58.67,0.86506,LOVE,C,90,LOVE  220121C00090000,335234,1/21/2022 12:00:00 AM,22,0,2.85,3.2,5.36369,23.91077,3,1,-0.22496,-0.19111,743.4171,0.53074,-0.39922,2,55.82,121.6526,0.11795,0.04858,0.61233,-0.534,-2.64461,0.66914,0.69836,0.86336,0.22972,0.16991,0.18021,0.18841,0.1,0.49343,0.48577,13173,110905,44857
Tradeweb Markets Inc,0.00366,1,3,,0.36759,Internet,87.02,0.335,TW,C,90,TW    220121C00090000,200614,1/21/2022 12:00:00 AM,108,0,4.3,4.9,6.43561,46.52128,3,1,-0.28535,-0.20507,533.2635,1.09821,-0.65307,2,82.58213,32.56854,0.12375,0.051,0.08959,-0.03425,-1.96103,0.23502,0.26142,0.32886,0.44926,0.42918,0.43627,0.09106,0.16575,0.30578,0.29811,12018,94051,62718
Lovesac Company,0,1,1,e,0.87686,Furn/Home Furnishings,58.67,0.86506,LOVE,C,95,LOVE  220121C00095000,467324,1/21/2022 12:00:00 AM,4,0,2.3,2.55,5.04305,20.11835,3,1,-0.25129,-0.22538,807.677,0.56394,-0.41386,2,56.37,131.966,0.09426,0.0392,0.68529,-0.61923,-2.37745,0.66792,0.69103,0.89209,0.20952,0.14023,0.14843,0.17732,0.1,0.39969,0.39202,10360,96684,52227
Shift4 Payments Inc,0,1,1,e,0.61377,Financial Svcs. (Div.),79.56,0.59886,FOUR,C,105,FOUR  220121C00105000,378006,1/21/2022 12:00:00 AM,13,0,3.2,3.5,5.25213,25.23082,3,1,-0.19339,-0.16359,671.991,0.71848,-0.48804,2,76.36,83.28733,0.09681,0.04022,0.37507,-0.31976,-2.69499,0.48519,0.50312,0.60152,0.24772,0.19902,0.20753,0.13918,0.1,0.40987,0.40221,15508,113652,37445
Shift4 Payments Inc,0,1,1,e,0.61377,Financial Svcs. (Div.),79.56,0.59886,FOUR,C,110,FOUR  220121C00110000,307623,1/21/2022 12:00:00 AM,30,0,2.45,2.75,4.49372,20.72617,3,1,-0.20716,-0.17413,721.1528,0.7746,-0.50736,2,77.11,89.18893,0.0734,0.03079,0.42653,-0.3826,-2.39673,0.48168,0.50175,0.60754,0.21438,0.15912,0.16899,0.1291,0.1,0.31561,0.30794,14560,112407,40480
Monster Beverage Corporation,0,2,4,,0.27814,Beverage,97.49,0.43385,MNST,C,110,MNST  220121C00110000,119706,1/21/2022 12:00:00 AM,322,0,1.5,1.65,5.00929,22.13902,3,1,-0.4407,-0.41895,982.4391,2.12918,-0.81095,3,95.99,52.03421,0.0361,0.01539,0.14595,-0.12832,-1.33817,0.20184,0.20969,0.36088,0.31696,0.19726,0.20623,0.04697,0.1,0.16152,0.15386,15013,113902,156448
International Flavors and Fragrances Inc,0.02016,1,3,^,0.29016,Chemical (Specialty),154.95,0.37688,IFF,C,165,IFF   220121C00165000,248751,1/21/2022 12:00:00 AM,60,0,3.8,5,6.9512,34.20496,3,1,-0.30614,-0.18715,616.4807,1.67829,-0.77067,3,149.7978,33.12537,0.07824,0.03325,0.10036,-0.06486,-2.66014,0.18864,0.22099,0.27187,0.36044,0.30331,0.33013,0.05958,0.13514,0.18913,0.18147,13483,92666,69878
International Flavors and Fragrances Inc,0.02016,1,3,^,0.29016,Chemical (Specialty),154.95,0.37688,IFF,C,170,IFF   220121C00170000,298383,1/21/2022 12:00:00 AM,34,0,2.45,3.5,6.21597,25.90993,3,1,-0.36957,-0.25928,765.0353,2.02196,-0.80801,3,151.1478,40.05803,0.05727,0.02454,0.12348,-0.09713,-2.26946,0.18406,0.21626,0.29196,0.31274,0.21939,0.25496,0.04946,0.10287,0.16136,0.1537,7987,89059,96204
Etsy Inc,0,1,3,,0.56235,Internet,194.68,0.64071,ETSY,C,260,ETSY  220121C00260000,177145,1/21/2022 12:00:00 AM,145,11,5.75,6.1,13.13316,20.90816,3,1,-0.2863,-0.27105,799.784,0.85511,-0.53741,2,188.93,90.85163,0.07031,0.02954,0.37617,-0.33552,-5.38202,0.4427,0.45216,0.62029,0.24505,0.16677,0.17187,0.11694,0.1,0.30302,0.29536,7252,93987,63016
Square Inc,0,1,4,,0.53228,Computer Software/Svcs,261.19,0.5448,SQ,C,340,SQ    220121C00340000,63186,1/21/2022 12:00:00 AM,904,9,7.1,7.35,13.24947,20.65346,3,1,-0.21958,-0.20975,731.5147,0.9495,-0.56968,2,254.09,76.41365,0.06455,0.02718,0.33811,-0.30173,-6.5649,0.40585,0.41096,0.52004,0.22714,0.16882,0.17184,0.10532,0.1,0.27949,0.27183,11628,111359,43475
Sea Limited,0,1,4,,0.58846,Foreign Electronics,308.7,0.58733,SE,C,410,SE    220121C00410000,86236,1/21/2022 12:00:00 AM,563,1,9.35,10.5,19.96498,21.71074,3,1,-0.26723,-0.23531,762.6202,0.83552,-0.53157,2,299.35,87.34617,0.07216,0.03029,0.36963,-0.32815,-8.79631,0.44147,0.4607,0.60247,0.24302,0.17089,0.18115,0.11969,0.1,0.31054,0.30288,9645,95420,56996
Twilio Inc,0,1,3,,0.60077,E-Commerce,344.8,0.61533,TWLO,C,450,TWLO  220121C00450000,83684,1/21/2022 12:00:00 AM,591,16,8.15,10.55,17.53389,20.31563,3,1,-0.25695,-0.18537,738.6919,0.95103,-0.57353,2,336.65,77.21858,0.05593,0.02364,0.3367,-0.3051,-8.56298,0.38883,0.42629,0.52329,0.22627,0.15602,0.17824,0.10515,0.1,0.24403,0.23637,13629,96229,53850
Shopify Inc,0,1,4,,0.51606,E-Commerce,1484.33,0.5155,SHOP,C,1900,SHOP  220121C01900000,191969,1/21/2022 12:00:00 AM,120,10,42.7,46.4,89.48703,22.18341,3,1,-0.26851,-0.2451,756.4399,0.93471,-0.56655,2,1441.63,78.41895,0.06842,0.02877,0.31795,-0.28004,-38.56527,0.39806,0.4108,0.54418,0.25201,0.1805,0.18805,0.10699,0.1,0.29533,0.28767,8955,95332,57391
Shopify Inc,0,1,4,,0.51606,E-Commerce,1484.33,0.5155,SHOP,C,1920,SHOP  220121C01920000,389281,1/21/2022 12:00:00 AM,11,0,40,43.5,86.40608,21.05983,3,1,-0.27058,-0.24783,770.6479,0.95207,-0.57101,2,1444.33,79.88453,0.06398,0.02695,0.32934,-0.29351,-37.42978,0.3986,0.41103,0.54646,0.24368,0.17051,0.17791,0.10503,0.1,0.27714,0.26948,8777,95175,57991
Shopify Inc,0,1,4,,0.51606,E-Commerce,1484.33,0.5155,SHOP,C,1940,SHOP  220121C01940000,230393,1/21/2022 12:00:00 AM,75,0,37.7,41.2,83.47678,20.07403,3,1,-0.27118,-0.24782,781.6926,0.96427,-0.57407,2,1446.63,81.22699,0.0602,0.0254,0.34105,-0.30699,-36.49246,0.39997,0.41279,0.54879,0.23568,0.16151,0.16914,0.10371,0.1,0.26165,0.25399,8778,95117,58192
Oasis Midstream Partners LP,0.09607,1,2,e^,0.72173,Pipeline MLPs,20.75,0.95065,OMP,C,25,OMP   220218C00025000,263130,2/18/2022 12:00:00 AM,51,15,1.45,1.65,2.41307,35.61586,3,1,-0.24876,-0.19569,603.0219,0.51239,-0.39523,2,18.28416,85.5534,0.2435,0.11884,0.34429,-0.20482,-0.85488,0.53905,0.57713,0.71755,0.32934,0.27826,0.29143,0.19516,0.1,0.70781,0.6988,12828,108752,51500
Progyny Inc,0,1,1,e^,0.75009,Medical Services,43.4,0.65739,PGNY,C,50,PGNY  220218C00050000,223823,2/18/2022 12:00:00 AM,82,11,3.6,3.9,5.78612,41.62409,3,1,-0.27505,-0.23677,578.5878,0.5457,-0.41609,2,39.8,70.23486,0.1775,0.08295,0.25628,-0.15207,-1.6401,0.471,0.49587,0.6497,0.38752,0.34671,0.35404,0.18325,0.1,0.83851,0.82949,9534,94813,59428
Progyny Inc,0,1,1,e^,0.75009,Medical Services,43.4,0.65739,PGNY,C,55,PGNY  220218C00055000,195963,2/18/2022 12:00:00 AM,114,0,2.45,2.7,4.58797,31.46449,3,1,-0.28063,-0.24621,649.7642,0.61666,-0.44617,2,40.95,83.79863,0.11741,0.05645,0.3431,-0.26728,-1.49188,0.47497,0.4977,0.66026,0.3144,0.25079,0.26066,0.16216,0.1,0.57354,0.56452,8878,94405,61186
Progyny Inc,0,1,1,e^,0.75009,Medical Services,43.4,0.65739,PGNY,C,60,PGNY  220218C00060000,282668,2/18/2022 12:00:00 AM,41,5,1.7,1.9,3.71287,23.63722,3,1,-0.2839,-0.25278,716.0992,0.67763,-0.4694,2,41.7,95.34742,0.08,0.03917,0.43885,-0.38249,-1.30764,0.48283,0.50381,0.67425,0.2565,0.18048,0.19066,0.14757,0.1,0.40072,0.39171,8385,94160,62262
Dynatrace Inc,0,1,3,,0.58814,Computer Software/Svcs,62,0.56792,DT,C,80,DT    220218C00080000,539457,2/18/2022 12:00:00 AM,1,0,1.95,2.25,5.06248,23.3656,3,1,-0.34715,-0.30967,763.3896,0.85539,-0.54068,3,60.05,83.80965,0.06372,0.03145,0.33222,-0.29032,-1.50556,0.38555,0.40768,0.59056,0.27987,0.18584,0.1991,0.11691,0.1,0.32354,0.31452,5475,90200,86273
Smartsheet Inc,0,1,3,,0.58656,E-Commerce,67.87,0.59095,SMAR,C,80,SMAR  220218C00080000,334457,2/18/2022 12:00:00 AM,22,0,3.9,4.2,7.34923,35.11798,3,1,-0.3149,-0.28653,642.5391,0.6942,-0.48497,3,63.97,70.70939,0.11964,0.05746,0.25059,-0.17872,-2.08362,0.40318,0.41988,0.5885,0.35571,0.29461,0.30205,0.14405,0.1,0.58365,0.57463,6426,92090,73167
Smartsheet Inc,0,1,3,,0.58656,E-Commerce,67.87,0.59095,SMAR,C,90,SMAR  220218C00090000,457826,2/18/2022 12:00:00 AM,5,0,1.9,2.3,5.5103,21.34664,3,1,-0.3625,-0.31647,798.0556,0.8573,-0.54071,3,65.97,89.79883,0.05652,0.02799,0.36426,-0.32606,-1.60332,0.39303,0.42141,0.61652,0.26738,0.1651,0.1819,0.11664,0.1,0.28897,0.27995,5231,89432,92966
Zillow Group Inc,0,1,2,,0.53725,Internet,93.15,0.58802,Z,C,135,Z     220218C00135000,320358,2/18/2022 12:00:00 AM,26,1,3.05,3.3,5.35091,20.07909,3,1,-0.18738,-0.1652,666.376,0.70897,-0.47957,2,90.1,89.61798,0.06643,0.03274,0.49834,-0.44928,-2.57728,0.49206,0.50549,0.60552,0.20114,0.15134,0.15785,0.14105,0.1,0.33645,0.32743,15381,114194,36197
10x Genomics Inc,0,1,2,,0.61599,Biotechnology,162.17,0.6244,TXG,C,160,TXG   220218C00160000,302529,2/18/2022 12:00:00 AM,32,2,21.9,24.3,29.34945,59.26003,3,1,-0.27404,-0.18606,465.1191,0.45394,-0.37352,2,140.27,45.80003,0.27602,0.13504,0.14066,0.01338,-5.99995,0.44071,0.49412,0.60707,0.5207,0.5285,0.52542,0.22029,0.2,0.61733,0.67522,13577,94904,59118
International Flavors and Fragrances Inc,0.02016,1,3,^,0.29016,Chemical (Specialty),154.95,0.37922,IFF,C,170,IFF   220218C00170000,565419,2/18/2022 12:00:00 AM,1,0,3.3,4.7,6.97769,29.36725,3,1,-0.3265,-0.19734,619.8805,1.57818,-0.74443,3,150.0582,37.70219,0.06286,0.03157,0.13128,-0.09713,-2.37716,0.19413,0.23136,0.28824,0.32398,0.2489,0.28473,0.06336,0.10287,0.21605,0.20703,12706,91347,77777
10x Genomics Inc,0,1,2,,0.61599,Biotechnology,162.17,0.6244,TXG,C,175,TXG   220218C00175000,531481,2/18/2022 12:00:00 AM,1,0,15.1,18.2,23.59997,48.35613,3,1,-0.3023,-0.192,529.4489,0.52695,-0.41142,3,147.07,58.27724,0.20148,0.09311,0.18991,-0.07911,-5.99017,0.42515,0.49236,0.60936,0.43869,0.41248,0.42427,0.18977,0.12089,0.77927,0.77025,13114,92899,68541
10x Genomics Inc,0,1,2,,0.61599,Biotechnology,162.17,0.6244,TXG,C,180,TXG   220218C00180000,432330,2/18/2022 12:00:00 AM,7,0,13,16.7,22.02085,44.83699,3,1,-0.32062,-0.18846,553.1774,0.552,-0.42424,3,149.17,62.51502,0.17102,0.08016,0.20668,-0.10995,-5.89685,0.41576,0.49664,0.61197,0.41366,0.37408,0.39405,0.18116,0.1,0.81065,0.80163,13363,91726,75352
10x Genomics Inc,0,1,2,,0.61599,Biotechnology,162.17,0.6244,TXG,C,185,TXG   220218C00185000,453610,2/18/2022 12:00:00 AM,5,0,11.5,14.7,20.59107,41.30572,3,1,-0.32421,-0.20878,581.5477,0.58266,-0.43803,3,150.67,66.88322,0.14978,0.07091,0.22785,-0.14078,-5.73132,0.41584,0.48687,0.61534,0.39,0.33969,0.36204,0.17163,0.1,0.71815,0.70913,11711,91489,76835
10x Genomics Inc,0,1,2,,0.61599,Biotechnology,162.17,0.6244,TXG,C,195,TXG   220218C00195000,502769,2/18/2022 12:00:00 AM,2,0,9.1,12.4,18.13384,35.45547,3,1,-0.32781,-0.20494,618.1659,0.61645,-0.45332,3,153.07,74.59435,0.11666,0.05611,0.27393,-0.20244,-5.52881,0.4195,0.49618,0.62408,0.34695,0.27911,0.31029,0.16222,0.1,0.57016,0.56114,12028,91271,78282
Ferrari NV,0.00464,1,4,,0.29191,Automotive,219.15,0.30119,RACE,C,260,RACE  220218C00260000,179509,2/18/2022 12:00:00 AM,141,0,3.8,4.2,6.79914,20.06245,3,1,-0.20684,-0.17703,652.9064,1.57384,-0.72378,2,214.8318,45.43117,0.03927,0.0197,0.2097,-0.1864,-3.11857,0.24342,0.25257,0.3069,0.22668,0.17224,0.18112,0.06354,0.1,0.18242,0.1734,14326,112446,40403
Salesforce Com Inc,0,1,3,,0.33243,E-Commerce,246.54,0.41663,CRM,C,300,CRM   220218C00300000,88426,2/18/2022 12:00:00 AM,541,27,5.55,6.25,10.99642,21.80295,3,1,-0.25008,-0.21514,669.9996,1.22251,-0.6504,2,240.99,55.94709,0.04519,0.02251,0.24486,-0.21684,-4.36379,0.28973,0.30323,0.38635,0.2486,0.18265,0.19352,0.0818,0.1,0.23414,0.22512,11176,96772,51874
Sea Limited,0,1,4,,0.58846,Foreign Electronics,308.7,0.58743,SE,C,410,SE    220218C00410000,152513,2/18/2022 12:00:00 AM,201,0,10.65,12.6,23.0846,23.64769,3,1,-0.28279,-0.23445,696.1688,0.76117,-0.50561,2,298.05,83.91967,0.07012,0.0345,0.37561,-0.32815,-8.33565,0.42568,0.45437,0.59352,0.25833,0.18294,0.19846,0.13138,0.1,0.35401,0.345,9709,94245,61868
Sea Limited,0,1,4,,0.58846,Foreign Electronics,308.7,0.58743,SE,C,420,SE    220218C00420000,419123,2/18/2022 12:00:00 AM,8,1,10,11.15,21.91565,21.76561,3,1,-0.2746,-0.24521,715.852,0.77525,-0.50839,2,298.7,87.25887,0.0657,0.03239,0.40609,-0.36054,-8.04504,0.4369,0.4546,0.60229,0.24349,0.16897,0.17854,0.12899,0.1,0.33296,0.32394,8947,94848,59280
Sea Limited,0,1,4,,0.58846,Foreign Electronics,308.7,0.58743,SE,C,430,SE    220218C00430000,389092,2/18/2022 12:00:00 AM,12,10,8.9,10.65,20.88392,20.19422,3,1,-0.28177,-0.2356,730.0245,0.77941,-0.51017,2,299.8,90.35492,0.05826,0.02883,0.43429,-0.39294,-7.81519,0.43911,0.46734,0.61138,0.23004,0.15186,0.16693,0.1283,0.1,0.29733,0.28831,9628,94313,61547
Northern Oil and Gas Inc,0,1,2,e^,0.84887,Petroleum (Producing),15.91,0.83035,NOG,C,16,NOG   220318C00016000,273483,3/18/2022 12:00:00 AM,45,0,2.85,3.1,3.91985,59.64516,3,1,-0.28123,-0.21605,478.9162,0.33963,-0.29606,2,13.06,60.80503,0.3722,0.17913,0.22511,-0.00566,-0.7054,0.58483,0.63786,0.81365,0.50303,0.50422,0.50387,0.29444,0.19434,0.93211,0.92173,11099,94357,61364
Northern Oil and Gas Inc,0,1,2,e^,0.84887,Petroleum (Producing),15.91,0.83035,NOG,C,20,NOG   220318C00020000,200387,3/18/2022 12:00:00 AM,109,0,1.55,1.85,2.74242,40.73524,3,1,-0.30056,-0.22384,582.2817,0.418,-0.34294,3,14.36,90.70033,0.1841,0.09742,0.39276,-0.25707,-0.69681,0.57804,0.64144,0.82643,0.36499,0.31085,0.32827,0.23923,0.1,0.98461,0.97423,10472,93016,67911
Community Health Systems Inc,0,1,1,e,0.83661,Medical Services,12.31,0.81687,CYH,C,21,CYH   220318C00021000,348065,3/18/2022 12:00:00 AM,19,0,0.5,0.7,1.17295,21.27923,3,1,-0.26661,-0.17971,681.058,0.48992,-0.38465,2,11.81,122.6047,0.07221,0.04062,0.77815,-0.70593,-0.42771,0.6168,0.68989,0.84103,0.20803,0.13373,0.16073,0.20411,0.1,0.41655,0.40617,14111,95464,56806
Amyris Inc,0,1,2,e^,0.97455,Biotechnology,13.01,0.95521,AMRS,C,22,AMRS  220318C00022000,479458,3/18/2022 12:00:00 AM,3,0,0.8,0.95,1.86729,25.83781,3,1,-0.30017,-0.25375,714.5865,0.42579,-0.34279,3,12.21,137.9032,0.11175,0.06149,0.8018,-0.69101,-0.55841,0.70271,0.74932,1.00412,0.25151,0.16928,0.18473,0.23486,0.1,0.62529,0.61491,8319,93044,67774
Northern Oil and Gas Inc,0,1,2,e^,0.84887,Petroleum (Producing),15.91,0.83035,NOG,C,22,NOG   220318C00022000,207964,3/18/2022 12:00:00 AM,100,0,1.15,1.45,2.34942,33.24949,3,1,-0.30982,-0.22895,632.1735,0.45128,-0.36189,3,14.76,103.7872,0.13289,0.07228,0.49051,-0.38278,-0.65359,0.57949,0.64739,0.83962,0.31278,0.23978,0.26341,0.22159,0.1,0.73319,0.72282,10088,92423,71245
ConAgra Brands Inc,0.03342,2,2,,0.31704,Food Processing,34.13,0.74327,CAG,C,37,CAG   220318C00037000,280719,3/18/2022 12:00:00 AM,42,0,0.9,1.05,4.33809,31.14675,3,1,-0.63666,-0.60621,1103.376,1.46814,-0.72259,3,32.56125,69.3569,0.07961,0.04596,0.13305,-0.08409,-0.49031,0.19764,0.2142,0.54395,0.4145,0.27611,0.29168,0.06811,0.11591,0.23788,0.2275,3957,88241,184227
ConAgra Brands Inc,0.03342,2,2,,0.31704,Food Processing,34.13,0.74327,CAG,C,38,CAG   220318C00038000,316946,3/18/2022 12:00:00 AM,27,100,0.65,0.8,4.30974,25.10259,3,1,-0.66097,-0.62885,1281.585,1.66681,-0.75043,3,32.81125,79.41899,0.06653,0.03864,0.1546,-0.11339,-0.4326,0.19413,0.21252,0.5726,0.39512,0.21635,0.23678,0.05999,0.1,0.20083,0.19045,3281,87159,184830
KKR and Company Inc,0.00881,1,4,,0.3355,Public / Private Equity,63.58,0.32475,KKR,C,75,KKR   220318C00075000,212916,3/18/2022 12:00:00 AM,94,0,1.55,1.7,2.47098,24.0675,3,1,-0.18569,-0.15401,557.8611,1.26055,-0.66335,2,61.70159,44.03522,0.05143,0.02954,0.21426,-0.17962,-0.98663,0.25501,0.26493,0.31316,0.25233,0.20631,0.21517,0.07933,0.1,0.25416,0.24379,16318,114322,35880
Dynatrace Inc,0,1,3,,0.58814,Computer Software/Svcs,62,0.56847,DT,C,80,DT    220318C00080000,382594,3/18/2022 12:00:00 AM,12,0,2.4,2.65,5.75791,25.7138,3,1,-0.33885,-0.31109,693.1384,0.76502,-0.5076,3,59.6,80.92106,0.06868,0.03871,0.34228,-0.29032,-1.48552,0.38891,0.40524,0.58823,0.29361,0.20579,0.21535,0.13072,0.1,0.39747,0.3871,5422,90626,82757
Cheniere Energy Inc,0,1,2,,0.34556,Oil & Gas Distro,85.97,0.32798,LNG,C,105,LNG   220318C00105000,851232,3/18/2022 12:00:00 AM,0,0,1.75,1.95,3.03095,20.5231,3,1,-0.19582,-0.16303,594.9114,1.30272,-0.66803,2,84.22,47.98344,0.03544,0.02036,0.24673,-0.22136,-1.24644,0.26218,0.27287,0.32602,0.22379,0.17249,0.1821,0.07676,0.1,0.21394,0.20356,15551,113425,37960
iShares Biotechnology ETF,0.00167,1,0,d,0.24208,ETF,170.41,0.24403,IBB,C,199,IBB   220318C00199000,728581,3/18/2022 12:00:00 AM,0,0,2.79,3.1,4.94186,20.53975,3,1,-0.20742,-0.17522,605.1089,1.7528,-0.75562,2,167.4532,38.33663,0.03006,0.01735,0.18819,-0.16777,-1.98237,0.20649,0.21488,0.26053,0.23258,0.17839,0.18794,0.05705,0.1,0.1741,0.16372,14478,112382,40524
Etsy Inc,0,1,3,,0.56235,Internet,194.68,0.64204,ETSY,C,280,ETSY  220318C00280000,282582,3/18/2022 12:00:00 AM,41,0,6.4,6.8,15.4032,20.22563,3,1,-0.29237,-0.27745,712.7224,0.71981,-0.48425,2,188.28,94.44251,0.05798,0.03287,0.48715,-0.43826,-4.64658,0.45238,0.46192,0.63929,0.23538,0.15404,0.15909,0.13893,0.1,0.33912,0.32874,6891,93559,65088
Salesforce Com Inc,0,1,3,,0.33243,E-Commerce,246.54,0.42206,CRM,C,310,CRM   220318C00310000,262339,3/18/2022 12:00:00 AM,51,0,5.55,6.3,12.33718,20.46735,3,1,-0.27736,-0.24333,663.069,1.12333,-0.62236,2,240.99,60.4183,0.03928,0.02251,0.28636,-0.2574,-4.01479,0.29644,0.3104,0.41022,0.24316,0.16768,0.17878,0.08902,0.1,0.23549,0.22512,9071,94656,60130
Square Inc,0,1,4,,0.53228,Computer Software/Svcs,261.19,0.5483,SQ,C,360,SQ    220318C00360000,103681,3/18/2022 12:00:00 AM,416,0,8.05,8.3,15.69656,20.39382,3,1,-0.229,-0.22068,648.2635,0.80162,-0.51701,2,253.14,78.27204,0.05424,0.03082,0.42214,-0.37831,-5.66602,0.40936,0.41378,0.53095,0.22253,0.16096,0.16356,0.12475,0.1,0.31858,0.3082,10731,110510,45946
Innovative Industrial Properties Inc,0.02439,1,3,,0.55202,R.E.I.T.,227.97,0.55617,IIPR,C,300,IIPR  220520C00300000,347087,5/20/2022 12:00:00 AM,20,2,8.6,10.7,17.21794,25.19284,3,1,-0.26128,-0.19345,541.0644,0.69526,-0.48018,2,215.1503,68.8683,0.07605,0.05623,0.38606,-0.31596,-4.62,0.36724,0.40096,0.49713,0.25923,0.19103,0.21168,0.14383,0.1,0.39068,0.37724,13006,95865,55162
Innovative Industrial Properties Inc,0.02439,1,3,,0.55202,R.E.I.T.,227.97,0.55617,IIPR,C,310,IIPR  220520C00310000,438428,5/20/2022 12:00:00 AM,6,0,7.8,9.9,16.40786,23.08999,3,1,-0.26266,-0.19348,557.0945,0.69595,-0.47982,2,215.9503,72.88221,0.07107,0.05272,0.42651,-0.35983,-4.51687,0.37731,0.41271,0.51172,0.24169,0.17092,0.19242,0.14369,0.1,0.35558,0.34215,13004,95759,55625
Snap Inc,0,1,4,,0.63186,Internet,71.72,0.63743,SNAP,C,115,SNAP  220617C00115000,168729,6/17/2022 12:00:00 AM,161,0,3.25,3.45,5.29903,21.91743,3,1,-0.16642,-0.1489,516.3696,0.53979,-0.40189,2,68.47,85.63344,0.0568,0.04532,0.67957,-0.60346,-1.64406,0.49366,0.50404,0.59222,0.1991,0.1554,0.16044,0.18526,0.1,0.46794,0.45315,16766,116011,32239
Square Inc,0,1,4,,0.53228,Computer Software/Svcs,261.19,0.55122,SQ,C,380,SQ    220617C00380000,141782,6/17/2022 12:00:00 AM,233,2,10.2,10.7,19.63044,22.01848,3,1,-0.22946,-0.21602,541.8771,0.65161,-0.45598,2,250.99,76.30347,0.04863,0.03905,0.514,-0.45488,-4.99014,0.40714,0.41424,0.52838,0.22795,0.16661,0.17079,0.15347,0.1,0.40531,0.39052,11101,110473,46051
Twilio Inc,0,1,3,,0.60077,E-Commerce,344.8,0.61704,TWLO,C,510,TWLO  220617C00510000,408011,6/17/2022 12:00:00 AM,10,0,12.6,14.9,25.35965,21.5838,3,1,-0.23668,-0.19008,539.6009,0.63782,-0.45109,2,332.2,77.71772,0.04539,0.03654,0.53522,-0.47912,-6.66457,0.40852,0.43346,0.53519,0.22068,0.15658,0.17091,0.15679,0.1,0.38022,0.36543,13250,109779,48046
Zillow Group Inc,0,1,2,,0.53725,Internet,93.15,0.59742,Z,C,165,Z     220916C00165000,326471,9/16/2022 12:00:00 AM,24,22,4.6,5.5,8.82957,22.25849,3,1,-0.21291,-0.16379,482.5337,0.46069,-0.36169,2,88.55,91.22967,0.04788,0.04938,0.86335,-0.77134,-1.95426,0.49877,0.5299,0.63369,0.20127,0.14377,0.1584,0.21707,0.1,0.51303,0.49383,15489,111909,41831
Salesforce Com Inc,0,1,3,,0.33243,E-Commerce,246.54,0.43877,CRM,C,340,CRM   220916C00340000,534667,9/16/2022 12:00:00 AM,1,0,7.1,9.25,18.92262,21.25688,3,1,-0.32815,-0.26115,516.3666,0.78153,-0.51407,3,239.44,62.76701,0.02733,0.0288,0.41998,-0.37909,-3.07199,0.28919,0.31803,0.43044,0.25013,0.15786,0.1808,0.12795,0.1,0.30719,0.28799,7860,91253,78415
Square Inc,0,1,4,,0.53228,Computer Software/Svcs,261.19,0.55279,SQ,C,400,SQ    220916C00400000,102242,9/16/2022 12:00:00 AM,427,0,11.75,12.65,23.02722,22.90336,3,1,-0.23613,-0.21533,481.6324,0.56768,-0.41673,2,249.44,75.44049,0.04342,0.04499,0.60359,-0.53145,-4.48825,0.40363,0.41462,0.5284,0.2298,0.1665,0.17298,0.17616,0.1,0.46907,0.44986,11159,109833,47894
Square Inc,0,1,4,,0.53228,Computer Software/Svcs,261.19,0.55279,SQ,C,410,SQ    220916C00410000,203950,9/16/2022 12:00:00 AM,104,0,10.65,11.4,22.63209,21.1432,3,1,-0.25157,-0.23389,502.8901,0.58329,-0.42322,2,250.54,78.79984,0.03918,0.04077,0.63647,-0.56974,-4.27587,0.40386,0.4134,0.53961,0.22122,0.15239,0.15803,0.17144,0.1,0.42695,0.40775,9745,96663,52297
Twilio Inc,0,1,3,,0.60077,E-Commerce,344.8,0.61747,TWLO,C,520,TWLO  220916C00520000,305366,9/16/2022 12:00:00 AM,31,0,16.55,18.25,30.05514,24.24172,3,1,-0.21674,-0.18731,460.5366,0.55316,-0.41057,2,328.25,72.40528,0.04647,0.048,0.58416,-0.50812,-6.15834,0.40424,0.41943,0.5161,0.23313,0.17614,0.18499,0.18078,0.1,0.49919,0.47999,13468,111584,42799
Shopify Inc,0,1,4,,0.51606,E-Commerce,1484.33,0.52262,SHOP,C,2300,SHOP  220916C02300000,932693,9/16/2022 12:00:00 AM,0,0,64.1,70.7,142.9472,22.29961,3,1,-0.27421,-0.24861,508.9326,0.56884,-0.41727,2,1420.23,80.20263,0.0416,0.04318,0.61946,-0.54952,-25.25893,0.40455,0.41882,0.55739,0.23538,0.16017,0.16856,0.1758,0.1,0.45105,0.43184,8723,94879,59173
Dynatrace Inc,0,1,3,,0.58814,Computer Software/Svcs,62,0.57041,DT,C,95,DT    221118C00095000,524809,11/18/2022 12:00:00 AM,1,0,3.2,3.6,8.20941,25.07674,3,1,-0.33983,-0.30945,505.0798,0.52178,-0.39482,3,58.8,82.57099,0.04328,0.05161,0.61565,-0.53226,-1.02781,0.39288,0.41096,0.59512,0.27223,0.17929,0.19006,0.19165,0.1,0.53839,0.51613,5485,90574,83122
Ferrari NV,0.00464,1,4,,0.29191,Automotive,219.15,0.30384,RACE,C,290,RACE  221216C00290000,706370,12/16/2022 12:00:00 AM,0,0,5.8,7.2,11.76799,21.2749,3,1,-0.24456,-0.18251,413.3275,0.89334,-0.55322,2,211.9933,44.98848,0.02502,0.03266,0.36546,-0.32329,-2.02497,0.23312,0.25227,0.30859,0.23057,0.16464,0.18366,0.11194,0.1,0.28828,0.26466,13877,109107,50266
Qurate Retail Inc,0,2,2,,0.50547,Retail (Hardlines),10.69,1.33332,QRTEA,C,13.5,QRTEA 230120C00013500,116246,1/20/2023 12:00:00 AM,340,110,1.4,1.65,4.04117,45.87895,3,1,-0.54925,-0.49819,573.5784,0.34522,-0.29647,3,9.29,96.75341,0.10537,0.13096,0.45318,-0.26286,-0.2398,0.43514,0.48443,0.96537,0.42849,0.34464,0.35974,0.28967,0.1,1.33495,1.30964,8753,93099,177958
Qurate Retail Inc,0,2,2,,0.50547,Retail (Hardlines),10.69,1.33332,QRTEA,C,15,QRTEA 230120C00015000,42074,1/20/2023 12:00:00 AM,1542,0,1,1.3,4.13011,37.74612,3,1,-0.59948,-0.5405,679.624,0.38024,-0.32017,3,9.69,120.8129,0.07216,0.09355,0.54799,-0.40318,-0.22367,0.41973,0.48153,1.04795,0.40126,0.26617,0.29312,0.26299,0.1,0.96077,0.93545,6246,90078,182488
Amyris Inc,0,1,2,e^,0.97455,Biotechnology,13.01,0.96706,AMRS,C,30,AMRS  230120C00030000,50109,1/20/2023 12:00:00 AM,1231,63,1.3,1.6,3.24524,30.13307,3,1,-0.32492,-0.27049,508.8112,0.286,-0.25399,3,11.71,131.6655,0.07763,0.09992,1.56191,-1.30592,-0.38305,0.68699,0.74238,1.01764,0.2528,0.16203,0.18074,0.34965,0.1,1.02454,0.99923,7298,91447,77140
Amyris Inc,0,1,2,e^,0.97455,Biotechnology,13.01,0.96706,AMRS,C,32,AMRS  230120C00032000,366530,1/20/2023 12:00:00 AM,15,0,1.2,1.6,3.13018,28.85725,3,1,-0.3236,-0.25045,510.3695,0.28126,-0.25413,3,11.81,135.6363,0.07105,0.09224,1.70957,-1.45965,-0.38501,0.69637,0.77168,1.02953,0.23871,0.14678,0.17161,0.35554,0.1,0.94768,0.92237,8512,91530,76598
Amyris Inc,0,1,2,e^,0.97455,Biotechnology,13.01,0.96706,AMRS,C,35,AMRS  230120C00035000,59883,1/20/2023 12:00:00 AM,977,0,1.15,1.35,2.98456,26.18744,3,1,-0.30766,-0.26991,527.9832,0.28994,-0.25467,3,11.86,143.1198,0.0678,0.08839,1.9511,-1.69024,-0.37177,0.72491,0.76443,1.04704,0.22061,0.13299,0.14575,0.3449,0.1,0.90925,0.88394,7336,92577,70432
ConAgra Brands Inc,0.03342,2,2,,0.31704,Food Processing,34.13,0.78667,CAG,C,40,CAG   230120C00040000,115425,1/20/2023 12:00:00 AM,344,0,1.15,1.35,7.17633,27.79227,3,1,-0.66287,-0.63754,819.2421,0.90031,-0.56154,3,31.34875,80.93283,0.0578,0.08149,0.26065,-0.17199,-0.31541,0.20405,0.21938,0.60525,0.40117,0.22889,0.2449,0.11107,0.1,0.36226,0.33695,3046,87078,184866
ConAgra Brands Inc,0.03342,2,2,,0.31704,Food Processing,34.13,0.78667,CAG,C,42,CAG   230120C00042000,185065,1/20/2023 12:00:00 AM,131,0,0.75,0.95,7.36339,20.9254,3,1,-0.6964,-0.66892,984.0346,1.03533,-0.59978,3,31.74875,95.17653,0.04913,0.06977,0.30603,-0.23059,-0.26082,0.19733,0.21519,0.64996,0.38366,0.1649,0.18575,0.09659,0.1,0.24506,0.21975,2449,85823,185393
Maxar Technologies Inc,0.00124,1,2,,0.7433,Aerospace/Defense,28.95,0.72733,MAXR,C,75,MAXR  230120C00075000,123987,1/20/2023 12:00:00 AM,302,0,1.7,2.05,3.63217,20.62395,3,1,-0.21874,-0.1744,472.0255,0.34412,-0.29154,2,27.19866,117.8867,0.04486,0.0605,1.75407,-1.59067,-0.6291,0.62656,0.66212,0.80199,0.16653,0.10767,0.12051,0.2906,0.1,0.61253,0.58722,14541,111426,43242
KKR and Company Inc,0.00881,1,4,,0.3355,Public / Private Equity,63.58,0.33648,KKR,C,85,KKR   230120C00085000,240404,1/20/2023 12:00:00 AM,67,0,2.3,2.55,4.04505,23.87431,3,1,-0.21176,-0.17935,382.8662,0.74723,-0.49917,2,60.47892,46.76796,0.03505,0.04877,0.39968,-0.3369,-0.66343,0.2615,0.27225,0.33175,0.24202,0.18732,0.1969,0.13383,0.1,0.38706,0.36175,14140,112015,41538
Smartsheet Inc,0,1,3,,0.58656,E-Commerce,67.87,0.59318,SMAR,C,85,SMAR  230120C00085000,290517,1/20/2023 12:00:00 AM,37,0,6.3,8.6,13.90725,41.88707,3,1,-0.40502,-0.28083,412.253,0.41629,-0.34491,3,61.57,62.94599,0.07155,0.09282,0.38054,-0.25239,-1.26904,0.34801,0.42065,0.58491,0.38761,0.31563,0.34566,0.24021,0.1,0.95356,0.92825,6708,87404,112402
eXp World Holdings Inc,0.00318,2,3,,0.72324,E-Commerce,42.77,1.13061,EXPI,C,90,EXPI  230120C00090000,365531,1/20/2023 12:00:00 AM,15,0,4.3,5,14.59165,30.72977,3,1,-0.44559,-0.41226,609.899,0.29995,-0.26215,3,38.27549,150.3228,0.08134,0.10509,1.34403,-1.10428,-1.19316,0.64968,0.68874,1.17185,0.30291,0.17597,0.18996,0.33339,0.1,1.03069,1.00538,15623,113450,157803
Smartsheet Inc,0,1,3,,0.58656,E-Commerce,67.87,0.59318,SMAR,C,90,SMAR  230120C00090000,349672,1/20/2023 12:00:00 AM,19,0,5.2,7.4,12.86752,37.05767,3,1,-0.41076,-0.28915,435.5863,0.43821,-0.35867,3,62.67,68.81112,0.05802,0.07662,0.43609,-0.32606,-1.21851,0.34786,0.41965,0.59035,0.35797,0.26843,0.30436,0.2282,0.1,0.79148,0.76617,6319,87169,114915
Tradeweb Markets Inc,0.00366,1,3,,0.36759,Internet,87.02,0.34271,TW,C,90,TW    230120C00090000,470244,1/20/2023 12:00:00 AM,4,0,9.6,10.6,13.28794,54.38529,3,1,-0.26845,-0.19574,288.3903,0.51821,-0.40915,2,76.96451,28.37066,0.09036,0.11555,0.16772,-0.03425,-1.19874,0.2457,0.27012,0.33586,0.4865,0.48155,0.48322,0.19297,0.16575,0.69087,0.66556,12823,95338,57374
Dynatrace Inc,0,1,3,,0.58814,Computer Software/Svcs,62,0.57061,DT,C,95,DT    230120C00095000,376729,1/20/2023 12:00:00 AM,13,0,3.5,4.2,9.24353,26.87353,3,1,-0.35913,-0.31083,475.2316,0.48784,-0.37866,3,58.5,80.21161,0.04183,0.05645,0.62393,-0.53226,-0.98496,0.3796,0.40821,0.59232,0.28545,0.18827,0.20545,0.20498,0.1,0.58983,0.56452,5432,89578,91523
eXp World Holdings Inc,0.00318,2,3,,0.72324,E-Commerce,42.77,1.13061,EXPI,C,100,EXPI  230120C00100000,319281,1/20/2023 12:00:00 AM,26,1,3.4,4.4,14.65213,26.58297,3,1,-0.47472,-0.42586,657.8483,0.30828,-0.27139,3,39.17549,166.6363,0.06357,0.08404,1.54455,-1.33809,-1.11892,0.64381,0.7037,1.22565,0.28594,0.14093,0.16241,0.32438,0.1,0.82026,0.79495,14420,110924,165205
eXp World Holdings Inc,0.00318,2,3,,0.72324,E-Commerce,42.77,1.13061,EXPI,C,105,EXPI  230120C00105000,102097,1/20/2023 12:00:00 AM,428,0,3.5,3.8,14.72028,25.11013,3,1,-0.46374,-0.449,678.6976,0.31523,-0.27026,3,39.07549,173.6225,0.0655,0.08638,1.67834,-1.45499,-1.09619,0.67135,0.68981,1.25192,0.27893,0.13724,0.14377,0.31723,0.1,0.84364,0.81833,12557,111832,162556
Micron Technology Inc,0.00533,1,3,,0.46617,Semiconductor,70.72,0.46558,MU,C,115,MU    230120C00115000,32379,1/20/2023 12:00:00 AM,2102,13,2.75,3.05,6.43589,20.21512,3,1,-0.27261,-0.24734,456.3261,0.56751,-0.41539,2,67.43093,74.08322,0.03362,0.04651,0.69955,-0.62613,-0.90169,0.36472,0.37739,0.50141,0.2173,0.14137,0.14961,0.17621,0.1,0.41417,0.38886,8801,95023,58668
Monster Beverage Corporation,0,2,4,,0.27814,Beverage,97.49,0.4522,MNST,C,125,MNST  230120C00125000,279409,1/20/2023 12:00:00 AM,42,0,2.5,3.4,10.19092,22.86456,3,1,-0.48163,-0.41586,552.384,0.95641,-0.57871,3,94.99,55.51181,0.0184,0.02564,0.31593,-0.28218,-0.81788,0.20145,0.22701,0.38862,0.31548,0.17704,0.20544,0.10456,0.1,0.28175,0.25644,15321,110262,166698
Dollar Tree Inc,0,1,3,,0.33614,Retail Store,100.5,0.36055,DLTR,C,140,DLTR  230120C00140000,387894,1/20/2023 12:00:00 AM,12,0,3.05,3.5,5.66507,20.96974,3,1,-0.21269,-0.17295,395.607,0.78814,-0.51304,2,97.45,48.05625,0.02188,0.03035,0.43663,-0.39303,-0.96495,0.25852,0.27157,0.32836,0.21778,0.16101,0.17291,0.12688,0.1,0.3288,0.30348,14659,111930,41782
Zillow Group Inc,0,1,2,,0.53725,Internet,93.15,0.59942,Z,C,180,Z     230120C00180000,64757,1/20/2023 12:00:00 AM,873,31,5.6,6.5,10.5303,23.60013,3,1,-0.20898,-0.16778,427.5783,0.40065,-0.32637,2,87.55,89.86464,0.04473,0.06012,1.05597,-0.93237,-1.77162,0.50243,0.5286,0.63517,0.20216,0.14589,0.15816,0.24959,0.1,0.62649,0.60118,15123,112260,40906
Zendesk Inc,0,1,2,,0.41747,E-Commerce,120.89,0.42692,ZEN,C,180,ZEN   230120C00180000,83067,1/20/2023 12:00:00 AM,598,0,5.6,6.3,10.00123,24.34566,3,1,-0.21195,-0.17582,394.0929,0.57231,-0.42041,2,115.29,60.06674,0.03396,0.04632,0.56128,-0.48896,-1.61331,0.33787,0.35336,0.42874,0.23361,0.17812,0.18886,0.17473,0.1,0.48854,0.46323,14424,111999,41580
International Flavors and Fragrances Inc,0.02016,1,3,^,0.29016,Chemical (Specialty),154.95,0.38757,IFF,C,185,IFF   230120C00185000,281579,1/20/2023 12:00:00 AM,41,0,5.9,7.5,11.87157,29.71177,3,1,-0.3003,-0.21601,379.6356,0.81202,-0.53213,3,144.5826,39.70374,0.04784,0.06691,0.27003,-0.19393,-1.57482,0.21343,0.23914,0.30503,0.3101,0.2394,0.26366,0.12315,0.1,0.40608,0.38077,11103,93035,67816
Zillow Group Inc,0,1,2,,0.53725,Internet,93.15,0.59942,Z,C,185,Z     230120C00185000,66414,1/20/2023 12:00:00 AM,841,1,5.15,6.2,10.74263,22.36609,3,1,-0.23359,-0.18529,444.7823,0.40488,-0.32976,2,88,94.00603,0.04092,0.05529,1.10227,-0.98604,-1.72219,0.50114,0.53272,0.65388,0.19903,0.13509,0.1498,0.24699,0.1,0.57819,0.55287,13634,110080,47163
Zendesk Inc,0,1,2,,0.41747,E-Commerce,120.89,0.42692,ZEN,C,185,ZEN   230120C00185000,285261,1/20/2023 12:00:00 AM,40,0,4.5,5.6,9.65907,21.62688,3,1,-0.25432,-0.19497,421.0731,0.6039,-0.43664,2,116.39,63.42997,0.02703,0.03722,0.58948,-0.53032,-1.47812,0.32589,0.35183,0.43704,0.22194,0.15226,0.17078,0.16559,0.1,0.39755,0.37224,12876,96456,53077
Zillow Group Inc,0,1,2,,0.53725,Internet,93.15,0.59942,Z,C,190,Z     230120C00190000,15692,1/20/2023 12:00:00 AM,4396,202,4.55,5.15,10.97117,20.02521,3,1,-0.26559,-0.23701,479.6581,0.42879,-0.34151,2,88.6,99.59823,0.03591,0.04885,1.14447,-1.03972,-1.57217,0.49389,0.51311,0.6725,0.19632,0.12221,0.13127,0.23321,0.1,0.51377,0.48846,9512,95537,56512
iShares Biotechnology ETF,0.00167,1,0,d,0.24208,ETF,170.41,0.25037,IBB,C,195,IBB   230120C00195000,452509,1/20/2023 12:00:00 AM,5,2,8.6,9.8,13.20733,36.79857,3,1,-0.23183,-0.17052,322.106,0.82239,-0.54129,2,161.403,29.85683,0.03883,0.05285,0.20751,-0.1443,-1.75798,0.19596,0.2116,0.2551,0.35692,0.31655,0.32922,0.1216,0.1,0.52998,0.50467,14868,110248,46693
iShares Biotechnology ETF,0.00167,1,0,d,0.24208,ETF,170.41,0.25037,IBB,C,210,IBB   230120C00210000,332970,1/20/2023 12:00:00 AM,23,0,5.85,6.55,9.9101,26.88717,3,1,-0.2199,-0.18035,362.1211,0.92362,-0.56818,2,164.153,35.49492,0.02653,0.03672,0.27852,-0.23232,-1.54219,0.20451,0.21488,0.26216,0.27652,0.2235,0.23462,0.10827,0.1,0.3686,0.34329,14064,111330,43556
iShares Biotechnology ETF,0.00167,1,0,d,0.24208,ETF,170.41,0.25037,IBB,C,215,IBB   230120C00215000,91613,1/20/2023 12:00:00 AM,513,375,5.05,5.5,9.0606,23.7851,3,1,-0.22477,-0.19771,382.1178,0.97576,-0.58167,2,164.953,37.39893,0.02302,0.03202,0.30258,-0.26166,-1.43259,0.20542,0.21259,0.26498,0.25426,0.19688,0.20495,0.10248,0.1,0.32166,0.29634,12668,110917,44810
iShares Biotechnology ETF,0.00167,1,0,d,0.24208,ETF,170.41,0.25037,IBB,C,220,IBB   230120C00220000,169536,1/20/2023 12:00:00 AM,160,0,4.2,4.75,8.30957,20.935,3,1,-0.24019,-0.20489,402.6548,1.02766,-0.59528,2,165.803,39.23235,0.01934,0.02703,0.32602,-0.291,-1.32072,0.20359,0.21305,0.26795,0.23406,0.16981,0.18075,0.09731,0.1,0.27178,0.24646,12034,109498,49031
Innovative Industrial Properties Inc,0.02439,1,3,,0.55202,R.E.I.T.,227.97,0.56219,IIPR,C,320,IIPR  230120C00320000,326175,1/20/2023 12:00:00 AM,24,0,14.6,16.7,25.7187,30.15165,3,1,-0.23508,-0.18855,386.5839,0.47633,-0.37232,2,205.4182,63.63573,0.07224,0.09892,0.53462,-0.40369,-3.77476,0.37632,0.39921,0.49197,0.27671,0.21924,0.23259,0.20994,0.1,0.66575,0.64044,13360,109930,47610
Innovative Industrial Properties Inc,0.02439,1,3,,0.55202,R.E.I.T.,227.97,0.56219,IIPR,C,330,IIPR  230120C00330000,333996,1/20/2023 12:00:00 AM,22,0,12.7,15.4,24.86502,27.77231,3,1,-0.25911,-0.19805,404.2359,0.49039,-0.38079,2,207.3182,67.02864,0.06564,0.09059,0.56784,-0.44756,-3.61318,0.37128,0.40188,0.50113,0.26332,0.19639,0.2149,0.20392,0.1,0.5824,0.55709,12637,96052,54519
Etsy Inc,0,1,3,,0.56235,Internet,194.68,0.64425,ETSY,C,340,ETSY  230120C00340000,189898,1/20/2023 12:00:00 AM,123,9,10.85,12.15,26.22716,23.7314,3,1,-0.30024,-0.27167,471.3152,0.44995,-0.3545,3,183.83,89.36844,0.04127,0.05573,0.84953,-0.74646,-3.28126,0.44277,0.46085,0.63275,0.2409,0.15739,0.16707,0.22224,0.1,0.58264,0.55732,7229,93038,67799
Innovative Industrial Properties Inc,0.02439,1,3,,0.55202,R.E.I.T.,227.97,0.56219,IIPR,C,340,IIPR  230120C00340000,671068,1/20/2023 12:00:00 AM,0,3,11.6,14.1,24.15061,25.81972,3,1,-0.26816,-0.21064,418.9756,0.50045,-0.38563,2,208.4182,70.15119,0.06188,0.08576,0.60626,-0.49142,-3.49162,0.37373,0.4031,0.51067,0.25136,0.17989,0.19792,0.19982,0.1,0.53415,0.50884,11542,95362,57283
Salesforce Com Inc,0,1,3,,0.33243,E-Commerce,246.54,0.44345,CRM,C,350,CRM   230120C00350000,70400,1/20/2023 12:00:00 AM,772,3,9.35,12.5,22.25767,24.16189,3,1,-0.30789,-0.22619,425.2935,0.63913,-0.45665,3,237.19,58.86863,0.02756,0.03792,0.47561,-0.41965,-2.94324,0.29011,0.32436,0.41917,0.25832,0.17437,0.20099,0.15646,0.1,0.40456,0.37925,10304,92557,70541
Etsy Inc,0,1,3,,0.56235,Internet,194.68,0.64425,ETSY,C,350,ETSY  230120C00350000,307073,1/20/2023 12:00:00 AM,30,5,9.6,11.3,26.07111,22.00095,3,1,-0.32166,-0.28352,491.1845,0.46003,-0.36103,3,185.08,93.32297,0.03627,0.04931,0.89107,-0.79782,-3.13239,0.43827,0.46291,0.64609,0.23379,0.14211,0.15532,0.21738,0.1,0.51843,0.49312,6565,91657,75788
Salesforce Com Inc,0,1,3,,0.33243,E-Commerce,246.54,0.44345,CRM,C,360,CRM   230120C00360000,35589,1/20/2023 12:00:00 AM,1890,0,8.05,9.75,22.73534,20.93734,3,1,-0.34249,-0.29687,475.987,0.69362,-0.47545,3,238.49,64.38043,0.0236,0.03265,0.5095,-0.46021,-2.63772,0.28912,0.30918,0.43972,0.25086,0.15345,0.16968,0.14417,0.1,0.35183,0.32652,5961,90427,84304
Etsy Inc,0,1,3,,0.56235,Internet,194.68,0.64425,ETSY,C,360,ETSY  230120C00360000,410284,1/20/2023 12:00:00 AM,9,0,9,10,25.98015,20.40624,3,1,-0.32968,-0.30666,511.8783,0.47219,-0.36603,3,185.68,97.21051,0.03389,0.04623,0.93882,-0.84919,-2.98805,0.44209,0.45727,0.65952,0.22743,0.13245,0.14054,0.21178,0.1,0.48761,0.4623,5583,91162,79018
Twilio Inc,0,1,3,,0.60077,E-Commerce,344.8,0.61781,TWLO,C,620,TWLO  230120C00620000,516787,1/20/2023 12:00:00 AM,2,0,13.9,18.75,34.66593,20.37533,3,1,-0.27855,-0.20561,455.2323,0.48394,-0.37853,2,330.9,84.05564,0.02937,0.04031,0.87368,-0.79814,-5.09267,0.41126,0.45284,0.57005,0.20509,0.12682,0.14993,0.20664,0.1,0.42845,0.40313,11970,94562,60521
Micron Technology Inc,0.00533,1,3,,0.46617,Semiconductor,70.72,0.46596,MU,C,120,MU    230616C00120000,190525,6/16/2023 12:00:00 AM,122,13,3.4,3.65,7.70761,22.02669,3,1,-0.27252,-0.25461,404.4953,0.49745,-0.37994,2,66.62912,71.89428,0.03289,0.05785,0.7923,-0.69683,-0.83514,0.36221,0.37113,0.4979,0.22639,0.15102,0.15691,0.20102,0.1,0.51321,0.48077,8279,95030,58639
